prompt,answer,prediction,start_date,end_date,index,primary_driver
"[Company Introduction]:\n\nMeta Platforms Inc is a leading entity in the Media sector. Incorporated and publicly traded since 2012-05-18, the company has established its reputation as one of the key players in the market. As of today, Meta Platforms Inc has a market capitalization of 1617119.55 in USD, with 2529.56 shares outstanding.\n\nMeta Platforms Inc operates primarily in the US, trading under the ticker META on the NASDAQ NMS - GLOBAL MARKET. As a dominant force in the Media space, the company continues to innovate and drive progress within the industry.\n\n[QUANT SIGNALS - STRUCTURAL]:\n- Price Move: META decreased by 2.25% (174.31 -> 170.39)\n- Alpha vs Nasdaq-100: -1.51% (Underperformed)\n- Market Context (VIX): N/A\n- Volume Status: Normal (Z-Score: -0.7)\n- Volatility (ATR): 5.84 (High)\n- Weekly RSI (Trend Strength): 77.6 (Overbought)\n\n[TECHNICALS - DAILY]:\n- Daily RSI: 30.1 (Neutral)\n- Trend: Strong Uptrend\n- MACD: Bearish Crossover\n- Mean Reversion: 16.9% from SMA50 (Overextended)\n\n[NEWS]:\n\nNo relative news reported.\n\n[QUANT SIGNALS - STRUCTURAL]:\n- Price Move: META increased by 7.78% (171.88 -> 185.25)\n- Alpha vs Nasdaq-100: +5.83% (Outperformed)\n- Market Context (VIX): N/A\n- Volume Status: Normal (Z-Score: 0.9)\n- Volatility (ATR): 5.43 (Normal)\n- Weekly RSI (Trend Strength): 76.6 (Overbought)\n\n[TECHNICALS - DAILY]:\n- Daily RSI: 65.1 (Neutral)\n- Trend: Strong Uptrend\n- MACD: Bearish Crossover\n- Mean Reversion: 22.3% from SMA50 (Overextended)\n\n[NEWS]:\n\nNo relative news reported.\n[Basic Financials]:\n\nNo basic financial reported.\n\nBased on all the information before 2023-03-06, let's first analyze the positive developments and potential concerns for META. Come up with 2-4 most important factors respectively and keep them concise. Integrate both quantitative signals and news to explain the movement. Then let's assume your prediction for the coming trading week (2023-03-06 pre-market to 2023-03-10 close) is down by 4-5%. Pay special attention to [WEEKEND NEWS - PRE-MARKET], because this information is available before Monday open. Provide a summary analysis to support your prediction. Before writing the analysis, cross-reference the [QUANT SIGNALS] with the [NEWS]. If the prediction is down by 4-5% but the technicals show a conflict (e.g., predicting 'Up' when Trend is 'Strong Downtrend'), explain this divergence logically (e.g., as a 'trend reversal' or 'short squeeze') rather than ignoring the data. The prediction result need to be inferred from your analysis at the end, and thus not appearing as a foundational factor of your analysis.","[Positive Developments]:
1. Strong Relative Outperformance: In the second period, META gained 7.78% and generated significant Alpha (+5.83%) against the Nasdaq-100, indicating strong institutional buying pressure and positive investor sentiment independent of market direction.
2. Robust Technical Uptrend: The stock maintains a ""Strong Uptrend"" structure on daily charts and has recently reclaimed bullish momentum, suggesting underlying strength despite being overextended.

[Potential Concerns]:
1. Severely Overbought and Overextended Conditions: The Weekly RSI at ~77 and the price over 22% above its SMA50 signal extreme overextension. Historically, such levels create vulnerability to sharp pullbacks or consolidation, even within a strong uptrend.
2. Bearish Divergence in Momentum: The Daily MACD shows a Bearish Crossover, which conflicts with the recent price surge. This suggests the rally may be losing momentum internally, increasing the risk of a near-term correction.
3. High Volatility and No Fundamental Catalyst: The elevated Average True Range (ATR) indicates a volatile trading environment. The complete absence of company-specific news to justify the large weekly move implies the price action is being driven by market flows and technical positioning, which can reverse quickly.

[Prediction & Analysis]:
For the week of 2023-03-06 to 2023-03-10, the prediction is for META's price to move **down by 4-5%**.

The analysis is rooted in the following hierarchy:
1. **Technical Reality**: The technical setup is the primary constraint. A Weekly RSI of 76.6 and a 22.3% premium to the SMA50 define a severely overbought and overextended state. The Daily MACD's bearish crossover further signals waning upside momentum. These conditions severely limit the potential for further immediate gains without a massive, unexpected positive catalyst. The path of least resistance is a mean reversion pullback towards the rising 50-day moving average.
2. **Relative Performance**: While last week's Alpha was strongly positive, it occurred on normal volume (Z-Score 0.9), not extreme volume that would signal a sustainable breakout. This performance is now baked into the overextended price.
3. **News Catalyst**: There is no new positive fundamental catalyst (""No relative news reported"") to justify a continued rally or to break the technical overbought condition. The prior week's move is best analyzed as a **beta-driven momentum surge** within its sector, possibly fueled by short-covering or algorithmic trend-following, not a fundamental re-rating.
4. **Dealing with ""No News""**: The significant 7.78% move in the absence of news is explicitly attributed to **market mechanics**: likely a combination of institutional sector rotation into tech (flow), short-squeeze dynamics, and technical breakout trading. These flows are fickle and can reverse, especially when the technical structure becomes as stretched as it currently is.

Given the extreme overbought readings and the lack of a fresh narrative to sustain the rally, the most probable outcome is a technical correction. A 4-5% decline would begin to alleviate the overbought condition on the weekly RSI and start a process of mean reversion without necessarily breaking the larger uptrend.

[Primary Driver]:
Technical",down by 4-5%,2023-03-06,2023-03-10,1,Technical
"[Company Introduction]:\n\nMeta Platforms Inc is a leading entity in the Media sector. Incorporated and publicly traded since 2012-05-18, the company has established its reputation as one of the key players in the market. As of today, Meta Platforms Inc has a market capitalization of 1617119.55 in USD, with 2529.56 shares outstanding.\n\nMeta Platforms Inc operates primarily in the US, trading under the ticker META on the NASDAQ NMS - GLOBAL MARKET. As a dominant force in the Media space, the company continues to innovate and drive progress within the industry.\n\n[QUANT SIGNALS - STRUCTURAL]:\n- Price Move: META decreased by 2.25% (174.31 -> 170.39)\n- Alpha vs Nasdaq-100: -1.51% (Underperformed)\n- Market Context (VIX): N/A\n- Volume Status: Normal (Z-Score: -0.7)\n- Volatility (ATR): 5.84 (High)\n- Weekly RSI (Trend Strength): 77.6 (Overbought)\n\n[TECHNICALS - DAILY]:\n- Daily RSI: 30.1 (Neutral)\n- Trend: Strong Uptrend\n- MACD: Bearish Crossover\n- Mean Reversion: 16.9% from SMA50 (Overextended)\n\n[NEWS]:\n\nNo relative news reported.\n\n[QUANT SIGNALS - STRUCTURAL]:\n- Price Move: META increased by 7.78% (171.88 -> 185.25)\n- Alpha vs Nasdaq-100: +5.83% (Outperformed)\n- Market Context (VIX): N/A\n- Volume Status: Normal (Z-Score: 0.9)\n- Volatility (ATR): 5.43 (Normal)\n- Weekly RSI (Trend Strength): 76.6 (Overbought)\n\n[TECHNICALS - DAILY]:\n- Daily RSI: 65.1 (Neutral)\n- Trend: Strong Uptrend\n- MACD: Bearish Crossover\n- Mean Reversion: 22.3% from SMA50 (Overextended)\n\n[NEWS]:\n\nNo relative news reported.\n\n[QUANT SIGNALS - STRUCTURAL]:\n- Price Move: META decreased by 4.52% (188.00 -> 179.51)\n- Alpha vs Nasdaq-100: -0.69% (Underperformed)\n- Market Context (VIX): N/A\n- Volume Status: Normal (Z-Score: -0.3)\n- Volatility (ATR): 5.75 (High)\n- Weekly RSI (Trend Strength): 79.8 (Overbought)\n\n[TECHNICALS - DAILY]:\n- Daily RSI: 60.8 (Neutral)\n- Trend: Strong Uptrend\n- MACD: Bearish Crossover\n- Mean Reversion: 13.6% from SMA50 (Normal)\n\n[NEWS]:\n\nNo relative news reported.\n[Basic Financials]:\n\nNo basic financial reported.\n\nBased on all the information before 2023-03-13, let's first analyze the positive developments and potential concerns for META. Come up with 2-4 most important factors respectively and keep them concise. Integrate both quantitative signals and news to explain the movement. Then let's assume your prediction for the coming trading week (2023-03-13 pre-market to 2023-03-17 close) is up by more than 5%. Pay special attention to [WEEKEND NEWS - PRE-MARKET], because this information is available before Monday open. Provide a summary analysis to support your prediction. Before writing the analysis, cross-reference the [QUANT SIGNALS] with the [NEWS]. If the prediction is up by more than 5% but the technicals show a conflict (e.g., predicting 'Up' when Trend is 'Strong Downtrend'), explain this divergence logically (e.g., as a 'trend reversal' or 'short squeeze') rather than ignoring the data. The prediction result need to be inferred from your analysis at the end, and thus not appearing as a foundational factor of your analysis.","[Positive Developments]:
1. **Strong Relative Outperformance on March 8**: META surged +7.78% with significant alpha (+5.83%) against the Nasdaq-100 on normal volume, indicating a powerful, broad-based institutional inflow or sector rotation into the stock without needing a specific news catalyst.
2. **Resilient Uptrend Structure**: Despite pullbacks, the primary ""Strong Uptrend"" remains intact. The March 8 rally pushed the price to a highly overextended +22.3% above its SMA50, demonstrating explosive momentum that can override short-term bearish signals.
3. **Healthy Daily RSI Cooling**: The daily RSI cooled from an oversold condition (30.1 on March 1) to a neutral 60.8 by March 10, providing room for upward momentum to rebuild without being immediately overbought on a shorter timeframe.

[Potential Concerns]:
1. **Severely Overbought Weekly Condition**: The Weekly RSI is deeply overbought (79.8 as of March 10), which defines a major technical boundary. Historically, such levels precede significant consolidations or pullbacks, limiting the scope for sustained weekly gains.
2. **Persistent Bearish MACD Divergence**: The daily MACD maintains a bearish crossover across all reported periods, signaling weakening intermediate momentum beneath the surface of the strong price uptrend. This is a classic divergence warning.
3. **Volatility and Underperformance in Downticks**: On down days (March 1 & March 10), META underperformed its index (negative alpha) with high Average True Range (ATR), indicating the stock is prone to sharper, beta-exacerbated sell-offs when sentiment shifts.

[Prediction & Analysis]:
**Prediction for the week of 2023-03-13: Up by more than 5%.**

This prediction directly conflicts with the severely overbought Weekly RSI and bearish MACD, which normally argue for consolidation or a pullback. However, the analysis suggests the momentum surge on March 8 was a decisive market structure event, likely driven by **sector-level repricing and institutional flows** into mega-cap tech (a ""Flow"" driver). The absence of company-specific news during these large moves reinforces that this is a macro/sector rotation narrative.

The key is the **Alpha behavior**: META's ability to dramatically outperform the index (+5.83% alpha) on a major up day indicates it has become a favored vehicle for bullish tech exposure. This flow dominance can temporarily override overbought readings, as seen when the stock rallied from a 77.6 to a 76.6 Weekly RSI (it held the overbought level). The subsequent pullback on March 10 brought the mean reversion from ""Overextended"" to ""Normal"" (13.6% above SMA50), creating a potential springboard for the next leg higher within the prevailing uptrend.

For a >5% up week to materialize, we are anticipating a **momentum-driven continuation** from the March 8 flow event, potentially catalyzed by a broader market rally (beta) or a breakout above recent highs that triggers further algorithmic and momentum buying. The primary risk is the overbought weekly condition, which makes the stock vulnerable to a sharp reversal if the broad market falters. However, the evidence of strong institutional accumulation suggests the path of least resistance in the near term remains upward, pushing the stock further into overbought territory before a more significant correction.

[Primary Driver]:
Flow",up by more than 5%,2023-03-13,2023-03-17,2,Flow
"[Company Introduction]:\n\nMeta Platforms Inc is a leading entity in the Media sector. Incorporated and publicly traded since 2012-05-18, the company has established its reputation as one of the key players in the market. As of today, Meta Platforms Inc has a market capitalization of 1617119.55 in USD, with 2529.56 shares outstanding.\n\nMeta Platforms Inc operates primarily in the US, trading under the ticker META on the NASDAQ NMS - GLOBAL MARKET. As a dominant force in the Media space, the company continues to innovate and drive progress within the industry.\n\n[QUANT SIGNALS - STRUCTURAL]:\n- Price Move: META increased by 9.92% (177.96 -> 195.61)\n- Alpha vs Nasdaq-100: +4.87% (Outperformed)\n- Market Context (VIX): N/A\n- Volume Status: High (Z-Score: 1.7)\n- Volatility (ATR): 7.63 (High)\n- Weekly RSI (Trend Strength): 73.8 (Overbought)\n\n[TECHNICALS - DAILY]:\n- Daily RSI: 71.7 (Overbought)\n- Trend: Strong Uptrend\n- MACD: Bullish Crossover\n- Mean Reversion: 18.3% from SMA50 (Overextended)\n\n[NEWS]:\n\nNo relative news reported.\n\n[QUANT SIGNALS - STRUCTURAL]:\n- Price Move: META increased by 3.79% (198.48 -> 206.01)\n- Alpha vs Nasdaq-100: +2.19% (Outperformed)\n- Market Context (VIX): N/A\n- Volume Status: Normal (Z-Score: -0.5)\n- Volatility (ATR): 7.47 (High)\n- Weekly RSI (Trend Strength): 81.6 (Overbought)\n\n[TECHNICALS - DAILY]:\n- Daily RSI: 68.8 (Neutral)\n- Trend: Strong Uptrend\n- MACD: Bullish Crossover\n- Mean Reversion: 19.4% from SMA50 (Overextended)\n\n[NEWS]:\n\nNo relative news reported.\n[Basic Financials]:\n\nNo basic financial reported.\n\nBased on all the information before 2023-03-27, let's first analyze the positive developments and potential concerns for META. Come up with 2-4 most important factors respectively and keep them concise. Integrate both quantitative signals and news to explain the movement. Then let's assume your prediction for the coming trading week (2023-03-27 pre-market to 2023-03-31 close) is up by 3-4%. Pay special attention to [WEEKEND NEWS - PRE-MARKET], because this information is available before Monday open. Provide a summary analysis to support your prediction. Before writing the analysis, cross-reference the [QUANT SIGNALS] with the [NEWS]. If the prediction is up by 3-4% but the technicals show a conflict (e.g., predicting 'Up' when Trend is 'Strong Downtrend'), explain this divergence logically (e.g., as a 'trend reversal' or 'short squeeze') rather than ignoring the data. The prediction result need to be inferred from your analysis at the end, and thus not appearing as a foundational factor of your analysis.","[Positive Developments]:
1. Strong Momentum & Alpha Generation: META has exhibited a powerful uptrend over two consecutive weeks, gaining nearly 14% in total and significantly outperforming the Nasdaq-100 (+4.87% and +2.19% Alpha). This indicates strong relative demand and institutional conviction.
2. Bullish Technical Structure: The stock maintains a ""Strong Uptrend"" with a Bullish MACD crossover, signaling sustained buying pressure. The ability to rally on normal volume in the second week suggests the move is not solely dependent on panic buying.
3. Institutional/Flow Support: The initial week's move was accompanied by high volume (Z-Score: 1.7), suggesting significant institutional accumulation or flow-driven buying that provided a foundation for the continued rise.

[Potential Concerns]:
1. Extreme Overbought and Overextended Conditions: Weekly RSI at 81.6 and price at 19.4% above the 50-day SMA indicate the stock is deeply overextended. This creates a high risk for a sharp, momentum-driven pullback or consolidation as it becomes increasingly vulnerable to profit-taking.
2. Mean Reversion Risk: The significant premium to its moving average represents a technical imbalance. Historically, such extremes are unsustainable without a continuous, powerful narrative catalyst, which is currently absent based on the provided news.
3. Elevated Volatility: A high Average True Range (ATR) of ~7.5 suggests large daily price swings are the norm. In an overbought state, this volatility can easily swing to the downside on any minor negative trigger or broad market weakness.

[Prediction & Analysis]:
Prediction for the trading week of 2023-03-27 to 2023-03-31: **Up 3-4%**.

**Analysis:** This prediction requires reconciling a bullish short-term call with severely overbought technicals. The rationale is as follows:

1.  **Technical Reality & Momentum:** While the weekly RSI is deeply overbought, it is not a timing tool. In powerful, trending markets, stocks can remain overbought for extended periods. The daily RSI has actually cooled from 71.7 to a more neutral 68.8, providing a slight relief within the larger uptrend. The ""Strong Uptrend"" and Bullish MACD signals suggest the momentum is intact. The predicted 3-4% move would further extend the overbought condition, but such continuation is plausible in a momentum-driven ""melt-up"" scenario, especially if index-level flows remain supportive.

2.  **Relative Performance (Alpha):** META's consistent alpha generation vs. the NDX is critical. It shows the stock is a leader, attracting capital away from its peers. This leadership often persists in the short term as funds chase performance. As long as this alpha persists, it can offset broader market sluggishness.

3.  **News Catalyst / Attribution of Past Moves:** The past two weeks' significant gains occurred with ""No relative news reported."" This absence of a fundamental catalyst forces us to attribute the move to **market mechanics**: specifically, **sector-level repricing** and **institutional flows**. The high-volume initial surge points to a major repositioning by institutions, likely driven by a reassessment of the company's cost discipline, advertising outlook, or Metaverse investments. The second week's continuation on normal volume suggests the new price level is being accepted, reducing immediate sell pressure.

4.  **Weekend News & Forward Look:** The analysis incorporates data available pre-market on 2023-03-27. The lack of negative news over the weekend, combined with the established bullish flow and momentum, suggests a likelihood of continued upside at the open. The primary risk is that the overextension leads to intra-week volatility and a potential fade from higher levels. The prediction assumes the momentum and flow-driven buying can overpower the gravitational pull of mean reversion for one more week, leading to a final push higher before a more significant consolidation becomes probable.

[Primary Driver]:
Mixed

The move is a combination of a **Technical** setup (breakout from a prior trend, supported by MACD) and **Flow**-driven dynamics (high-volume institutional accumulation, sector rotation, and outperformance vs. the index). There is no specific ""Narrative"" catalyst from recent company news.",up by 3-4%,2023-03-27,2023-03-31,4,Mixed
"[Company Introduction]:\n\nMeta Platforms Inc is a leading entity in the Media sector. Incorporated and publicly traded since 2012-05-18, the company has established its reputation as one of the key players in the market. As of today, Meta Platforms Inc has a market capitalization of 1617119.55 in USD, with 2529.56 shares outstanding.\n\nMeta Platforms Inc operates primarily in the US, trading under the ticker META on the NASDAQ NMS - GLOBAL MARKET. As a dominant force in the Media space, the company continues to innovate and drive progress within the industry.\n\n[QUANT SIGNALS - STRUCTURAL]:\n- Price Move: META decreased by 2.25% (174.31 -> 170.39)\n- Alpha vs Nasdaq-100: -1.51% (Underperformed)\n- Market Context (VIX): N/A\n- Volume Status: Normal (Z-Score: -0.7)\n- Volatility (ATR): 5.84 (High)\n- Weekly RSI (Trend Strength): 77.6 (Overbought)\n\n[TECHNICALS - DAILY]:\n- Daily RSI: 30.1 (Neutral)\n- Trend: Strong Uptrend\n- MACD: Bearish Crossover\n- Mean Reversion: 16.9% from SMA50 (Overextended)\n\n[NEWS]:\n\nNo relative news reported.\n[Basic Financials]:\n\nNo basic financial reported.\n\nBased on all the information before 2023-02-27, let's first analyze the positive developments and potential concerns for META. Come up with 2-4 most important factors respectively and keep them concise. Integrate both quantitative signals and news to explain the movement. Then let's assume your prediction for the coming trading week (2023-02-27 pre-market to 2023-03-03 close) is up by more than 5%. Pay special attention to [WEEKEND NEWS - PRE-MARKET], because this information is available before Monday open. Provide a summary analysis to support your prediction. Before writing the analysis, cross-reference the [QUANT SIGNALS] with the [NEWS]. If the prediction is up by more than 5% but the technicals show a conflict (e.g., predicting 'Up' when Trend is 'Strong Downtrend'), explain this divergence logically (e.g., as a 'trend reversal' or 'short squeeze') rather than ignoring the data. The prediction result need to be inferred from your analysis at the end, and thus not appearing as a foundational factor of your analysis.","[Positive Developments]:
1. Strong Uptrend Persists: Daily technicals indicate a ""Strong Uptrend,"" suggesting underlying bullish momentum and investor confidence despite recent price drops.
2. Daily RSI Near Oversold: The Daily RSI at 30.1 (neutral but leaning towards oversold) provides a potential buying opportunity if short-term sellers exhaust, supporting a rebound scenario.

[Potential Concerns]:
1. Overbought Weekly Conditions: Weekly RSI at 77.6 (Overbought) signals elevated risk of a broader correction or consolidation, as the stock may be overvalued in the medium term.
2. Bearish Technical Signals: MACD shows a bearish crossover, and the stock is overextended by 16.9% from its SMA50, indicating vulnerability to mean reversion and further downside pressure.
3. Underperformance and High Volatility: META underperformed the Nasdaq-100 by -1.51%, coupled with high volatility (ATR: 5.84), reflecting instability and potential institutional selling or sector rotation.

[Prediction & Analysis]:
Assuming a prediction of up by more than 5% for the trading week from 2023-02-27 pre-market to 2023-03-03 close, this outlook is supported by a technical rebound thesis. Despite the conflicts with overbought weekly RSI and bearish MACD, the daily RSI at 30.1 suggests short-term oversold conditions after a 2.25% drop, which could attract buyers seeking entry points within the strong uptrend. The absence of negative news implies the recent decline was driven by market mechanics, such as profit-taking or broad market flows, rather than fundamental deterioration. High volatility may amplify upward movements if positive sentiment resurges, potentially reversing the underperformance relative to the Nasdaq-100. The divergence is logically explained as a short-term bounce from support levels, fueled by technical factors and possible institutional inflows, outweighing medium-term overbought warnings.

[Primary Driver]:
Technical",up by more than 5%,2023-02-27,2023-03-03,0,Technical
"[Company Introduction]:\n\nMeta Platforms Inc is a leading entity in the Media sector. Incorporated and publicly traded since 2012-05-18, the company has established its reputation as one of the key players in the market. As of today, Meta Platforms Inc has a market capitalization of 1617119.55 in USD, with 2529.56 shares outstanding.\n\nMeta Platforms Inc operates primarily in the US, trading under the ticker META on the NASDAQ NMS - GLOBAL MARKET. As a dominant force in the Media space, the company continues to innovate and drive progress within the industry.\n\n[QUANT SIGNALS - STRUCTURAL]:\n- Price Move: META increased by 3.16% (214.71 -> 221.49)\n- Alpha vs Nasdaq-100: +2.94% (Outperformed)\n- Market Context (VIX): N/A\n- Volume Status: Normal (Z-Score: -0.3)\n- Volatility (ATR): 5.13 (Normal)\n- Weekly RSI (Trend Strength): 84.3 (Overbought)\n\n[TECHNICALS - DAILY]:\n- Daily RSI: 70.9 (Overbought)\n- Trend: Strong Uptrend\n- MACD: Bearish Crossover\n- Mean Reversion: 15.4% from SMA50 (Overextended)\n\n[NEWS]:\n\nNo relative news reported.\n[Basic Financials]:\n\nNo basic financial reported.\n\nBased on all the information before 2023-04-17, let's first analyze the positive developments and potential concerns for META. Come up with 2-4 most important factors respectively and keep them concise. Integrate both quantitative signals and news to explain the movement. Then let's assume your prediction for the coming trading week (2023-04-17 pre-market to 2023-04-21 close) is down by 3-4%. Pay special attention to [WEEKEND NEWS - PRE-MARKET], because this information is available before Monday open. Provide a summary analysis to support your prediction. Before writing the analysis, cross-reference the [QUANT SIGNALS] with the [NEWS]. If the prediction is down by 3-4% but the technicals show a conflict (e.g., predicting 'Up' when Trend is 'Strong Downtrend'), explain this divergence logically (e.g., as a 'trend reversal' or 'short squeeze') rather than ignoring the data. The prediction result need to be inferred from your analysis at the end, and thus not appearing as a foundational factor of your analysis.","[Positive Developments]:
1. Strong Relative Outperformance: META rose 3.16% last week and generated significant alpha of +2.94% versus the Nasdaq-100, indicating strong institutional favor and momentum within the tech sector.
2. Robust Uptrend Intact: The stock is in a ""Strong Uptrend"" and is trading 15.4% above its 50-day moving average, signaling powerful bullish momentum and positive market sentiment.

[Potential Concerns]:
1. Severely Overbought Conditions: Both the Daily RSI (70.9) and, more critically, the Weekly RSI (84.3) are in extreme overbought territory. This creates a high risk of a technical pullback or consolidation as momentum exhausts.
2. Bearish Divergence in Momentum: The daily MACD shows a bearish crossover, which is a warning sign of decelerating upward momentum despite the price hitting new highs. This divergence often precedes a pause or reversal.
3. Absence of Catalysts: There is no company-specific news or fresh financial data to justify or sustain the recent move, making the rally vulnerable to a sentiment shift or profit-taking.

[Prediction & Analysis]:
**Analysis:** The price action for META presents a classic conflict between trend strength and technical exhaustion. The stock's powerful uptrend and alpha generation confirm its leadership status. However, the move occurred without a fundamental catalyst, pointing to a momentum-driven ""melt-up"" likely fueled by sector-wide risk-on flows and trend-following behavior. The extreme weekly RSI reading of 84.3 is a major red flag; historically, such levels are unsustainable without a continuous influx of new, significant positive news. The bearish MACD crossover suggests the internal momentum is already waning. Given the stock's significant overextension from its mean (SMA50) and the absence of a narrative to propel it further, the path of least resistance in the coming week is for a mean-reversion pullback. The predicted decline of 3-4% would represent a healthy technical correction within the broader uptrend, cooling the overbought conditions without breaking the primary trend structure.

**Prediction:** For the trading week of 2023-04-17 to 2023-04-21, META's stock price is predicted to move **DOWN by 3-4%**.

[Primary Driver]:
Technical",down by 3-4%,2023-04-17,2023-04-21,7,Technical
"[Company Introduction]:\n\nMeta Platforms Inc is a leading entity in the Media sector. Incorporated and publicly traded since 2012-05-18, the company has established its reputation as one of the key players in the market. As of today, Meta Platforms Inc has a market capitalization of 1617119.55 in USD, with 2529.56 shares outstanding.\n\nMeta Platforms Inc operates primarily in the US, trading under the ticker META on the NASDAQ NMS - GLOBAL MARKET. As a dominant force in the Media space, the company continues to innovate and drive progress within the industry.\n\n[QUANT SIGNALS - STRUCTURAL]:\n- Price Move: META increased by 3.48% (204.81 -> 211.94)\n- Alpha vs Nasdaq-100: -0.46% (Underperformed)\n- Market Context (VIX): N/A\n- Volume Status: Normal (Z-Score: -0.4)\n- Volatility (ATR): 6.86 (High)\n- Weekly RSI (Trend Strength): 82.5 (Overbought)\n\n[TECHNICALS - DAILY]:\n- Daily RSI: 73.9 (Overbought)\n- Trend: Strong Uptrend\n- MACD: Bullish Crossover\n- Mean Reversion: 18.1% from SMA50 (Overextended)\n\n[NEWS]:\n\nNo relative news reported.\n\n[QUANT SIGNALS - STRUCTURAL]:\n- Price Move: META increased by 3.48% (208.84 -> 216.10)\n- Alpha vs Nasdaq-100: +4.13% (Outperformed)\n- Market Context (VIX): N/A\n- Volume Status: Normal (Z-Score: -0.2)\n- Volatility (ATR): 5.65 (Normal)\n- Weekly RSI (Trend Strength): 84.1 (Overbought)\n\n[TECHNICALS - DAILY]:\n- Daily RSI: 74.2 (Overbought)\n- Trend: Strong Uptrend\n- MACD: Bullish Crossover\n- Mean Reversion: 16.6% from SMA50 (Overextended)\n\n[NEWS]:\n\nNo relative news reported.\nSome recent basic financials of META, reported at 2023-03-31, are presented below:\n\n[Basic Financials]:\n\nassetTurnoverTTM: 0.6529\nbookValue: 124795\ncashRatio: 0.45510421181198535\ncurrentRatio: 2.0678\nebitPerShare: 2.7839\neps: 2.1992\nev: 542947.7\nevEbitdaTTM: 15.0272\nevRevenueTTM: 4.6269\nfcfMargin: 0.2498\nfcfPerShareTTM: 6.8453\ngrossMargin: 0.7829\nlongtermDebtTotalAsset: 0.0538\nlongtermDebtTotalCapital: 0.0733\nlongtermDebtTotalEquity: 0.0795\nnetDebtToTotalCapital: -0.0069\nnetDebtToTotalEquity: -0.0075\nnetMargin: 0.1993\noperatingMargin: 0.2523\npb: 4.3582\npeTTM: 25.3631\npfcfTTM: 30.9642\npretaxMargin: 0.2551\npsTTM: 4.6349\nptbv: 4.3916\nquickRatio: 1.919\nreceivablesTurnoverTTM: 10.4614\nroaTTM: 0.1193\nroeTTM: 0.1714\nroicTTM: 0.161\nrotcTTM: 0.2076\nsalesPerShare: 11.0343\nsgaToSale: 0.2171\ntangibleBookValue: 123846\ntotalDebtToEquity: 0.085\ntotalDebtToTotalAsset: 0.0575\ntotalDebtToTotalCapital: 0.0784\ntotalRatio: 3.0905\n\nBased on all the information before 2023-04-10, let's first analyze the positive developments and potential concerns for META. Come up with 2-4 most important factors respectively and keep them concise. Integrate both quantitative signals and news to explain the movement. Then let's assume your prediction for the coming trading week (2023-04-10 pre-market to 2023-04-14 close) is up by 3-4%. Pay special attention to [WEEKEND NEWS - PRE-MARKET], because this information is available before Monday open. Provide a summary analysis to support your prediction. Before writing the analysis, cross-reference the [QUANT SIGNALS] with the [NEWS]. If the prediction is up by 3-4% but the technicals show a conflict (e.g., predicting 'Up' when Trend is 'Strong Downtrend'), explain this divergence logically (e.g., as a 'trend reversal' or 'short squeeze') rather than ignoring the data. The prediction result need to be inferred from your analysis at the end, and thus not appearing as a foundational factor of your analysis.","[Positive Developments]:
1. Strong Quantitative Momentum: META is in a strong uptrend with a bullish MACD crossover. The weekly price move of +3.48% on the second reading outperformed the Nasdaq-100 by +4.13%, indicating strong relative strength and positive alpha generation during that period.
2. Robust Fundamental Health: Financials (as of Q1 2023) show excellent profitability (Net Margin: 19.93%, ROE: 17.14%), strong free cash flow generation (FCF Margin: 24.98%), and a fortress balance sheet with a net cash position (negative net debt ratios) and high liquidity (Current Ratio: 2.07).
3. High Institutional/Growth Confidence: The stock is significantly overextended above its 50-day SMA (by ~16-18%), which, while a concern, also reflects powerful and sustained institutional buying pressure and conviction in the long-term narrative.

[Potential Concerns]:
1. Severely Overbought Technical Condition: Both the Daily RSI (~74) and Weekly RSI (>84) are deep in overbought territory. The +18% deviation from the 50-day SMA indicates the stock is extremely overextended and highly susceptible to a sharp technical pullback or consolidation.
2. Inconsistent Alpha and High Valuation: The initial Alpha reading showed underperformance (-0.46%), suggesting the rally may not be universally strong. Valuation multiples (P/E: 25.36, P/FCF: 30.96) are not cheap, leaving little room for error if growth momentum falters.
3. High Volatility and Absence of Fresh Catalysts: The Average True Range (ATR) remains elevated, and there is no recent company-specific news to justify the continued move. This increases the risk that the price action is being driven by momentum and flows rather than fundamental developments, making it more fragile.

[Prediction & Analysis]:
Prediction: Up 3-4% for the week of 2023-04-10.

Analysis: This prediction acknowledges a direct conflict with the severely overbought technical readings. The rationale for an upward move despite this condition rests on three pillars:
1. **Flow-Driven Momentum**: The absence of news, coupled with the stock's ability to rally and generate positive alpha in one of the observed periods, points to a market structure driven by sustained institutional inflows, likely into the tech/media sector. A ""normal"" volume Z-score suggests this is not frantic retail buying but steady accumulation.
2. **Fundamental Backstop**: The exceptionally strong financials provide a fundamental floor and justify a premium. The high free cash flow and net cash position make META a relative safe haven within growth stocks, attracting capital even at extended levels.
3. **Momentum Overbought Logic**: In powerful uptrends, overbought conditions can persist much longer than anticipated. The bullish MACD and strong trend suggest momentum is still intact. The predicted 3-4% rise is not a call for a new explosive breakout, but rather a continuation of the existing momentum grind higher, potentially fueled by systematic and momentum-based strategies, before a more significant consolidation or pullback becomes likely.

The key risk is that the move is purely technical/flow-based and therefore vulnerable to a sudden shift in market sentiment or sector rotation, which could trigger a swift mean reversion given the extreme extension from the 50-day SMA.

[Primary Driver]:
Mixed (with a strong leaning toward Flow). The move is a combination of a powerful technical uptrend and sector/market flows, underpinned by a solid fundamental narrative. The absence of recent news shifts the immediate driver away from a pure ""Narrative"" tag.",up by 3-4%,2023-04-10,2023-04-14,6,"Mixed (with a strong leaning toward Flow). The move is a combination of a powerful technical uptrend and sector/market flows, underpinned by a solid fundamental narrative. The absence of recent news shifts the immediate driver away from a pure ""Narrative"" tag."
"[Company Introduction]:\n\nMeta Platforms Inc is a leading entity in the Media sector. Incorporated and publicly traded since 2012-05-18, the company has established its reputation as one of the key players in the market. As of today, Meta Platforms Inc has a market capitalization of 1617119.55 in USD, with 2529.56 shares outstanding.\n\nMeta Platforms Inc operates primarily in the US, trading under the ticker META on the NASDAQ NMS - GLOBAL MARKET. As a dominant force in the Media space, the company continues to innovate and drive progress within the industry.\n\n[QUANT SIGNALS - STRUCTURAL]:\n- Price Move: META decreased by 4.52% (188.00 -> 179.51)\n- Alpha vs Nasdaq-100: -0.69% (Underperformed)\n- Market Context (VIX): N/A\n- Volume Status: Normal (Z-Score: -0.3)\n- Volatility (ATR): 5.75 (High)\n- Weekly RSI (Trend Strength): 79.8 (Overbought)\n\n[TECHNICALS - DAILY]:\n- Daily RSI: 60.8 (Neutral)\n- Trend: Strong Uptrend\n- MACD: Bearish Crossover\n- Mean Reversion: 13.6% from SMA50 (Normal)\n\n[NEWS]:\n\nNo relative news reported.\n\n[QUANT SIGNALS - STRUCTURAL]:\n- Price Move: META increased by 9.92% (177.96 -> 195.61)\n- Alpha vs Nasdaq-100: +4.87% (Outperformed)\n- Market Context (VIX): N/A\n- Volume Status: High (Z-Score: 1.7)\n- Volatility (ATR): 7.63 (High)\n- Weekly RSI (Trend Strength): 73.8 (Overbought)\n\n[TECHNICALS - DAILY]:\n- Daily RSI: 71.7 (Overbought)\n- Trend: Strong Uptrend\n- MACD: Bullish Crossover\n- Mean Reversion: 18.3% from SMA50 (Overextended)\n\n[NEWS]:\n\nNo relative news reported.\n[Basic Financials]:\n\nNo basic financial reported.\n\nBased on all the information before 2023-03-20, let's first analyze the positive developments and potential concerns for META. Come up with 2-4 most important factors respectively and keep them concise. Integrate both quantitative signals and news to explain the movement. Then let's assume your prediction for the coming trading week (2023-03-20 pre-market to 2023-03-24 close) is up by 3-4%. Pay special attention to [WEEKEND NEWS - PRE-MARKET], because this information is available before Monday open. Provide a summary analysis to support your prediction. Before writing the analysis, cross-reference the [QUANT SIGNALS] with the [NEWS]. If the prediction is up by 3-4% but the technicals show a conflict (e.g., predicting 'Up' when Trend is 'Strong Downtrend'), explain this divergence logically (e.g., as a 'trend reversal' or 'short squeeze') rather than ignoring the data. The prediction result need to be inferred from your analysis at the end, and thus not appearing as a foundational factor of your analysis.","[Positive Developments]:
1. Strong alpha generation with a 4.87% outperformance vs. Nasdaq-100 during the recent 9.92% rally, indicating robust relative strength and investor confidence.
2. High volume (Z-Score 1.7) accompanying the rally, suggesting institutional accumulation or broad market participation, which validates the price advance.
3. Bullish technical signals, including a MACD bullish crossover and a sustained strong uptrend, supporting continued upward momentum.
4. Resilience demonstrated by rebounding sharply from a prior 4.52% decline, reflecting underlying demand and a lack of persistent selling pressure.

[Potential Concerns]:
1. Overbought conditions with weekly RSI at 73.8-79.8, signaling elevated risk of a pullback or consolidation due to exhausted buying momentum.
2. Price is overextended at 18.3% above the SMA50, increasing vulnerability to mean reversion if the trend falters.
3. High volatility (ATR 7.63) implies potential for sharp price swings and corrections, adding uncertainty to near-term movements.
4. Initial underperformance (-0.69% alpha) in the earlier period, though reversed, may indicate lingering profit-taking tendencies or sensitivity to broad market shifts.

[Prediction & Analysis]:
For the upcoming trading week (2023-03-20 pre-market to 2023-03-24 close), I predict META's stock price will increase by 3-4%. This forecast is derived from the following integrated analysis:

- **Technical Reality**: While weekly RSI is overbought and the price is overextended from the SMA50, the daily RSI at 71.7 remains within a range that can sustain momentum in a strong uptrend. The MACD bullish crossover and the trend's strength suggest that upward movement is probable, albeit with heightened caution. The prior 4.52% decline with a bearish MACD likely represented a healthy correction, as the subsequent rally on high volume confirmed buyer dominance. Predicting a 3-4% rise despite overbought conditions aligns with trends where stocks can remain overbought during powerful advances, supported by momentum and institutional flows.

- **Relative Performance**: META's significant alpha (+4.87%) in the recent period highlights its leadership role, likely attracting momentum-driven inflows. The reversal from underperformance to outperformance underscores renewed market favor, which may persist in the short term.

- **News Catalyst**: No company-specific news has been reported, indicating that past price movements are not driven by narrative events. This absence necessitates a focus on market mechanics rather than fundamental catalysts for the coming week.

- **Dealing with ""No News""**: The 9.92% rally on high volume is best explained as a technical breakout fueled by institutional flows or sector rotation, given the lack of news. The high volume Z-Score (1.7) points to elevated buying pressure, possibly from beta-driven momentum or systematic strategies. For the upcoming week, this flow dynamic may continue, supporting further gains, though the pace may slow due to overbought signals.

- **Divergence Explanation**: The prediction of a 3-4% increase conflicts with overbought and overextended technicals, but this is logically explained by the trend's strength and flow support. In such contexts, stocks often experience ""melt-up"" phases where momentum overrides short-term overbought signals, with dips being bought. The prediction assumes this behavior will continue, leading to a moderate weekly gain.

[Primary Driver]:
Mixed – The anticipated move is driven by a combination of technical momentum (strong uptrend, bullish MACD) and flow dynamics (high volume, alpha-driven institutional interest), with no dominant narrative catalyst.",up by 3-4%,2023-03-20,2023-03-24,3,"Mixed – The anticipated move is driven by a combination of technical momentum (strong uptrend, bullish MACD) and flow dynamics (high volume, alpha-driven institutional interest), with no dominant narrative catalyst."
"[Company Introduction]:\n\nMeta Platforms Inc is a leading entity in the Media sector. Incorporated and publicly traded since 2012-05-18, the company has established its reputation as one of the key players in the market. As of today, Meta Platforms Inc has a market capitalization of 1617119.55 in USD, with 2529.56 shares outstanding.\n\nMeta Platforms Inc operates primarily in the US, trading under the ticker META on the NASDAQ NMS - GLOBAL MARKET. As a dominant force in the Media space, the company continues to innovate and drive progress within the industry.\n\n[QUANT SIGNALS - STRUCTURAL]:\n- Price Move: META increased by 3.16% (214.71 -> 221.49)\n- Alpha vs Nasdaq-100: +2.94% (Outperformed)\n- Market Context (VIX): N/A\n- Volume Status: Normal (Z-Score: -0.3)\n- Volatility (ATR): 5.13 (Normal)\n- Weekly RSI (Trend Strength): 84.3 (Overbought)\n\n[TECHNICALS - DAILY]:\n- Daily RSI: 70.9 (Overbought)\n- Trend: Strong Uptrend\n- MACD: Bearish Crossover\n- Mean Reversion: 15.4% from SMA50 (Overextended)\n\n[NEWS]:\n\nNo relative news reported.\n\n[QUANT SIGNALS - STRUCTURAL]:\n- Price Move: META decreased by 3.14% (219.79 -> 212.89)\n- Alpha vs Nasdaq-100: -2.44% (Underperformed)\n- Market Context (VIX): N/A\n- Volume Status: Normal (Z-Score: -0.5)\n- Volatility (ATR): 4.85 (Normal)\n- Weekly RSI (Trend Strength): 83.8 (Overbought)\n\n[TECHNICALS - DAILY]:\n- Daily RSI: 51.6 (Neutral)\n- Trend: Strong Uptrend\n- MACD: Bearish Crossover\n- Mean Reversion: 9.3% from SMA50 (Normal)\n\n[NEWS]:\n\nNo relative news reported.\n\n[QUANT SIGNALS - STRUCTURAL]:\n- Price Move: META increased by 12.47% (213.68 -> 240.32)\n- Alpha vs Nasdaq-100: +10.38% (Outperformed)\n- Market Context (VIX): N/A\n- Volume Status: High (Z-Score: 1.2)\n- Volatility (ATR): 6.60 (Normal)\n- Weekly RSI (Trend Strength): 77.7 (Overbought)\n\n[TECHNICALS - DAILY]:\n- Daily RSI: 73.1 (Overbought)\n- Trend: Strong Uptrend\n- MACD: Bullish Crossover\n- Mean Reversion: 20.6% from SMA50 (Overextended)\n\n[NEWS]:\n\nNo relative news reported.\n\n[QUANT SIGNALS - STRUCTURAL]:\n- Price Move: META decreased by 2.45% (238.62 -> 232.78)\n- Alpha vs Nasdaq-100: -2.66% (Underperformed)\n- Market Context (VIX): N/A\n- Volume Status: Normal (Z-Score: 0.2)\n- Volatility (ATR): 7.28 (High)\n- Weekly RSI (Trend Strength): 81.2 (Overbought)\n\n[TECHNICALS - DAILY]:\n- Daily RSI: 62.1 (Neutral)\n- Trend: Strong Uptrend\n- MACD: Bullish Crossover\n- Mean Reversion: 13.1% from SMA50 (Normal)\n\n[NEWS]:\n\nNo relative news reported.\n[Basic Financials]:\n\nNo basic financial reported.\n\nBased on all the information before 2023-05-08, let's first analyze the positive developments and potential concerns for META. Come up with 2-4 most important factors respectively and keep them concise. Integrate both quantitative signals and news to explain the movement. Then let's assume your prediction for the coming trading week (2023-05-08 pre-market to 2023-05-12 close) is up by 1-2%. Pay special attention to [WEEKEND NEWS - PRE-MARKET], because this information is available before Monday open. Provide a summary analysis to support your prediction. Before writing the analysis, cross-reference the [QUANT SIGNALS] with the [NEWS]. If the prediction is up by 1-2% but the technicals show a conflict (e.g., predicting 'Up' when Trend is 'Strong Downtrend'), explain this divergence logically (e.g., as a 'trend reversal' or 'short squeeze') rather than ignoring the data. The prediction result need to be inferred from your analysis at the end, and thus not appearing as a foundational factor of your analysis.","[Positive Developments]:
1. Strong Sustained Uptrend & Outperformance: META is in a powerful uptrend, recently posting a massive +12.47% weekly gain with significant alpha (+10.38%) over the Nasdaq-100, indicating strong relative strength and investor favor.
2. Momentum Confirmation: Despite recent minor pullbacks, the daily MACD has shown bullish crossovers, and the stock consistently finds support above its 50-day SMA. The high-volume surge during the +12% week suggests institutional buying interest.
3. Volatility & Trend Resilience: While experiencing pullbacks of -3.14% and -2.45%, these occurred on normal volume and were followed by stability or gains. The stock has shown an ability to digest gains without a major trend breakdown.

[Potential Concerns]:
1. Severely Overbought Conditions: Both the Weekly RSI (81.2) and the recent Daily RSI (73.1) readings are in overbought territory. The stock recently traded 20.6% above its 50-day SMA, a level from which short-term pullbacks are statistically common.
2. Underperformance on Down Days: On weeks when META fell (-3.14%, -2.45%), it underperformed the Nasdaq-100, suggesting it may be a source of funds or quick to sell off when broad market sentiment weakens slightly.
3. Rising Volatility (ATR): The Average True Range (ATR) spiked to 7.28 (High) during the latest pullback week, indicating increased intra-week price swings and potential nervousness at elevated levels.

[Prediction & Analysis]:
The prediction for a modest 1-2% gain in the coming week is framed against a highly extended technical backdrop. The primary narrative is absent, with all recent moves attributed to market flows and technical positioning. The most compelling technical reality is the extreme overbought weekly RSI, which strongly argues against a significant further rally without a major catalyst. However, the stock's demonstrated momentum and its ability to hold above key moving averages during pullbacks suggest the underlying trend is still intact.

The predicted small gain would likely be a function of **momentum continuation** rather than a fundamental re-rating. The path of least resistance may still be slightly higher as trend-following algorithms and funds participate, but the severely overextended condition will likely cap the upside and increase susceptibility to a sharper reversal if any negative market-wide news emerges. The move would be a battle between persistent bullish flow and the need for a technical consolidation. The recent pattern of minor pullbacks followed by stability supports a scenario of continued, but highly constrained, upward drift.

[Primary Driver]:
Mixed (Technical Momentum & Flow)",up by 1-2%,2023-05-08,2023-05-12,10,Mixed (Technical Momentum & Flow)
"[Company Introduction]:\n\nMeta Platforms Inc is a leading entity in the Media sector. Incorporated and publicly traded since 2012-05-18, the company has established its reputation as one of the key players in the market. As of today, Meta Platforms Inc has a market capitalization of 1617119.55 in USD, with 2529.56 shares outstanding.\n\nMeta Platforms Inc operates primarily in the US, trading under the ticker META on the NASDAQ NMS - GLOBAL MARKET. As a dominant force in the Media space, the company continues to innovate and drive progress within the industry.\n\n[QUANT SIGNALS - STRUCTURAL]:\n- Price Move: META increased by 3.79% (198.48 -> 206.01)\n- Alpha vs Nasdaq-100: +2.19% (Outperformed)\n- Market Context (VIX): N/A\n- Volume Status: Normal (Z-Score: -0.5)\n- Volatility (ATR): 7.47 (High)\n- Weekly RSI (Trend Strength): 81.6 (Overbought)\n\n[TECHNICALS - DAILY]:\n- Daily RSI: 68.8 (Neutral)\n- Trend: Strong Uptrend\n- MACD: Bullish Crossover\n- Mean Reversion: 19.4% from SMA50 (Overextended)\n\n[NEWS]:\n\nNo relative news reported.\n\n[QUANT SIGNALS - STRUCTURAL]:\n- Price Move: META increased by 3.48% (204.81 -> 211.94)\n- Alpha vs Nasdaq-100: -0.46% (Underperformed)\n- Market Context (VIX): N/A\n- Volume Status: Normal (Z-Score: -0.4)\n- Volatility (ATR): 6.86 (High)\n- Weekly RSI (Trend Strength): 82.5 (Overbought)\n\n[TECHNICALS - DAILY]:\n- Daily RSI: 73.9 (Overbought)\n- Trend: Strong Uptrend\n- MACD: Bullish Crossover\n- Mean Reversion: 18.1% from SMA50 (Overextended)\n\n[NEWS]:\n\nNo relative news reported.\nSome recent basic financials of META, reported at 2023-03-31, are presented below:\n\n[Basic Financials]:\n\nassetTurnoverTTM: 0.6529\nbookValue: 124795\ncashRatio: 0.45510421181198535\ncurrentRatio: 2.0678\nebitPerShare: 2.7839\neps: 2.1992\nev: 542947.7\nevEbitdaTTM: 15.0272\nevRevenueTTM: 4.6269\nfcfMargin: 0.2498\nfcfPerShareTTM: 6.8453\ngrossMargin: 0.7829\nlongtermDebtTotalAsset: 0.0538\nlongtermDebtTotalCapital: 0.0733\nlongtermDebtTotalEquity: 0.0795\nnetDebtToTotalCapital: -0.0069\nnetDebtToTotalEquity: -0.0075\nnetMargin: 0.1993\noperatingMargin: 0.2523\npb: 4.3582\npeTTM: 25.3631\npfcfTTM: 30.9642\npretaxMargin: 0.2551\npsTTM: 4.6349\nptbv: 4.3916\nquickRatio: 1.919\nreceivablesTurnoverTTM: 10.4614\nroaTTM: 0.1193\nroeTTM: 0.1714\nroicTTM: 0.161\nrotcTTM: 0.2076\nsalesPerShare: 11.0343\nsgaToSale: 0.2171\ntangibleBookValue: 123846\ntotalDebtToEquity: 0.085\ntotalDebtToTotalAsset: 0.0575\ntotalDebtToTotalCapital: 0.0784\ntotalRatio: 3.0905\n\nBased on all the information before 2023-04-03, let's first analyze the positive developments and potential concerns for META. Come up with 2-4 most important factors respectively and keep them concise. Integrate both quantitative signals and news to explain the movement. Then let's assume your prediction for the coming trading week (2023-04-03 pre-market to 2023-04-06 close) is up by 3-4%. Pay special attention to [WEEKEND NEWS - PRE-MARKET], because this information is available before Monday open. Provide a summary analysis to support your prediction. Before writing the analysis, cross-reference the [QUANT SIGNALS] with the [NEWS]. If the prediction is up by 3-4% but the technicals show a conflict (e.g., predicting 'Up' when Trend is 'Strong Downtrend'), explain this divergence logically (e.g., as a 'trend reversal' or 'short squeeze') rather than ignoring the data. The prediction result need to be inferred from your analysis at the end, and thus not appearing as a foundational factor of your analysis.","[Positive Developments]:
1. Strong Fundamental Health: Meta demonstrates robust profitability with a net margin of 19.93%, operating margin of 25.23%, and healthy free cash flow generation (FCF margin of 24.98%), underpinned by a solid balance sheet with low debt (net debt to total equity of -0.75%) and good liquidity (current ratio of 2.07).
2. Bullish Technical Momentum: The stock is in a strong uptrend with a bullish MACD crossover and has consistently outperformed in recent moves, indicating sustained buying pressure and positive market sentiment.
3. Efficient Operations: Key efficiency metrics like ROE (17.14%) and ROIC (16.10%) reflect effective capital allocation and operational execution, supporting long-term growth prospects.

[Potential Concerns]:
1. Overextended Technical Conditions: Weekly RSI at 82.5 and daily RSI at 73.9 signal overbought territory, compounded by the price being 18.1% above the SMA50, increasing vulnerability to a mean reversion pullback.
2. Elevated Volatility and Mixed Relative Performance: High ATR (6.86) suggests heightened price swings, while recent underperformance vs. the Nasdaq-100 (-0.46%) indicates potential weakening momentum or profit-taking.
3. Valuation Pressures: With a P/E TTM of 25.36 and P/S TTM of 4.63, the stock may be pricing in significant growth, leaving little room for disappointment if fundamentals decelerate.

[Prediction & Analysis]:
For the trading week from 2023-04-03 pre-market to 2023-04-06 close, I predict META's stock price will increase by 3-4%. This outlook is supported by the strong uptrend and bullish technical structure, despite overbought conditions. The absence of company-specific news implies that recent price movements are driven by market mechanics—specifically, sector-level repricing within the media/tech space and beta-driven momentum as the broader market remains favorable. The high volatility (ATR) and normal volume Z-scores suggest institutional or algorithmic flows are sustaining the rally, possibly fueled by positive sentiment around Meta's solid financials from Q1 2023. However, the overbought RSI and overextension from the SMA50 present a clear divergence; this is logically explained by a potential ""melt-up"" scenario where momentum buying overrides short-term technical warnings, often seen in strong trending markets. Investors should be cautious of increased reversal risk if volume spikes negatively or if market sentiment shifts, but the prevailing technical and flow dynamics support continued upward movement in the near term.

[Primary Driver]:
Mixed",up by 3-4%,2023-04-03,2023-04-06,5,Mixed
"[Company Introduction]:\n\nMeta Platforms Inc is a leading entity in the Media sector. Incorporated and publicly traded since 2012-05-18, the company has established its reputation as one of the key players in the market. As of today, Meta Platforms Inc has a market capitalization of 1617119.55 in USD, with 2529.56 shares outstanding.\n\nMeta Platforms Inc operates primarily in the US, trading under the ticker META on the NASDAQ NMS - GLOBAL MARKET. As a dominant force in the Media space, the company continues to innovate and drive progress within the industry.\n\n[QUANT SIGNALS - STRUCTURAL]:\n- Price Move: META increased by 3.48% (208.84 -> 216.10)\n- Alpha vs Nasdaq-100: +4.13% (Outperformed)\n- Market Context (VIX): N/A\n- Volume Status: Normal (Z-Score: -0.2)\n- Volatility (ATR): 5.65 (Normal)\n- Weekly RSI (Trend Strength): 84.1 (Overbought)\n\n[TECHNICALS - DAILY]:\n- Daily RSI: 74.2 (Overbought)\n- Trend: Strong Uptrend\n- MACD: Bullish Crossover\n- Mean Reversion: 16.6% from SMA50 (Overextended)\n\n[NEWS]:\n\nNo relative news reported.\n\n[QUANT SIGNALS - STRUCTURAL]:\n- Price Move: META increased by 3.16% (214.71 -> 221.49)\n- Alpha vs Nasdaq-100: +2.94% (Outperformed)\n- Market Context (VIX): N/A\n- Volume Status: Normal (Z-Score: -0.3)\n- Volatility (ATR): 5.13 (Normal)\n- Weekly RSI (Trend Strength): 84.3 (Overbought)\n\n[TECHNICALS - DAILY]:\n- Daily RSI: 70.9 (Overbought)\n- Trend: Strong Uptrend\n- MACD: Bearish Crossover\n- Mean Reversion: 15.4% from SMA50 (Overextended)\n\n[NEWS]:\n\nNo relative news reported.\n\n[QUANT SIGNALS - STRUCTURAL]:\n- Price Move: META decreased by 3.14% (219.79 -> 212.89)\n- Alpha vs Nasdaq-100: -2.44% (Underperformed)\n- Market Context (VIX): N/A\n- Volume Status: Normal (Z-Score: -0.5)\n- Volatility (ATR): 4.85 (Normal)\n- Weekly RSI (Trend Strength): 83.8 (Overbought)\n\n[TECHNICALS - DAILY]:\n- Daily RSI: 51.6 (Neutral)\n- Trend: Strong Uptrend\n- MACD: Bearish Crossover\n- Mean Reversion: 9.3% from SMA50 (Normal)\n\n[NEWS]:\n\nNo relative news reported.\n\n[QUANT SIGNALS - STRUCTURAL]:\n- Price Move: META increased by 12.47% (213.68 -> 240.32)\n- Alpha vs Nasdaq-100: +10.38% (Outperformed)\n- Market Context (VIX): N/A\n- Volume Status: High (Z-Score: 1.2)\n- Volatility (ATR): 6.60 (Normal)\n- Weekly RSI (Trend Strength): 77.7 (Overbought)\n\n[TECHNICALS - DAILY]:\n- Daily RSI: 73.1 (Overbought)\n- Trend: Strong Uptrend\n- MACD: Bullish Crossover\n- Mean Reversion: 20.6% from SMA50 (Overextended)\n\n[NEWS]:\n\nNo relative news reported.\n[Basic Financials]:\n\nNo basic financial reported.\n\nBased on all the information before 2023-05-01, let's first analyze the positive developments and potential concerns for META. Come up with 2-4 most important factors respectively and keep them concise. Integrate both quantitative signals and news to explain the movement. Then let's assume your prediction for the coming trading week (2023-05-01 pre-market to 2023-05-05 close) is down by 2-3%. Pay special attention to [WEEKEND NEWS - PRE-MARKET], because this information is available before Monday open. Provide a summary analysis to support your prediction. Before writing the analysis, cross-reference the [QUANT SIGNALS] with the [NEWS]. If the prediction is down by 2-3% but the technicals show a conflict (e.g., predicting 'Up' when Trend is 'Strong Downtrend'), explain this divergence logically (e.g., as a 'trend reversal' or 'short squeeze') rather than ignoring the data. The prediction result need to be inferred from your analysis at the end, and thus not appearing as a foundational factor of your analysis.","[Positive Developments]:
1. **Strong Alpha Generation**: META consistently outperformed the Nasdaq-100 (Q) in three out of the four observed periods, with significant alpha spikes of +4.13%, +2.94%, and +10.38%. This indicates robust relative strength and institutional favoritism.
2. **Powerful Bullish Momentum**: The stock is in a strong uptrend, confirmed by recent bullish MACD crossovers and a massive +12.47% weekly surge on high volume (Z-Score 1.2). This high-volume breakout suggests conviction behind the move.
3. **Sustained Trend Strength**: Despite minor pullbacks, the weekly RSI has remained elevated (consistently above 77.7), indicating persistent buying pressure and trend momentum over a longer timeframe.

[Potential Concerns]:
1. **Severe Overbought and Overextended Conditions**: Both daily and weekly RSI readings are deeply in overbought territory. More critically, the stock is trading 20.6% above its 50-day SMA, a level that historically presents a high risk for a sharp mean reversion pullback.
2. **Intermittent Weakness and Divergence**: The stock showed a period of underperformance (-2.44% Alpha) and a price decline, accompanied by bearish MACD crossovers on the daily chart. This signals that the uptrend is not monolithic and faces internal selling pressure.
3. **Absence of Fundamental Catalyst**: The most significant price surge (+12.47%) occurred on a ""No relative news reported"" week. This raises the question of sustainability, as the move appears driven by momentum and flows rather than a new, supportive fundamental narrative.

[Prediction & Analysis]:
**Technical Reality**: The primary constraint is the extreme overextension. With a Weekly RSI of 77.7, Daily RSI of 73.1, and a 20.6% premium to the SMA50, the stock is in a precarious technical position. The laws of mean reversion strongly suggest a high probability of a pullback or consolidation in the near term to alleviate these conditions.
**Relative Performance & Market Mechanics**: The recent powerful rally lacked a company-specific news catalyst. Therefore, it must be analyzed as a market-mechanical move. The high volume and significant alpha indicate it was likely driven by aggressive institutional sector rotation or momentum-chasing flows into the tech/media sector, rather than a change in company fundamentals. Such flow-driven moves can reverse quickly once the momentum stalls.
**Divergence from Trend**: While the overall trend is strongly up, predicting a 2-3% down week is a call for a short-term tactical pullback within the larger uptrend. The conflicting signal—a ""Strong Uptrend"" with a down prediction—is resolved by recognizing that even powerful trends do not move straight up. They require periodic corrections to maintain health. The extreme overbought readings and the overextension from the mean provide the specific trigger for this expected corrective move.
**Conclusion for Coming Week**: Given the severely overbought technical setup and the lack of a fresh narrative to justify further immediate expansion, the path of least resistance for the week of 2023-05-01 is down. The market is likely to digest the recent parabolic move, leading to a predicted decline of 2-3%. This would be a healthy consolidation that brings the price closer to its rising moving averages and resets the RSI from extreme levels.

[Primary Driver]:
Mixed (The anticipated down move is driven by **Technical** mean reversion pressures, following a rally that was itself driven by **Flow**-based institutional buying and sector momentum in the absence of news).",down by 2-3%,2023-05-01,2023-05-05,9,"Mixed (The anticipated down move is driven by **Technical** mean reversion pressures, following a rally that was itself driven by **Flow**-based institutional buying and sector momentum in the absence of news)."
"[Company Introduction]:\n\nMeta Platforms Inc is a leading entity in the Media sector. Incorporated and publicly traded since 2012-05-18, the company has established its reputation as one of the key players in the market. As of today, Meta Platforms Inc has a market capitalization of 1617119.55 in USD, with 2529.56 shares outstanding.\n\nMeta Platforms Inc operates primarily in the US, trading under the ticker META on the NASDAQ NMS - GLOBAL MARKET. As a dominant force in the Media space, the company continues to innovate and drive progress within the industry.\n\n[QUANT SIGNALS - STRUCTURAL]:\n- Price Move: META increased by 1.03% (231.42 -> 233.81)\n- Alpha vs Nasdaq-100: +0.62% (Outperformed)\n- Market Context (VIX): N/A\n- Volume Status: Normal (Z-Score: -0.6)\n- Volatility (ATR): 7.81 (High)\n- Weekly RSI (Trend Strength): 75.8 (Overbought)\n\n[TECHNICALS - DAILY]:\n- Daily RSI: 68.5 (Neutral)\n- Trend: Strong Uptrend\n- MACD: Bearish Crossover\n- Mean Reversion: 10.3% from SMA50 (Normal)\n\n[NEWS]:\n\nNo relative news reported.\n[Basic Financials]:\n\nNo basic financial reported.\n\nBased on all the information before 2023-05-15, let's first analyze the positive developments and potential concerns for META. Come up with 2-4 most important factors respectively and keep them concise. Integrate both quantitative signals and news to explain the movement. Then let's assume your prediction for the coming trading week (2023-05-15 pre-market to 2023-05-19 close) is up by 3-4%. Pay special attention to [WEEKEND NEWS - PRE-MARKET], because this information is available before Monday open. Provide a summary analysis to support your prediction. Before writing the analysis, cross-reference the [QUANT SIGNALS] with the [NEWS]. If the prediction is up by 3-4% but the technicals show a conflict (e.g., predicting 'Up' when Trend is 'Strong Downtrend'), explain this divergence logically (e.g., as a 'trend reversal' or 'short squeeze') rather than ignoring the data. The prediction result need to be inferred from your analysis at the end, and thus not appearing as a foundational factor of your analysis.","[Positive Developments]:
1. **Relative Outperformance:** META generated positive Alpha (+0.62%) against the Nasdaq-100, indicating underlying strength and institutional favor despite the broader market context not being specified.
2. **Strong Structural Uptrend:** The stock is in a ""Strong Uptrend"" and trades 10.3% above its 50-day moving average, confirming a sustained bullish momentum and technical health.
3. **High Volatility as Opportunity:** The high Average True Range (ATR) of 7.81 suggests significant daily price movement potential, which, when coupled with the uptrend, can facilitate rapid upward moves.
4. **Absence of Negative News/Selling Pressure:** With no negative news reported and volume at normal levels (Z-Score: -0.6), there is no evidence of panic selling or profit-taking that would disrupt the trend.

[Potential Concerns]:
1. **Overbought Weekly Condition:** The weekly RSI of 75.8 is in overbought territory, signaling that the stock is extended and increasing the risk of a short-term pullback or consolidation.
2. **Bearish Daily Momentum Signal:** The daily MACD has made a bearish crossover, which is a near-term warning sign that upward momentum may be slowing or reversing, creating a divergence with the strong overall trend.
3. **High Volatility as Risk:** The same high ATR that allows for upside also implies greater downside risk if sentiment shifts, especially in the absence of a fresh positive catalyst.
4. **Catalyst Void:** The lack of specific company news means the recent outperformance is likely driven by market flows or technical momentum, not a fundamental re-rating. This makes the stock susceptible to shifts in sector sentiment or broad market corrections.

[Prediction & Analysis]:
The prediction for a 3-4% rise in the coming week is made cautiously, acknowledging a clear conflict within the technical data. The structural trend is powerfully bullish, but near-term indicators (overbought weekly RSI, bearish MACD) suggest exhaustion. This divergence is typically resolved either through a pullback to relieve overbought conditions or a powerful continuation driven by momentum and flows that overrides standard signals. Given the stock's demonstrated relative strength (Alpha) and the high volatility environment, the path of least resistance in the immediate term could be a momentum-driven ""melt-up."" This move would likely be fueled by sector rotation into large-cap tech (Flow) and trend-following behavior, potentially squeezing any under-positioned market participants. However, such a move on already extended technicals would be fragile and could set the stage for a sharper reversal later. The absence of weekend news means the market will open trading based on this existing technical setup and broader market sentiment.

[Primary Driver]:
Mixed",up by 3-4%,2023-05-15,2023-05-19,11,Mixed
"[Company Introduction]:\n\nMeta Platforms Inc is a leading entity in the Media sector. Incorporated and publicly traded since 2012-05-18, the company has established its reputation as one of the key players in the market. As of today, Meta Platforms Inc has a market capitalization of 1617119.55 in USD, with 2529.56 shares outstanding.\n\nMeta Platforms Inc operates primarily in the US, trading under the ticker META on the NASDAQ NMS - GLOBAL MARKET. As a dominant force in the Media space, the company continues to innovate and drive progress within the industry.\n\n[QUANT SIGNALS - STRUCTURAL]:\n- Price Move: META increased by 3.48% (204.81 -> 211.94)\n- Alpha vs Nasdaq-100: -0.46% (Underperformed)\n- Market Context (VIX): N/A\n- Volume Status: Normal (Z-Score: -0.4)\n- Volatility (ATR): 6.86 (High)\n- Weekly RSI (Trend Strength): 82.5 (Overbought)\n\n[TECHNICALS - DAILY]:\n- Daily RSI: 73.9 (Overbought)\n- Trend: Strong Uptrend\n- MACD: Bullish Crossover\n- Mean Reversion: 18.1% from SMA50 (Overextended)\n\n[NEWS]:\n\nNo relative news reported.\n\n[QUANT SIGNALS - STRUCTURAL]:\n- Price Move: META increased by 3.48% (208.84 -> 216.10)\n- Alpha vs Nasdaq-100: +4.13% (Outperformed)\n- Market Context (VIX): N/A\n- Volume Status: Normal (Z-Score: -0.2)\n- Volatility (ATR): 5.65 (Normal)\n- Weekly RSI (Trend Strength): 84.1 (Overbought)\n\n[TECHNICALS - DAILY]:\n- Daily RSI: 74.2 (Overbought)\n- Trend: Strong Uptrend\n- MACD: Bullish Crossover\n- Mean Reversion: 16.6% from SMA50 (Overextended)\n\n[NEWS]:\n\nNo relative news reported.\n\n[QUANT SIGNALS - STRUCTURAL]:\n- Price Move: META increased by 3.16% (214.71 -> 221.49)\n- Alpha vs Nasdaq-100: +2.94% (Outperformed)\n- Market Context (VIX): N/A\n- Volume Status: Normal (Z-Score: -0.3)\n- Volatility (ATR): 5.13 (Normal)\n- Weekly RSI (Trend Strength): 84.3 (Overbought)\n\n[TECHNICALS - DAILY]:\n- Daily RSI: 70.9 (Overbought)\n- Trend: Strong Uptrend\n- MACD: Bearish Crossover\n- Mean Reversion: 15.4% from SMA50 (Overextended)\n\n[NEWS]:\n\nNo relative news reported.\n\n[QUANT SIGNALS - STRUCTURAL]:\n- Price Move: META decreased by 3.14% (219.79 -> 212.89)\n- Alpha vs Nasdaq-100: -2.44% (Underperformed)\n- Market Context (VIX): N/A\n- Volume Status: Normal (Z-Score: -0.5)\n- Volatility (ATR): 4.85 (Normal)\n- Weekly RSI (Trend Strength): 83.8 (Overbought)\n\n[TECHNICALS - DAILY]:\n- Daily RSI: 51.6 (Neutral)\n- Trend: Strong Uptrend\n- MACD: Bearish Crossover\n- Mean Reversion: 9.3% from SMA50 (Normal)\n\n[NEWS]:\n\nNo relative news reported.\n[Basic Financials]:\n\nNo basic financial reported.\n\nBased on all the information before 2023-04-24, let's first analyze the positive developments and potential concerns for META. Come up with 2-4 most important factors respectively and keep them concise. Integrate both quantitative signals and news to explain the movement. Then let's assume your prediction for the coming trading week (2023-04-24 pre-market to 2023-04-28 close) is up by more than 5%. Pay special attention to [WEEKEND NEWS - PRE-MARKET], because this information is available before Monday open. Provide a summary analysis to support your prediction. Before writing the analysis, cross-reference the [QUANT SIGNALS] with the [NEWS]. If the prediction is up by more than 5% but the technicals show a conflict (e.g., predicting 'Up' when Trend is 'Strong Downtrend'), explain this divergence logically (e.g., as a 'trend reversal' or 'short squeeze') rather than ignoring the data. The prediction result need to be inferred from your analysis at the end, and thus not appearing as a foundational factor of your analysis.","[Positive Developments]:
1. Sustained Strong Uptrend: The stock has maintained a strong uptrend across all observed periods, indicating robust bullish momentum and investor confidence.
2. Relative Outperformance: In multiple instances, META outperformed the Nasdaq-100 with positive alpha (e.g., +4.13% and +2.94%), showcasing relative strength in the market.
3. Technical Bullish Foundations: Early periods featured bullish MACD crossovers and normal volume/volatility, supporting upward movement without excessive speculation.
4. Healthy Correction: The recent pullback normalized daily RSI to neutral levels and reduced mean reversion from overextended to normal, potentially resetting conditions for renewed buying.

[Potential Concerns]:
1. Overbought Weekly Conditions: Weekly RSI remains persistently overbought (above 82.5), signaling extended momentum and increasing vulnerability to sharp corrections.
2. Bearish Technical Shifts: Recent data shows bearish MACD crossovers and underperformance against the Nasdaq-100 (e.g., -2.44% alpha), suggesting weakening short-term momentum.
3. Absence of Catalysts: No company-specific news or fundamental drivers are reported, leaving price action reliant on market mechanics and technical factors, which can be unpredictable.
4. Volatility and Flow Risks: While volatility has normalized, the high initial ATR and normal volume indicate that moves could be driven by institutional flows or sector rotation, not organic growth.

[Prediction & Analysis]:
Assuming a prediction of up by more than 5% for the coming week (2023-04-24 to 2023-04-28), this outlook is supported by a technical rebound scenario despite conflicting signals. The recent 3.14% decrease brought daily RSI to a neutral 51.6 from overbought levels, while weekly RSI remains overbought at 83.8—this divergence suggests the pullback was a healthy consolidation within a larger uptrend. With mean reversion now normal at 9.3% from SMA50 and the strong uptrend intact, the stock is poised for a bounce as oversold conditions on the daily chart attract buyers. The absence of news implies the prior decline was flow-driven, likely due to profit-taking after extended gains, and not fundamental deterioration. In the coming week, renewed buying pressure from technical traders and potential sector rotation could catalyze a sharp recovery exceeding 5%. The conflict with bearish MACD and underperformance is logically explained by the stock undergoing a brief correction before resuming its primary uptrend, akin to a ""bull flag"" pattern or mean reversion bounce.

[Primary Driver]:
Mixed",up by more than 5%,2023-04-24,2023-04-28,8,Mixed
"[Company Introduction]:\n\nMeta Platforms Inc is a leading entity in the Media sector. Incorporated and publicly traded since 2012-05-18, the company has established its reputation as one of the key players in the market. As of today, Meta Platforms Inc has a market capitalization of 1617119.55 in USD, with 2529.56 shares outstanding.\n\nMeta Platforms Inc operates primarily in the US, trading under the ticker META on the NASDAQ NMS - GLOBAL MARKET. As a dominant force in the Media space, the company continues to innovate and drive progress within the industry.\n\n[QUANT SIGNALS - STRUCTURAL]:\n- Price Move: META increased by 3.68% (236.92 -> 245.64)\n- Alpha vs Nasdaq-100: +0.71% (Outperformed)\n- Market Context (VIX): N/A\n- Volume Status: Normal (Z-Score: -0.3)\n- Volatility (ATR): 5.72 (Normal)\n- Weekly RSI (Trend Strength): 69.2 (Neutral)\n\n[TECHNICALS - DAILY]:\n- Daily RSI: 54.1 (Neutral)\n- Trend: Strong Uptrend\n- MACD: Bullish Crossover\n- Mean Reversion: 12.8% from SMA50 (Normal)\n\n[NEWS]:\n\nNo relative news reported.\n\n[QUANT SIGNALS - STRUCTURAL]:\n- Price Move: META increased by 6.78% (245.41 -> 262.04)\n- Alpha vs Nasdaq-100: +3.59% (Outperformed)\n- Market Context (VIX): N/A\n- Volume Status: Normal (Z-Score: 0.8)\n- Volatility (ATR): 5.99 (Normal)\n- Weekly RSI (Trend Strength): 79.1 (Overbought)\n\n[TECHNICALS - DAILY]:\n- Daily RSI: 86.9 (Overbought)\n- Trend: Strong Uptrend\n- MACD: Bullish Crossover\n- Mean Reversion: 17.1% from SMA50 (Overextended)\n\n[NEWS]:\n\nNo relative news reported.\n\n[QUANT SIGNALS - STRUCTURAL]:\n- Price Move: META increased by 2.77% (265.25 -> 272.61)\n- Alpha vs Nasdaq-100: +1.44% (Outperformed)\n- Market Context (VIX): N/A\n- Volume Status: Normal (Z-Score: -0.5)\n- Volatility (ATR): 6.36 (Normal)\n- Weekly RSI (Trend Strength): 82.3 (Overbought)\n\n[TECHNICALS - DAILY]:\n- Daily RSI: 93.6 (Overbought)\n- Trend: Strong Uptrend\n- MACD: Bullish Crossover\n- Mean Reversion: 18.9% from SMA50 (Overextended)\n\n[NEWS]:\n\nNo relative news reported.\n[Basic Financials]:\n\nNo basic financial reported.\n\nBased on all the information before 2023-06-05, let's first analyze the positive developments and potential concerns for META. Come up with 2-4 most important factors respectively and keep them concise. Integrate both quantitative signals and news to explain the movement. Then let's assume your prediction for the coming trading week (2023-06-05 pre-market to 2023-06-09 close) is down by 1-2%. Pay special attention to [WEEKEND NEWS - PRE-MARKET], because this information is available before Monday open. Provide a summary analysis to support your prediction. Before writing the analysis, cross-reference the [QUANT SIGNALS] with the [NEWS]. If the prediction is down by 1-2% but the technicals show a conflict (e.g., predicting 'Up' when Trend is 'Strong Downtrend'), explain this divergence logically (e.g., as a 'trend reversal' or 'short squeeze') rather than ignoring the data. The prediction result need to be inferred from your analysis at the end, and thus not appearing as a foundational factor of your analysis.","[Positive Developments]:
1. Consistent outperformance with positive Alpha vs. Nasdaq-100 across all weeks, indicating strong relative strength and institutional confidence.
2. Bullish technical momentum evidenced by a Strong Uptrend, Bullish MACD crossover, and consecutive weekly price gains.
3. Normal volume levels (Z-Scores near zero) suggest steady accumulation without speculative froth, supporting a sustainable advance.

[Potential Concerns]:
1. Extremely overbought technical conditions: Daily RSI at 93.6 and Weekly RSI at 82.3 signal exhaustion, heightening reversal risk.
2. Overextension from SMA50 at 18.9%, indicating mean reversion pressure is building as the stock deviates significantly from its average.
3. No fundamental news reported to justify the rally, implying reliance on technical and flow-driven moves that are vulnerable to sentiment shifts.

[Prediction & Analysis]:
The prediction for the coming week (2023-06-05 to 2023-06-09) is a decline of 1-2%. This is based on the following integrated analysis: Technically, META is severely overbought with a Daily RSI of 93.6 and 18.9% above its SMA50, creating a high probability of a short-term correction or consolidation. The absence of news catalysts means the recent rally was driven by technical breakout and beta-driven momentum (sector-level repricing or institutional flows), not new fundamentals. While the stock has shown strong outperformance (positive Alpha), this divergence from the index without supportive news increases vulnerability to profit-taking. The Strong Uptrend may pause here, but this predicted down move is likely a healthy pullback within the broader uptrend rather than a reversal, as momentum indicators like MACD remain bullish long-term. The normal volume and increasing ATR suggest rising volatility could accompany the correction.

[Primary Driver]:
Technical – The anticipated down move is primarily driven by overbought conditions and mean reversion pressures, as technical boundaries define the short-term risk despite the ongoing uptrend.",down by 1-2%,2023-06-05,2023-06-09,14,"Technical – The anticipated down move is primarily driven by overbought conditions and mean reversion pressures, as technical boundaries define the short-term risk despite the ongoing uptrend."
"[Company Introduction]:\n\nMeta Platforms Inc is a leading entity in the Media sector. Incorporated and publicly traded since 2012-05-18, the company has established its reputation as one of the key players in the market. As of today, Meta Platforms Inc has a market capitalization of 1617119.55 in USD, with 2529.56 shares outstanding.\n\nMeta Platforms Inc operates primarily in the US, trading under the ticker META on the NASDAQ NMS - GLOBAL MARKET. As a dominant force in the Media space, the company continues to innovate and drive progress within the industry.\n\n[QUANT SIGNALS - STRUCTURAL]:\n- Price Move: META increased by 3.68% (236.92 -> 245.64)\n- Alpha vs Nasdaq-100: +0.71% (Outperformed)\n- Market Context (VIX): N/A\n- Volume Status: Normal (Z-Score: -0.3)\n- Volatility (ATR): 5.72 (Normal)\n- Weekly RSI (Trend Strength): 69.2 (Neutral)\n\n[TECHNICALS - DAILY]:\n- Daily RSI: 54.1 (Neutral)\n- Trend: Strong Uptrend\n- MACD: Bullish Crossover\n- Mean Reversion: 12.8% from SMA50 (Normal)\n\n[NEWS]:\n\nNo relative news reported.\n\n[QUANT SIGNALS - STRUCTURAL]:\n- Price Move: META increased by 6.78% (245.41 -> 262.04)\n- Alpha vs Nasdaq-100: +3.59% (Outperformed)\n- Market Context (VIX): N/A\n- Volume Status: Normal (Z-Score: 0.8)\n- Volatility (ATR): 5.99 (Normal)\n- Weekly RSI (Trend Strength): 79.1 (Overbought)\n\n[TECHNICALS - DAILY]:\n- Daily RSI: 86.9 (Overbought)\n- Trend: Strong Uptrend\n- MACD: Bullish Crossover\n- Mean Reversion: 17.1% from SMA50 (Overextended)\n\n[NEWS]:\n\nNo relative news reported.\n\n[QUANT SIGNALS - STRUCTURAL]:\n- Price Move: META increased by 2.77% (265.25 -> 272.61)\n- Alpha vs Nasdaq-100: +1.44% (Outperformed)\n- Market Context (VIX): N/A\n- Volume Status: Normal (Z-Score: -0.5)\n- Volatility (ATR): 6.36 (Normal)\n- Weekly RSI (Trend Strength): 82.3 (Overbought)\n\n[TECHNICALS - DAILY]:\n- Daily RSI: 93.6 (Overbought)\n- Trend: Strong Uptrend\n- MACD: Bullish Crossover\n- Mean Reversion: 18.9% from SMA50 (Overextended)\n\n[NEWS]:\n\nNo relative news reported.\n\n[QUANT SIGNALS - STRUCTURAL]:\n- Price Move: META decreased by 1.98% (270.30 -> 264.95)\n- Alpha vs Nasdaq-100: -1.87% (Underperformed)\n- Market Context (VIX): N/A\n- Volume Status: Normal (Z-Score: -1.4)\n- Volatility (ATR): 7.21 (Normal)\n- Weekly RSI (Trend Strength): 85.0 (Overbought)\n\n[TECHNICALS - DAILY]:\n- Daily RSI: 73.8 (Overbought)\n- Trend: Strong Uptrend\n- MACD: Bearish Crossover\n- Mean Reversion: 12.4% from SMA50 (Normal)\n\n[NEWS]:\n\nNo relative news reported.\n[Basic Financials]:\n\nNo basic financial reported.\n\nBased on all the information before 2023-06-12, let's first analyze the positive developments and potential concerns for META. Come up with 2-4 most important factors respectively and keep them concise. Integrate both quantitative signals and news to explain the movement. Then let's assume your prediction for the coming trading week (2023-06-12 pre-market to 2023-06-16 close) is up by more than 5%. Pay special attention to [WEEKEND NEWS - PRE-MARKET], because this information is available before Monday open. Provide a summary analysis to support your prediction. Before writing the analysis, cross-reference the [QUANT SIGNALS] with the [NEWS]. If the prediction is up by more than 5% but the technicals show a conflict (e.g., predicting 'Up' when Trend is 'Strong Downtrend'), explain this divergence logically (e.g., as a 'trend reversal' or 'short squeeze') rather than ignoring the data. The prediction result need to be inferred from your analysis at the end, and thus not appearing as a foundational factor of your analysis.","[Positive Developments]:
1. **Sustained Outperformance vs. Market**: META consistently generated positive Alpha against the Nasdaq-100 in three of the four observed periods (e.g., +3.59% in one instance), indicating robust relative strength and investor favorability during the rally.
2. **Strong Technical Uptrend**: The stock maintained a ""Strong Uptrend"" across all periods, supported by initial bullish MACD crossovers and significant price appreciation (cumulatively up ~11.8% from 236.92 to 264.95 despite a recent dip), reflecting momentum and buyer dominance.
3. **Healthy Pullback Characteristics**: The recent decline of 1.98% occurred on below-average volume (Volume Z-Score: -1.4), suggesting the move was driven by light profit-taking rather than broad institutional selling, potentially setting up for a rebound.

[Potential Concerns]:
1. **Overbought Technical Conditions**: Weekly RSI reached 85.0 (overbought), and daily RSI peaked at 93.6 before cooling to 73.8 (still overbought), indicating elevated risk of a corrective pullback or consolidation due to exhausted buying pressure.
2. **Bearish Momentum Shift**: The latest period showed a bearish MACD crossover and underperformance vs. Nasdaq-100 (Alpha: -1.87%), signaling potential short-term momentum loss and weakening relative strength.
3. **Elevated Volatility Risk**: The Average True Range (ATR) increased from 5.72 to 7.21 over the periods (though labeled normal), reflecting heightened price volatility that could lead to sharper swings amid overextended conditions.

[Prediction & Analysis]:
Assuming a prediction of up by more than 5% for the coming week (2023-06-12 to 2023-06-16), this outlook is based on a combination of technical resilience and market flow dynamics, despite overbought signals. Technically, the stock remains in a strong uptrend, and the recent pullback to 264.95 brought mean reversion to a normal 12.4% from SMA50, reducing overextension risks. The decline occurred on low volume, typical of a breather within a larger advance. With no company-specific news reported, the prior moves are attributed to market mechanics: the rally was driven by sector-level flows into tech (implied by outperformance vs. Nasdaq-100), and the dip represents profit-taking after a rapid ascent. For the upcoming week, the prediction hinges on a resumption of these flows, possibly due to institutional rebalancing or renewed narrative around AI and digital advertising tailwinds (inferred from sector context). The overbought RSI and bearish MACD present a divergence, but this could be resolved through a short-term consolidation followed by a breakout, fueled by momentum chasing or a short squeeze if bears cover positions. Historically, META has shown alpha resilience, and the absence of negative catalysts supports a rebound scenario.

[Primary Driver]:
Mixed",up by more than 5%,2023-06-12,2023-06-16,15,Mixed
"[Company Introduction]:\n\nMeta Platforms Inc is a leading entity in the Media sector. Incorporated and publicly traded since 2012-05-18, the company has established its reputation as one of the key players in the market. As of today, Meta Platforms Inc has a market capitalization of 1617119.55 in USD, with 2529.56 shares outstanding.\n\nMeta Platforms Inc operates primarily in the US, trading under the ticker META on the NASDAQ NMS - GLOBAL MARKET. As a dominant force in the Media space, the company continues to innovate and drive progress within the industry.\n\n[QUANT SIGNALS - STRUCTURAL]:\n- Price Move: META increased by 12.47% (213.68 -> 240.32)\n- Alpha vs Nasdaq-100: +10.38% (Outperformed)\n- Market Context (VIX): N/A\n- Volume Status: High (Z-Score: 1.2)\n- Volatility (ATR): 6.60 (Normal)\n- Weekly RSI (Trend Strength): 77.7 (Overbought)\n\n[TECHNICALS - DAILY]:\n- Daily RSI: 73.1 (Overbought)\n- Trend: Strong Uptrend\n- MACD: Bullish Crossover\n- Mean Reversion: 20.6% from SMA50 (Overextended)\n\n[NEWS]:\n\nNo relative news reported.\n\n[QUANT SIGNALS - STRUCTURAL]:\n- Price Move: META decreased by 2.45% (238.62 -> 232.78)\n- Alpha vs Nasdaq-100: -2.66% (Underperformed)\n- Market Context (VIX): N/A\n- Volume Status: Normal (Z-Score: 0.2)\n- Volatility (ATR): 7.28 (High)\n- Weekly RSI (Trend Strength): 81.2 (Overbought)\n\n[TECHNICALS - DAILY]:\n- Daily RSI: 62.1 (Neutral)\n- Trend: Strong Uptrend\n- MACD: Bullish Crossover\n- Mean Reversion: 13.1% from SMA50 (Normal)\n\n[NEWS]:\n\nNo relative news reported.\n\n[QUANT SIGNALS - STRUCTURAL]:\n- Price Move: META increased by 1.03% (231.42 -> 233.81)\n- Alpha vs Nasdaq-100: +0.62% (Outperformed)\n- Market Context (VIX): N/A\n- Volume Status: Normal (Z-Score: -0.6)\n- Volatility (ATR): 7.81 (High)\n- Weekly RSI (Trend Strength): 75.8 (Overbought)\n\n[TECHNICALS - DAILY]:\n- Daily RSI: 68.5 (Neutral)\n- Trend: Strong Uptrend\n- MACD: Bearish Crossover\n- Mean Reversion: 10.3% from SMA50 (Normal)\n\n[NEWS]:\n\nNo relative news reported.\n\n[QUANT SIGNALS - STRUCTURAL]:\n- Price Move: META increased by 3.68% (236.92 -> 245.64)\n- Alpha vs Nasdaq-100: +0.71% (Outperformed)\n- Market Context (VIX): N/A\n- Volume Status: Normal (Z-Score: -0.3)\n- Volatility (ATR): 5.72 (Normal)\n- Weekly RSI (Trend Strength): 69.2 (Neutral)\n\n[TECHNICALS - DAILY]:\n- Daily RSI: 54.1 (Neutral)\n- Trend: Strong Uptrend\n- MACD: Bullish Crossover\n- Mean Reversion: 12.8% from SMA50 (Normal)\n\n[NEWS]:\n\nNo relative news reported.\n[Basic Financials]:\n\nNo basic financial reported.\n\nBased on all the information before 2023-05-22, let's first analyze the positive developments and potential concerns for META. Come up with 2-4 most important factors respectively and keep them concise. Integrate both quantitative signals and news to explain the movement. Then let's assume your prediction for the coming trading week (2023-05-22 pre-market to 2023-05-26 close) is up by more than 5%. Pay special attention to [WEEKEND NEWS - PRE-MARKET], because this information is available before Monday open. Provide a summary analysis to support your prediction. Before writing the analysis, cross-reference the [QUANT SIGNALS] with the [NEWS]. If the prediction is up by more than 5% but the technicals show a conflict (e.g., predicting 'Up' when Trend is 'Strong Downtrend'), explain this divergence logically (e.g., as a 'trend reversal' or 'short squeeze') rather than ignoring the data. The prediction result need to be inferred from your analysis at the end, and thus not appearing as a foundational factor of your analysis.","[Positive Developments]:
1. Sustained Technical Uptrend: The stock has demonstrated a strong uptrend across all observed periods, with price advancing from 213.68 to 245.64. Key indicators like MACD show bullish crossovers in multiple segments, supporting continued momentum.
2. Relative Outperformance: META outperformed the Nasdaq-100 in three out of four periods, with alpha as high as +10.38%, indicating institutional favor and capital inflow relative to peers.
3. Improved Mean Reversion: Initially overextended at 20.6% above SMA50, the stock corrected to normal levels (10.3%-13.1%), reducing overbought risks and setting a healthier base for further gains.
4. Volume Confirmation: High volume (Z-Score: 1.2) during the initial surge validated buying interest, while subsequent normal volume suggests steady accumulation without excessive speculation.

[Potential Concerns]:
1. Overbought Conditions: Weekly RSI reached extreme levels (77.7 to 81.2) in early periods, which historically preceded minor pullbacks, signaling vulnerability to profit-taking.
2. Intermittent Underperformance: In one period, META underperformed the Nasdaq-100 by -2.66% amid high volatility, reflecting potential sensitivity to broader market shifts or temporary sentiment weakness.
3. Lack of Fundamental Catalysts: No company-specific news was reported, making the rally reliant on technicals and market flows, which could reverse abruptly if macro conditions deteriorate.
4. Mixed Momentum Signals: A bearish MACD crossover occurred in one period, hinting at fleeting momentum loss, though it was later reversed, indicating underlying volatility.

[Prediction & Analysis]:
Assuming a prediction of up by more than 5% for the trading week from 2023-05-22 pre-market to 2023-05-26 close, this is supported by the following analysis:  
- **Technical Reality**: The latest data shows a strong uptrend with daily RSI neutral at 54.1 and weekly RSI neutral at 69.2, leaving ample room for upward movement without immediate overbought pressure. MACD exhibits a bullish crossover, and mean reversion is normal at 12.8% above SMA50, suggesting the stock is not overextended and can sustain advances.  
- **Relative Performance**: META's consistent alpha generation against the Nasdaq-100, except for one period, indicates relative strength that may attract further institutional flows. The underperformance episode was accompanied by normal volume and a quick recovery, implying it was a healthy correction within the uptrend.  
- **News Catalyst**: No specific news was reported, so the price movement must be attributed to market mechanics. The initial surge with high volume suggests sector-level repricing or institutional reallocation into tech/media stocks, while subsequent moves align with technical breakout patterns and beta-driven momentum as volatility normalized.  
- **Dealing with ""No News""**: The absence of news implies that the rally is primarily flow-driven, supported by technical structure. The stock's ability to climb despite overbought readings earlier indicates strong buying pressure, likely from systematic strategies or momentum funds reacting to the strong uptrend. For the coming week, the neutral RSI and bullish MACD setup provide a foundation for continued gains, possibly fueled by window-dressing or sector rotation ahead of month-end.  
- **Logical Justification for 5%+ Rise**: While early overbought conditions posed a concern, the correction to neutral RSI levels and sustained trend reduce downside risks. A 5% move is feasible given the stock's historical volatility (ATR ~5-7) and the momentum indicated by outperformance. Any divergence from technical extremes has been resolved through mean reversion, setting the stage for a renewed push higher.

[Primary Driver]:
Mixed",up by more than 5%,2023-05-22,2023-05-26,12,Mixed
"[Company Introduction]:\n\nMeta Platforms Inc is a leading entity in the Media sector. Incorporated and publicly traded since 2012-05-18, the company has established its reputation as one of the key players in the market. As of today, Meta Platforms Inc has a market capitalization of 1617119.55 in USD, with 2529.56 shares outstanding.\n\nMeta Platforms Inc operates primarily in the US, trading under the ticker META on the NASDAQ NMS - GLOBAL MARKET. As a dominant force in the Media space, the company continues to innovate and drive progress within the industry.\n\n[QUANT SIGNALS - STRUCTURAL]:\n- Price Move: META decreased by 2.45% (238.62 -> 232.78)\n- Alpha vs Nasdaq-100: -2.66% (Underperformed)\n- Market Context (VIX): N/A\n- Volume Status: Normal (Z-Score: 0.2)\n- Volatility (ATR): 7.28 (High)\n- Weekly RSI (Trend Strength): 81.2 (Overbought)\n\n[TECHNICALS - DAILY]:\n- Daily RSI: 62.1 (Neutral)\n- Trend: Strong Uptrend\n- MACD: Bullish Crossover\n- Mean Reversion: 13.1% from SMA50 (Normal)\n\n[NEWS]:\n\nNo relative news reported.\n\n[QUANT SIGNALS - STRUCTURAL]:\n- Price Move: META increased by 1.03% (231.42 -> 233.81)\n- Alpha vs Nasdaq-100: +0.62% (Outperformed)\n- Market Context (VIX): N/A\n- Volume Status: Normal (Z-Score: -0.6)\n- Volatility (ATR): 7.81 (High)\n- Weekly RSI (Trend Strength): 75.8 (Overbought)\n\n[TECHNICALS - DAILY]:\n- Daily RSI: 68.5 (Neutral)\n- Trend: Strong Uptrend\n- MACD: Bearish Crossover\n- Mean Reversion: 10.3% from SMA50 (Normal)\n\n[NEWS]:\n\nNo relative news reported.\n\n[QUANT SIGNALS - STRUCTURAL]:\n- Price Move: META increased by 3.68% (236.92 -> 245.64)\n- Alpha vs Nasdaq-100: +0.71% (Outperformed)\n- Market Context (VIX): N/A\n- Volume Status: Normal (Z-Score: -0.3)\n- Volatility (ATR): 5.72 (Normal)\n- Weekly RSI (Trend Strength): 69.2 (Neutral)\n\n[TECHNICALS - DAILY]:\n- Daily RSI: 54.1 (Neutral)\n- Trend: Strong Uptrend\n- MACD: Bullish Crossover\n- Mean Reversion: 12.8% from SMA50 (Normal)\n\n[NEWS]:\n\nNo relative news reported.\n\n[QUANT SIGNALS - STRUCTURAL]:\n- Price Move: META increased by 6.78% (245.41 -> 262.04)\n- Alpha vs Nasdaq-100: +3.59% (Outperformed)\n- Market Context (VIX): N/A\n- Volume Status: Normal (Z-Score: 0.8)\n- Volatility (ATR): 5.99 (Normal)\n- Weekly RSI (Trend Strength): 79.1 (Overbought)\n\n[TECHNICALS - DAILY]:\n- Daily RSI: 86.9 (Overbought)\n- Trend: Strong Uptrend\n- MACD: Bullish Crossover\n- Mean Reversion: 17.1% from SMA50 (Overextended)\n\n[NEWS]:\n\nNo relative news reported.\n[Basic Financials]:\n\nNo basic financial reported.\n\nBased on all the information before 2023-05-30, let's first analyze the positive developments and potential concerns for META. Come up with 2-4 most important factors respectively and keep them concise. Integrate both quantitative signals and news to explain the movement. Then let's assume your prediction for the coming trading week (2023-05-30 pre-market to 2023-06-02 close) is up by 2-3%. Pay special attention to [WEEKEND NEWS - PRE-MARKET], because this information is available before Monday open. Provide a summary analysis to support your prediction. Before writing the analysis, cross-reference the [QUANT SIGNALS] with the [NEWS]. If the prediction is up by 2-3% but the technicals show a conflict (e.g., predicting 'Up' when Trend is 'Strong Downtrend'), explain this divergence logically (e.g., as a 'trend reversal' or 'short squeeze') rather than ignoring the data. The prediction result need to be inferred from your analysis at the end, and thus not appearing as a foundational factor of your analysis.","[Positive Developments]:
1. Strong Relative Performance: META consistently outperformed the Nasdaq-100 in recent weeks, with positive alpha readings of +0.62%, +0.71%, and +3.59%, indicating robust investor confidence and sector leadership.
2. Bullish Technical Momentum: The stock maintains a strong uptrend with bullish MACD crossovers and neutral to high weekly RSI (e.g., 79.1), reflecting sustained buying pressure and breakout potential despite overbought conditions.
3. Institutional Flow Indications: Normal volume Z-scores with periodic spikes (e.g., 0.8) during key price increases suggest algorithmic or institutional participation, supporting upward moves without negative divergence.

[Potential Concerns]:
1. Overbought and Overextended Technicals: Daily RSI reached 86.9 and weekly RSI 79.1 in the latest data, both in overbought territory, while the price is 17.1% above the SMA50, signaling high risk of a mean reversion or pullback.
2. Elevated Volatility: Periods of high ATR (e.g., 7.81) indicate market uncertainty and potential for sharp corrections, especially in the absence of fundamental catalysts.
3. Bearish Divergence in MACD: An earlier bearish MACD crossover occurred despite the uptrend, hinting at underlying weakness that could resurface if momentum wanes.

[Prediction & Analysis]:
Assuming a 2-3% rise in the coming week (2023-05-30 to 2023-06-02), this prediction is supported by META's strong uptrend and recent alpha outperformance, which may override short-term overbought signals. Cross-referencing quant signals with news reveals no company-specific catalysts, so the prior moves are attributed to market mechanics: technical breakouts (e.g., the 6.78% surge with normal volume) and beta-driven momentum within the tech sector. The overbought daily RSI and overextended mean reversion pose a conflict, but historical patterns show that stocks in strong uptrends can continue rising briefly before consolidating. Additionally, any positive weekend news pre-market could fuel further gains, though without specific details, the move is likely driven by mixed factors—technical momentum coupled with institutional flows. Thus, the predicted increase aligns with a continuation of the trend, albeit with heightened caution for a potential reversal later in the week.

[Primary Driver]:
Mixed",up by 2-3%,2023-05-30,2023-06-02,13,Mixed
"[Company Introduction]:\n\nMeta Platforms Inc is a leading entity in the Media sector. Incorporated and publicly traded since 2012-05-18, the company has established its reputation as one of the key players in the market. As of today, Meta Platforms Inc has a market capitalization of 1617119.55 in USD, with 2529.56 shares outstanding.\n\nMeta Platforms Inc operates primarily in the US, trading under the ticker META on the NASDAQ NMS - GLOBAL MARKET. As a dominant force in the Media space, the company continues to innovate and drive progress within the industry.\n\n[QUANT SIGNALS - STRUCTURAL]:\n- Price Move: META decreased by 0.60% (288.70 -> 286.98)\n- Alpha vs Nasdaq-100: -3.88% (Underperformed)\n- Market Context (VIX): N/A\n- Volume Status: Normal (Z-Score: -0.3)\n- Volatility (ATR): 8.22 (Normal)\n- Weekly RSI (Trend Strength): 83.1 (Overbought)\n\n[TECHNICALS - DAILY]:\n- Daily RSI: 68.2 (Neutral)\n- Trend: Strong Uptrend\n- MACD: Bearish Crossover\n- Mean Reversion: 12.9% from SMA50 (Normal)\n\n[NEWS]:\n\nNo relative news reported.\nSome recent basic financials of META, reported at 2023-06-30, are presented below:\n\n[Basic Financials]:\n\nassetTurnoverTTM: 0.6379\nbookValue: 134033\ncashRatio: 0.9620333545001838\ncurrentRatio: 2.3248\nebitPerShare: 3.5957\neps: 2.9816\nev: 725809.8\nevEbitdaTTM: 19.1754\nevRevenueTTM: 6.0222\nfcfMargin: 0.3467\nfcfPerShareTTM: 9.3408\ngrossMargin: 0.8129\nlongtermDebtTotalAsset: 0.0889\nlongtermDebtTotalCapital: 0.12\nlongtermDebtTotalEquity: 0.1371\nnetDebtToTotalCapital: -0.063\nnetDebtToTotalEquity: -0.0719\nnetMargin: 0.2434\noperatingMargin: 0.2935\npb: 5.4871\npeTTM: 32.6215\npfcfTTM: 30.6005\npretaxMargin: 0.2904\npsTTM: 6.1022\nptbv: 5.5224\nquickRatio: 2.2099\nreceivablesTurnoverTTM: 10.0285\nroaTTM: 0.1193\nroeTTM: 0.1773\nroicTTM: 0.1612\nrotcTTM: 0.2051\nsalesPerShare: 12.2508\nsgaToSale: 0.1871\ntangibleBookValue: 133177\ntotalDebtToEquity: 0.1428\ntotalDebtToTotalAsset: 0.0926\ntotalDebtToTotalCapital: 0.125\ntotalRatio: 2.8448\n\nBased on all the information before 2023-07-03, let's first analyze the positive developments and potential concerns for META. Come up with 2-4 most important factors respectively and keep them concise. Integrate both quantitative signals and news to explain the movement. Then let's assume your prediction for the coming trading week (2023-07-03 pre-market to 2023-07-07 close) is up by 1-2%. Pay special attention to [WEEKEND NEWS - PRE-MARKET], because this information is available before Monday open. Provide a summary analysis to support your prediction. Before writing the analysis, cross-reference the [QUANT SIGNALS] with the [NEWS]. If the prediction is up by 1-2% but the technicals show a conflict (e.g., predicting 'Up' when Trend is 'Strong Downtrend'), explain this divergence logically (e.g., as a 'trend reversal' or 'short squeeze') rather than ignoring the data. The prediction result need to be inferred from your analysis at the end, and thus not appearing as a foundational factor of your analysis.","[Positive Developments]:
1. Strong Fundamental Health: Despite the recent slight pullback, Meta's financials remain robust with high profitability margins (Gross Margin: 81.3%, Net Margin: 24.3%), excellent free cash flow generation (FCF Margin: 34.7%), and a fortress balance sheet highlighted by a negative net debt position. This provides a solid foundation for the stock.
2. Resilient Technical Uptrend: The primary daily trend is classified as a ""Strong Uptrend,"" and the stock remains 12.9% above its 50-day moving average, indicating sustained bullish momentum over the medium term.
3. Attractive Relative Valuation (vs. Growth Peers): While absolute multiples like P/E (32.6) and P/FCF (30.6) are high, metrics like EV/Revenue (6.0) and EV/EBITDA (19.2) are not extreme for a company with Meta's margins and growth profile in the tech sector, potentially offering support.

[Potential Concerns]:
1. Overbought Weekly Condition and Bearish Divergence: The weekly RSI at 83.1 is deeply in overbought territory, signaling a high risk of a consolidation or pullback. This is corroborated by a bearish MACD crossover on the daily chart, suggesting near-term momentum is waning.
2. Recent Underperformance and Lack of Catalyst: The stock underperformed the Nasdaq-100 by 3.88% on the week with a price decline, despite no negative company-specific news. This ""silent underperformance"" often indicates profit-taking or sector rotation away from the name, as buyers step back.
3. High Absolute Valuation: Multiples such as P/E and P/FCF are elevated and may limit the near-term upside, especially if broader market sentiment towards high-multiple growth stocks sours.

[Prediction & Analysis]:
Prediction: The stock price is predicted to be **up 1-2%** for the trading week of 2023-07-03 to 2023-07-07.

Analysis: This prediction for a modest gain involves navigating clear technical headwinds. The weekly overbought condition and bearish MACD are significant cautions that argue against a major rally. However, the prediction for a slight positive move is based on the following synthesis:
1. **Technical Rebound within an Uptrend:** The daily RSI (68.2) has cooled from overbought levels and is neutral, and the price pullback to the ~$287 level may find buyers within the context of the overarching ""Strong Uptrend."" The bearish MACD could be resolving through time (sideways consolidation) rather than a sharp price drop.
2. **Market Mechanics Over News:** With no company-specific news, the recent underperformance is best analyzed as a **sector-level repricing or institutional profit-taking** after a strong run. This flow-driven selling pressure may exhaust itself in the near term, allowing for a technical bounce. Volume was normal (Z-Score: -0.3), indicating no panic selling.
3. **Fundamental Anchor:** The stellar financials act as a strong fundamental anchor. In the absence of bad news, the dip may be viewed by long-term investors as a buying opportunity, providing a floor under the price.
The predicted 1-2% rise is therefore framed as a **technical rebound or consolidation at a higher level** within the existing uptrend, not the start of a new leg higher. It is a cautious bet that the strong underlying fundamentals and trend will absorb the overbought pressure without a significant decline this week.

[Primary Driver]:
Mixed (Technical Rebound within a Strong Fundamental & Trending Context)",up by 1-2%,2023-07-03,2023-07-07,18,Mixed (Technical Rebound within a Strong Fundamental & Trending Context)
"[Company Introduction]:\n\nMeta Platforms Inc is a leading entity in the Media sector. Incorporated and publicly traded since 2012-05-18, the company has established its reputation as one of the key players in the market. As of today, Meta Platforms Inc has a market capitalization of 1617119.55 in USD, with 2529.56 shares outstanding.\n\nMeta Platforms Inc operates primarily in the US, trading under the ticker META on the NASDAQ NMS - GLOBAL MARKET. As a dominant force in the Media space, the company continues to innovate and drive progress within the industry.\n\n[QUANT SIGNALS - STRUCTURAL]:\n- Price Move: META increased by 2.77% (265.25 -> 272.61)\n- Alpha vs Nasdaq-100: +1.44% (Outperformed)\n- Market Context (VIX): N/A\n- Volume Status: Normal (Z-Score: -0.5)\n- Volatility (ATR): 6.36 (Normal)\n- Weekly RSI (Trend Strength): 82.3 (Overbought)\n\n[TECHNICALS - DAILY]:\n- Daily RSI: 93.6 (Overbought)\n- Trend: Strong Uptrend\n- MACD: Bullish Crossover\n- Mean Reversion: 18.9% from SMA50 (Overextended)\n\n[NEWS]:\n\nNo relative news reported.\n\n[QUANT SIGNALS - STRUCTURAL]:\n- Price Move: META decreased by 1.98% (270.30 -> 264.95)\n- Alpha vs Nasdaq-100: -1.87% (Underperformed)\n- Market Context (VIX): N/A\n- Volume Status: Normal (Z-Score: -1.4)\n- Volatility (ATR): 7.21 (Normal)\n- Weekly RSI (Trend Strength): 85.0 (Overbought)\n\n[TECHNICALS - DAILY]:\n- Daily RSI: 73.8 (Overbought)\n- Trend: Strong Uptrend\n- MACD: Bearish Crossover\n- Mean Reversion: 12.4% from SMA50 (Normal)\n\n[NEWS]:\n\nNo relative news reported.\n\n[QUANT SIGNALS - STRUCTURAL]:\n- Price Move: META increased by 5.18% (267.17 -> 281.00)\n- Alpha vs Nasdaq-100: +3.11% (Outperformed)\n- Market Context (VIX): N/A\n- Volume Status: HUGE (Z-Score: 3.4)\n- Volatility (ATR): 7.65 (Normal)\n- Weekly RSI (Trend Strength): 78.7 (Overbought)\n\n[TECHNICALS - DAILY]:\n- Daily RSI: 74.5 (Overbought)\n- Trend: Strong Uptrend\n- MACD: Bullish Crossover\n- Mean Reversion: 16.1% from SMA50 (Overextended)\n\n[NEWS]:\n\nNo relative news reported.\n[Basic Financials]:\n\nNo basic financial reported.\n\nBased on all the information before 2023-06-20, let's first analyze the positive developments and potential concerns for META. Come up with 2-4 most important factors respectively and keep them concise. Integrate both quantitative signals and news to explain the movement. Then let's assume your prediction for the coming trading week (2023-06-20 pre-market to 2023-06-23 close) is up by 3-4%. Pay special attention to [WEEKEND NEWS - PRE-MARKET], because this information is available before Monday open. Provide a summary analysis to support your prediction. Before writing the analysis, cross-reference the [QUANT SIGNALS] with the [NEWS]. If the prediction is up by 3-4% but the technicals show a conflict (e.g., predicting 'Up' when Trend is 'Strong Downtrend'), explain this divergence logically (e.g., as a 'trend reversal' or 'short squeeze') rather than ignoring the data. The prediction result need to be inferred from your analysis at the end, and thus not appearing as a foundational factor of your analysis.","[Positive Developments]:
1. Strong relative outperformance vs. Nasdaq-100 in two of three periods (+1.44% and +3.11% alpha), indicating institutional favor and alpha generation.
2. Significant 5.18% price surge in the last period on HUGE volume (Z-Score 3.4), suggesting intense buying pressure or institutional accumulation without negative news.
3. Bullish technical structure with MACD bullish crossovers and a consistent ""Strong Uptrend"" across all periods, supporting momentum continuation.
4. Sustained weekly RSI above 78 (though overbought), reflecting robust trend strength and investor confidence despite extended valuations.

[Potential Concerns]:
1. Extreme overbought conditions with daily RSI reaching 93.6 and weekly RSI consistently above 78, increasing near-term correction risk.
2. Overextended mean reversion from SMA50 (18.9% and 16.1% in key periods), elevating vulnerability to a technical pullback for valuation normalization.
3. Intermittent underperformance with -1.87% alpha and a price drop in one period, highlighting volatility and profit-taking pressures within the uptrend.
4. No fundamental news catalysts reported, rendering recent gains dependent on technicals and market flows, which may lack sustainability if sentiment shifts.

[Prediction & Analysis]:
Assuming a prediction of up 3-4% for the coming week (from ~281.00 to ~289–292), this move is plausible despite overbought technicals due to the following integrated analysis:  
- **Technical Reality**: Daily and weekly RSI are overbought, and mean reversion is overextended, typically signaling caution. However, in strong uptrends, overbought conditions can persist, and the bullish MACD crossover in the last period suggests momentum acceleration. The 5.18% surge on huge volume indicates a breakout that may extend, with support from the ""Strong Uptrend"" classification.  
- **Relative Performance**: META's alpha outperformance in two periods (+1.44% and +3.11%) shows it is attracting capital relative to peers, likely driven by sector rotation into tech or large-cap growth. The underperformance in one period was mild and quickly reversed, implying resilience.  
- **News Catalyst**: No company-specific news was reported, so the price action is not narrative-driven. Instead, the moves are attributable to market mechanics: the huge volume spike in the last period points to institutional flows or beta-driven momentum, possibly from index-related buying or hedge fund activity.  
- **Dealing with ""No News""**: The absence of news necessitates analyzing the 5.18% gain as flow-driven—specifically, a volume-fueled breakout from sector-level repricing or technical accumulation, given the high volume Z-Score of 3.4. This flow dynamic can override short-term overbought readings, as seen in momentum stocks.  
- **Divergence Explanation**: The prediction of further upside conflicts with overbought technicals but aligns with flow momentum. This divergence can be logically explained as a ""momentum continuation"" scenario, where institutional inflows (evidenced by volume) propel the stock higher despite extended conditions, similar to a short squeeze or trend acceleration. A brief consolidation may occur, but the flow support suggests a high probability of the uptrend persisting.  

Thus, the 3-4% increase is inferred from sustained flows and technical breakout inertia, with volatility expected due to overbought risks.

[Primary Driver]:
Flow",up by 3-4%,2023-06-20,2023-06-23,16,Flow
"[Company Introduction]:\n\nMeta Platforms Inc is a leading entity in the Media sector. Incorporated and publicly traded since 2012-05-18, the company has established its reputation as one of the key players in the market. As of today, Meta Platforms Inc has a market capitalization of 1617119.55 in USD, with 2529.56 shares outstanding.\n\nMeta Platforms Inc operates primarily in the US, trading under the ticker META on the NASDAQ NMS - GLOBAL MARKET. As a dominant force in the Media space, the company continues to innovate and drive progress within the industry.\n\n[QUANT SIGNALS - STRUCTURAL]:\n- Price Move: META increased by 4.51% (295.55 -> 308.87)\n- Alpha vs Nasdaq-100: +1.04% (Outperformed)\n- Market Context (VIX): N/A\n- Volume Status: Normal (Z-Score: -0.4)\n- Volatility (ATR): 8.42 (Normal)\n- Weekly RSI (Trend Strength): 80.3 (Overbought)\n\n[TECHNICALS - DAILY]:\n- Daily RSI: 64.3 (Neutral)\n- Trend: Strong Uptrend\n- MACD: Bullish Crossover\n- Mean Reversion: 15.5% from SMA50 (Overextended)\n\n[NEWS]:\n\nNo relative news reported.\n[Basic Financials]:\n\nNo basic financial reported.\n\nBased on all the information before 2023-07-17, let's first analyze the positive developments and potential concerns for META. Come up with 2-4 most important factors respectively and keep them concise. Integrate both quantitative signals and news to explain the movement. Then let's assume your prediction for the coming trading week (2023-07-17 pre-market to 2023-07-21 close) is down by 4-5%. Pay special attention to [WEEKEND NEWS - PRE-MARKET], because this information is available before Monday open. Provide a summary analysis to support your prediction. Before writing the analysis, cross-reference the [QUANT SIGNALS] with the [NEWS]. If the prediction is down by 4-5% but the technicals show a conflict (e.g., predicting 'Up' when Trend is 'Strong Downtrend'), explain this divergence logically (e.g., as a 'trend reversal' or 'short squeeze') rather than ignoring the data. The prediction result need to be inferred from your analysis at the end, and thus not appearing as a foundational factor of your analysis.","[Positive Developments]:
1. **Strong Relative Strength (Alpha)**: META outperformed the Nasdaq-100 by 1.04% on a significant up day, indicating institutional preference and positive momentum within the tech sector.
2. **Bullish Daily Technical Momentum**: The daily MACD shows a bullish crossover, and the stock is in a strong uptrend, confirming recent buying pressure and positive short-term sentiment.
3. **Structural Uptrend Intact**: The strong uptrend and recent 4.51% price increase suggest the prevailing market narrative for the company remains favorable, likely driven by continued AI optimism and cost-efficiency narratives from prior quarters.

[Potential Concerns]:
1. **Severely Overbought Weekly Condition**: The Weekly RSI of 80.3 is deep in overbought territory, indicating the stock is statistically extended and at high risk for a momentum reversal or consolidation.
2. **Technically Overextended**: Trading 15.5% above its 50-day Simple Moving Average (SMA50) places the stock in an ""Overextended"" mean reversion state. This creates a significant gravitational pull for a pullback toward the mean.
3. **No Fundamental Catalyst for Recent Move**: The absence of company-specific news to justify the latest surge suggests the move was driven by sector/market flows and technical momentum, not new fundamental improvements, making it vulnerable.

[Prediction & Analysis]:
Prediction for the trading week of 2023-07-17 to 2023-07-21: **Down 4-5%**.

**Analysis**:
The core of the analysis is a conflict between powerful short-term momentum and extreme overbought/overextended structural conditions.
1.  **Technical Reality**: The weekly RSI at 80.3 and the 15.5% premium to the SMA50 are dominant, non-negotiable technical warnings. These levels historically precede periods of consolidation or pullback, regardless of the daily bullish signals (MACD, uptrend). The daily uptrend is real but now exists within an unsustainable weekly framework.
2.  **Relative Performance & Catalyst Scarcity**: While META's alpha is positive, the lack of a fresh, company-specific catalyst to fuel further immediate gains is critical. The recent move is best explained as a **beta-driven momentum extension** within a hot tech sector, not a fundamental re-rating. This type of move is highly susceptible to a reversal if broad market sentiment stalls or profit-taking emerges.
3.  **Mechanics of the Predicted Move**: The prediction of a 4-5% decline is grounded in **mean reversion**. A move of this magnitude would begin to relieve the severe overbought pressure on the weekly RSI and bring the price closer to its rising SMA50, providing a healthier base for any future advance. The decline would likely be triggered by a combination of profit-taking from the recent run-up and a potential shift in sector-wide risk appetite.

[Primary Driver]:
Technical",down by 4-5%,2023-07-17,2023-07-21,20,Technical
"[Company Introduction]:\n\nMeta Platforms Inc is a leading entity in the Media sector. Incorporated and publicly traded since 2012-05-18, the company has established its reputation as one of the key players in the market. As of today, Meta Platforms Inc has a market capitalization of 1617119.55 in USD, with 2529.56 shares outstanding.\n\nMeta Platforms Inc operates primarily in the US, trading under the ticker META on the NASDAQ NMS - GLOBAL MARKET. As a dominant force in the Media space, the company continues to innovate and drive progress within the industry.\n\n[QUANT SIGNALS - STRUCTURAL]:\n- Price Move: META increased by 2.77% (265.25 -> 272.61)\n- Alpha vs Nasdaq-100: +1.44% (Outperformed)\n- Market Context (VIX): N/A\n- Volume Status: Normal (Z-Score: -0.5)\n- Volatility (ATR): 6.36 (Normal)\n- Weekly RSI (Trend Strength): 82.3 (Overbought)\n\n[TECHNICALS - DAILY]:\n- Daily RSI: 93.6 (Overbought)\n- Trend: Strong Uptrend\n- MACD: Bullish Crossover\n- Mean Reversion: 18.9% from SMA50 (Overextended)\n\n[NEWS]:\n\nNo relative news reported.\n\n[QUANT SIGNALS - STRUCTURAL]:\n- Price Move: META decreased by 1.98% (270.30 -> 264.95)\n- Alpha vs Nasdaq-100: -1.87% (Underperformed)\n- Market Context (VIX): N/A\n- Volume Status: Normal (Z-Score: -1.4)\n- Volatility (ATR): 7.21 (Normal)\n- Weekly RSI (Trend Strength): 85.0 (Overbought)\n\n[TECHNICALS - DAILY]:\n- Daily RSI: 73.8 (Overbought)\n- Trend: Strong Uptrend\n- MACD: Bearish Crossover\n- Mean Reversion: 12.4% from SMA50 (Normal)\n\n[NEWS]:\n\nNo relative news reported.\n\n[QUANT SIGNALS - STRUCTURAL]:\n- Price Move: META increased by 5.18% (267.17 -> 281.00)\n- Alpha vs Nasdaq-100: +3.11% (Outperformed)\n- Market Context (VIX): N/A\n- Volume Status: HUGE (Z-Score: 3.4)\n- Volatility (ATR): 7.65 (Normal)\n- Weekly RSI (Trend Strength): 78.7 (Overbought)\n\n[TECHNICALS - DAILY]:\n- Daily RSI: 74.5 (Overbought)\n- Trend: Strong Uptrend\n- MACD: Bullish Crossover\n- Mean Reversion: 16.1% from SMA50 (Overextended)\n\n[NEWS]:\n\nNo relative news reported.\n\n[QUANT SIGNALS - STRUCTURAL]:\n- Price Move: META increased by 3.59% (278.73 -> 288.73)\n- Alpha vs Nasdaq-100: +4.78% (Outperformed)\n- Market Context (VIX): N/A\n- Volume Status: HUGE (Z-Score: 3.1)\n- Volatility (ATR): 8.03 (Normal)\n- Weekly RSI (Trend Strength): 84.0 (Overbought)\n\n[TECHNICALS - DAILY]:\n- Daily RSI: 69.6 (Neutral)\n- Trend: Strong Uptrend\n- MACD: Bullish Crossover\n- Mean Reversion: 16.6% from SMA50 (Overextended)\n\n[NEWS]:\n\nNo relative news reported.\n[Basic Financials]:\n\nNo basic financial reported.\n\nBased on all the information before 2023-06-26, let's first analyze the positive developments and potential concerns for META. Come up with 2-4 most important factors respectively and keep them concise. Integrate both quantitative signals and news to explain the movement. Then let's assume your prediction for the coming trading week (2023-06-26 pre-market to 2023-06-30 close) is down by 0-1%. Pay special attention to [WEEKEND NEWS - PRE-MARKET], because this information is available before Monday open. Provide a summary analysis to support your prediction. Before writing the analysis, cross-reference the [QUANT SIGNALS] with the [NEWS]. If the prediction is down by 0-1% but the technicals show a conflict (e.g., predicting 'Up' when Trend is 'Strong Downtrend'), explain this divergence logically (e.g., as a 'trend reversal' or 'short squeeze') rather than ignoring the data. The prediction result need to be inferred from your analysis at the end, and thus not appearing as a foundational factor of your analysis.","[Positive Developments]:
1. Consistent Alpha Outperformance: META has outperformed the Nasdaq-100 in three of the four observed periods, with Alpha as high as +4.78%, indicating strong relative strength and investor confidence amid a broader market uptrend.
2. High-Volume Price Surges: Two periods saw huge volume spikes (Z-Score >3) accompanying price gains of 5.18% and 3.59%, suggesting institutional or momentum-driven buying, likely due to sector rotation or technical breakouts.
3. Reinforced Technical Uptrend: Daily MACD bullish crossovers and a ""Strong Uptrend"" designation across periods support sustained positive momentum, with the stock maintaining upward trajectory despite overbought signals.

[Potential Concerns]:
1. Extreme Overbought Conditions: Weekly RSI remains persistently elevated (78.7-85.0), and daily RSI has hit extreme levels (e.g., 93.6), indicating heightened risk of a pullback or consolidation due to exhausted buying pressure.
2. Price Overextension from SMA50: Mean reversion levels show the stock is overextended by up to 18.9% from its 50-day moving average, increasing vulnerability to a technical correction as it deviates from historical norms.
3. Intermittent Bearish Signals and Volatility: One period featured a price decline with underperformance (-1.87% Alpha) and a MACD bearish crossover, highlighting underlying volatility and potential profit-taking even within the uptrend.

[Prediction & Analysis]:
The prediction for the upcoming week (2023-06-26 to 2023-06-30) is a slight decline of 0-1%. This is inferred from the following analysis: Technically, META is in a precarious position with weekly RSI at 84.0 (overbought) and price overextended by 16.6% from SMA50, suggesting limited near-term upside without a major catalyst. While the trend remains strong and MACD bullish, such overbought conditions historically precede minor pullbacks for consolidation. Relative performance has been positive, but Alpha gains may fade as profit-taking emerges in the absence of new positive news—all news sections reported ""No relative news,"" so previous moves are attributed to flow-driven mechanisms (e.g., sector rotation indicated by huge volume Z-Scores). The two consecutive weeks of huge volume spikes likely absorbed buying interest, leaving the stock susceptible to a technical correction. The divergence from the strong uptrend is logical as a short-term mean reversion within a broader bullish trend, driven by overbought exhaustion rather than fundamental deterioration. Thus, a mild down move of 0-1% aligns with a cooling-off period before potential resumption of the uptrend.

[Primary Driver]:
Mixed (Technical and Flow)",down by 0-1%,2023-06-26,2023-06-30,17,Mixed (Technical and Flow)
"[Company Introduction]:\n\nMeta Platforms Inc is a leading entity in the Media sector. Incorporated and publicly traded since 2012-05-18, the company has established its reputation as one of the key players in the market. As of today, Meta Platforms Inc has a market capitalization of 1617119.55 in USD, with 2529.56 shares outstanding.\n\nMeta Platforms Inc operates primarily in the US, trading under the ticker META on the NASDAQ NMS - GLOBAL MARKET. As a dominant force in the Media space, the company continues to innovate and drive progress within the industry.\n\n[QUANT SIGNALS - STRUCTURAL]:\n- Price Move: META increased by 4.51% (295.55 -> 308.87)\n- Alpha vs Nasdaq-100: +1.04% (Outperformed)\n- Market Context (VIX): N/A\n- Volume Status: Normal (Z-Score: -0.4)\n- Volatility (ATR): 8.42 (Normal)\n- Weekly RSI (Trend Strength): 80.3 (Overbought)\n\n[TECHNICALS - DAILY]:\n- Daily RSI: 64.3 (Neutral)\n- Trend: Strong Uptrend\n- MACD: Bullish Crossover\n- Mean Reversion: 15.5% from SMA50 (Overextended)\n\n[NEWS]:\n\nNo relative news reported.\n\n[QUANT SIGNALS - STRUCTURAL]:\n- Price Move: META decreased by 4.32% (307.54 -> 294.26)\n- Alpha vs Nasdaq-100: -2.49% (Underperformed)\n- Market Context (VIX): N/A\n- Volume Status: High (Z-Score: 1.3)\n- Volatility (ATR): 8.98 (High)\n- Weekly RSI (Trend Strength): 82.2 (Overbought)\n\n[TECHNICALS - DAILY]:\n- Daily RSI: 55.2 (Neutral)\n- Trend: Strong Uptrend\n- MACD: Bearish Crossover\n- Mean Reversion: 7.1% from SMA50 (Normal)\n\n[NEWS]:\n\nNo relative news reported.\n[Basic Financials]:\n\nNo basic financial reported.\n\nBased on all the information before 2023-07-24, let's first analyze the positive developments and potential concerns for META. Come up with 2-4 most important factors respectively and keep them concise. Integrate both quantitative signals and news to explain the movement. Then let's assume your prediction for the coming trading week (2023-07-24 pre-market to 2023-07-28 close) is up by more than 5%. Pay special attention to [WEEKEND NEWS - PRE-MARKET], because this information is available before Monday open. Provide a summary analysis to support your prediction. Before writing the analysis, cross-reference the [QUANT SIGNALS] with the [NEWS]. If the prediction is up by more than 5% but the technicals show a conflict (e.g., predicting 'Up' when Trend is 'Strong Downtrend'), explain this divergence logically (e.g., as a 'trend reversal' or 'short squeeze') rather than ignoring the data. The prediction result need to be inferred from your analysis at the end, and thus not appearing as a foundational factor of your analysis.","[Positive Developments]:
1. Strong Relative Performance Earlier: The stock demonstrated alpha (+1.04%) against the Nasdaq-100 during its up week, indicating underlying institutional support and fundamental strength.
2. Intact Primary Uptrend: Despite a pullback, the daily and weekly trend structures remain in a ""Strong Uptrend,"" suggesting the broader bullish thesis is unchallenged.
3. Healthy Mean Reversion: The pullback brought the price from an ""Overextended"" 15.5% above the SMA50 to a ""Normal"" 7.1% above, relieving overbought pressure and creating a potential entry point for trend followers.

[Potential Concerns]:
1. Overbought Weekly Conditions: The Weekly RSI readings of 80.3 and 82.2 are deeply in overbought territory, signaling a high risk of a sustained corrective period or consolidation.
2. High-Volume Distribution: The 4.32% down week occurred on high volume (Z-Score: 1.3), indicating significant selling pressure and potential institutional distribution.
3. Technical Deterioration on Daily Chart: The daily MACD has executed a bearish crossover, and the stock underperformed its index by -2.49% during the down week, showing weakening short-term momentum.

[Prediction & Analysis]:
**Analysis:** The technical picture is conflicted. The weekly timeframe is dangerously overbought (RSI >80), which historically limits upside potential and increases vulnerability. However, the daily chart shows the pullback was orderly, bringing the price back to a more sustainable distance from its 50-day moving average. The absence of company-specific news points to the recent movement being driven by market mechanics: the initial rise was likely beta-driven momentum within a strong sector, while the subsequent drop was a high-volume, flow-driven correction within an overextended uptrend (profit-taking).

Given the prediction parameter of ""up by more than 5%"" for the coming week, this would require a significant bullish catalyst to override the overbought weekly warning. In its absence, such a move would most logically be a technical ""relief rally"" or a short squeeze following the sharp, high-volume drop. The daily RSI (55.2) is now neutral, providing room for a bounce. The primary uptrend is still the dominant structure, and markets often see volatile, sharp rebounds after intense selling episodes, especially in leading stocks.

Therefore, a >5% rise is possible but would be a counter-trend bounce within a weekly structure that is warning of exhaustion. It would not be a sustainable breakout but rather a volatile reaction to the prior week's sell-off, likely fueled by dip-buying and covering of short-term positions.

**Prediction:** For the trading week of 2023-07-24 to 2023-07-28, META is predicted to be **UP by more than 5%**, driven by a technical bounce from its recent pullback within the context of its primary uptrend.

[Primary Driver]:
Mixed (with a Technical lean). The predicted move is a combination of a technical setup (neutral daily RSI after a pullback within a strong uptrend) and the prevailing market narrative of META as a sector leader, though no new fundamental catalyst is present. The overbearing weekly technical warning makes this a high-risk, momentum-driven call.",up by more than 5%,2023-07-24,2023-07-28,21,"Mixed (with a Technical lean). The predicted move is a combination of a technical setup (neutral daily RSI after a pullback within a strong uptrend) and the prevailing market narrative of META as a sector leader, though no new fundamental catalyst is present. The overbearing weekly technical warning makes this a high-risk, momentum-driven call."
"[Company Introduction]:\n\nMeta Platforms Inc is a leading entity in the Media sector. Incorporated and publicly traded since 2012-05-18, the company has established its reputation as one of the key players in the market. As of today, Meta Platforms Inc has a market capitalization of 1617119.55 in USD, with 2529.56 shares outstanding.\n\nMeta Platforms Inc operates primarily in the US, trading under the ticker META on the NASDAQ NMS - GLOBAL MARKET. As a dominant force in the Media space, the company continues to innovate and drive progress within the industry.\n\n[QUANT SIGNALS - STRUCTURAL]:\n- Price Move: META increased by 3.59% (278.73 -> 288.73)\n- Alpha vs Nasdaq-100: +4.78% (Outperformed)\n- Market Context (VIX): N/A\n- Volume Status: HUGE (Z-Score: 3.1)\n- Volatility (ATR): 8.03 (Normal)\n- Weekly RSI (Trend Strength): 84.0 (Overbought)\n\n[TECHNICALS - DAILY]:\n- Daily RSI: 69.6 (Neutral)\n- Trend: Strong Uptrend\n- MACD: Bullish Crossover\n- Mean Reversion: 16.6% from SMA50 (Overextended)\n\n[NEWS]:\n\nNo relative news reported.\n\n[QUANT SIGNALS - STRUCTURAL]:\n- Price Move: META decreased by 0.60% (288.70 -> 286.98)\n- Alpha vs Nasdaq-100: -3.88% (Underperformed)\n- Market Context (VIX): N/A\n- Volume Status: Normal (Z-Score: -0.3)\n- Volatility (ATR): 8.22 (Normal)\n- Weekly RSI (Trend Strength): 83.1 (Overbought)\n\n[TECHNICALS - DAILY]:\n- Daily RSI: 68.2 (Neutral)\n- Trend: Strong Uptrend\n- MACD: Bearish Crossover\n- Mean Reversion: 12.9% from SMA50 (Normal)\n\n[NEWS]:\n\nNo relative news reported.\n\n[QUANT SIGNALS - STRUCTURAL]:\n- Price Move: META increased by 1.34% (286.70 -> 290.53)\n- Alpha vs Nasdaq-100: +2.43% (Outperformed)\n- Market Context (VIX): N/A\n- Volume Status: Normal (Z-Score: 0.1)\n- Volatility (ATR): 8.10 (Normal)\n- Weekly RSI (Trend Strength): 80.7 (Overbought)\n\n[TECHNICALS - DAILY]:\n- Daily RSI: 57.6 (Neutral)\n- Trend: Strong Uptrend\n- MACD: Bearish Crossover\n- Mean Reversion: 11.5% from SMA50 (Normal)\n\n[NEWS]:\n\nNo relative news reported.\nSome recent basic financials of META, reported at 2023-06-30, are presented below:\n\n[Basic Financials]:\n\nassetTurnoverTTM: 0.6379\nbookValue: 134033\ncashRatio: 0.9620333545001838\ncurrentRatio: 2.3248\nebitPerShare: 3.5957\neps: 2.9816\nev: 725809.8\nevEbitdaTTM: 19.1754\nevRevenueTTM: 6.0222\nfcfMargin: 0.3467\nfcfPerShareTTM: 9.3408\ngrossMargin: 0.8129\nlongtermDebtTotalAsset: 0.0889\nlongtermDebtTotalCapital: 0.12\nlongtermDebtTotalEquity: 0.1371\nnetDebtToTotalCapital: -0.063\nnetDebtToTotalEquity: -0.0719\nnetMargin: 0.2434\noperatingMargin: 0.2935\npb: 5.4871\npeTTM: 32.6215\npfcfTTM: 30.6005\npretaxMargin: 0.2904\npsTTM: 6.1022\nptbv: 5.5224\nquickRatio: 2.2099\nreceivablesTurnoverTTM: 10.0285\nroaTTM: 0.1193\nroeTTM: 0.1773\nroicTTM: 0.1612\nrotcTTM: 0.2051\nsalesPerShare: 12.2508\nsgaToSale: 0.1871\ntangibleBookValue: 133177\ntotalDebtToEquity: 0.1428\ntotalDebtToTotalAsset: 0.0926\ntotalDebtToTotalCapital: 0.125\ntotalRatio: 2.8448\n\nBased on all the information before 2023-07-10, let's first analyze the positive developments and potential concerns for META. Come up with 2-4 most important factors respectively and keep them concise. Integrate both quantitative signals and news to explain the movement. Then let's assume your prediction for the coming trading week (2023-07-10 pre-market to 2023-07-14 close) is up by 4-5%. Pay special attention to [WEEKEND NEWS - PRE-MARKET], because this information is available before Monday open. Provide a summary analysis to support your prediction. Before writing the analysis, cross-reference the [QUANT SIGNALS] with the [NEWS]. If the prediction is up by 4-5% but the technicals show a conflict (e.g., predicting 'Up' when Trend is 'Strong Downtrend'), explain this divergence logically (e.g., as a 'trend reversal' or 'short squeeze') rather than ignoring the data. The prediction result need to be inferred from your analysis at the end, and thus not appearing as a foundational factor of your analysis.","[Positive Developments]:
1. Strong financial fundamentals, including robust net margin (0.2434) and free cash flow per share (9.3408), indicating healthy profitability and cash generation.
2. Persistent strong uptrend in price action, with outperformance against the Nasdaq-100 in two of three periods (+4.78% and +2.43% alpha), signaling relative strength.
3. Significant volume spike (Z-Score: 3.1) in the first period, suggesting institutional or heavy buying interest, which can propel further gains.
4. Daily technicals show neutral RSI (57.6 in the last period) and normal mean reversion from SMA50 (11.5%), allowing room for upward movement despite overbought weekly conditions.

[Potential Concerns]:
1. Weekly RSI remains elevated (80.7) and overbought across all periods, increasing the risk of a technical pullback or consolidation.
2. Recent daily MACD bearish crossovers indicate potential short-term momentum loss, which could cap near-term upside.
3. One instance of underperformance against the Nasdaq-100 (-3.88% alpha) with normal volume, reflecting intermittent selling pressure or profit-taking.
4. High valuation multiples (e.g., P/E TTM of 32.62) may limit upside if growth expectations are not met, especially in the absence of fresh catalysts.

[Prediction & Analysis]:
Assuming a prediction of up 4-5% for the trading week from 2023-07-10 pre-market to 2023-07-14 close, this outlook must be reconciled with conflicting technical signals, particularly the overbought weekly RSI. The absence of company-specific news across all periods indicates that price movements are driven by market mechanics rather than fundamental catalysts. The strong uptrend, supported by periods of alpha generation and a volume spike, suggests sustained institutional flows or sector rotation into Media stocks. Daily RSI is neutral, and mean reversion from SMA50 is normal, providing technical space for a continued rally. The predicted rise could stem from momentum carryover, beta-driven alignment with a bullish broader market, or a technical breakout above resistance levels. However, the overbought weekly RSI implies heightened volatility, and the move may face headwinds from profit-taking if no new narrative emerges. Thus, while the uptrend is likely to persist, the 4-5% gain may be achieved through choppy, flow-driven advances rather than a smooth climb.

[Primary Driver]:
Flow",up by 4-5%,2023-07-10,2023-07-14,19,Flow
"[Company Introduction]:\n\nMeta Platforms Inc is a leading entity in the Media sector. Incorporated and publicly traded since 2012-05-18, the company has established its reputation as one of the key players in the market. As of today, Meta Platforms Inc has a market capitalization of 1617119.55 in USD, with 2529.56 shares outstanding.\n\nMeta Platforms Inc operates primarily in the US, trading under the ticker META on the NASDAQ NMS - GLOBAL MARKET. As a dominant force in the Media space, the company continues to innovate and drive progress within the industry.\n\n[QUANT SIGNALS - STRUCTURAL]:\n- Price Move: META decreased by 4.32% (307.54 -> 294.26)\n- Alpha vs Nasdaq-100: -2.49% (Underperformed)\n- Market Context (VIX): N/A\n- Volume Status: High (Z-Score: 1.3)\n- Volatility (ATR): 8.98 (High)\n- Weekly RSI (Trend Strength): 82.2 (Overbought)\n\n[TECHNICALS - DAILY]:\n- Daily RSI: 55.2 (Neutral)\n- Trend: Strong Uptrend\n- MACD: Bearish Crossover\n- Mean Reversion: 7.1% from SMA50 (Normal)\n\n[NEWS]:\n\nNo relative news reported.\n\n[QUANT SIGNALS - STRUCTURAL]:\n- Price Move: META increased by 10.04% (295.78 -> 325.48)\n- Alpha vs Nasdaq-100: +8.11% (Outperformed)\n- Market Context (VIX): N/A\n- Volume Status: Normal (Z-Score: 0.6)\n- Volatility (ATR): 10.76 (High)\n- Weekly RSI (Trend Strength): 73.8 (Overbought)\n\n[TECHNICALS - DAILY]:\n- Daily RSI: 67.6 (Neutral)\n- Trend: Strong Uptrend\n- MACD: Bearish Crossover\n- Mean Reversion: 15.6% from SMA50 (Overextended)\n\n[NEWS]:\n\nNo relative news reported.\n[Basic Financials]:\n\nNo basic financial reported.\n\nBased on all the information before 2023-07-31, let's first analyze the positive developments and potential concerns for META. Come up with 2-4 most important factors respectively and keep them concise. Integrate both quantitative signals and news to explain the movement. Then let's assume your prediction for the coming trading week (2023-07-31 pre-market to 2023-08-04 close) is down by 4-5%. Pay special attention to [WEEKEND NEWS - PRE-MARKET], because this information is available before Monday open. Provide a summary analysis to support your prediction. Before writing the analysis, cross-reference the [QUANT SIGNALS] with the [NEWS]. If the prediction is down by 4-5% but the technicals show a conflict (e.g., predicting 'Up' when Trend is 'Strong Downtrend'), explain this divergence logically (e.g., as a 'trend reversal' or 'short squeeze') rather than ignoring the data. The prediction result need to be inferred from your analysis at the end, and thus not appearing as a foundational factor of your analysis.","[Positive Developments]:
1. Strong Relative Outperformance: META rallied 10.04% in the second period, significantly outperforming the Nasdaq-100 by +8.11%, indicating powerful buying interest and positive sector/stock-specific sentiment.
2. Resilient Uptrend Intact: The price action confirms a ""Strong Uptrend"" on the daily timeframe. The recovery from the prior week's dip and subsequent surge to new highs demonstrates underlying bullish momentum.

[Potential Concerns]:
1. Extreme Overbought & Overextended Conditions: The Weekly RSI is deeply overbought at 73.8, and the price is 15.6% above its 50-day SMA, classified as ""Overextended."" This creates a high risk for a sharp mean reversion or profit-taking pullback.
2. Bearish Divergence in Momentum: Despite the price rally, the daily MACD shows a ""Bearish Crossover,"" suggesting underlying momentum may be waning and warning of a potential near-term trend pause or reversal.
3. High Volatility and Choppy Structure: The Average True Range (ATR) is ""High"" at 10.76, and the prior week saw a high-volume decline of -4.32%, indicating elevated volatility and the presence of significant selling pressure at elevated levels.

[Prediction & Analysis]:
Our prediction for the week of 2023-07-31 is for META's stock price to move **down by 4-5%**.

The analysis hinges on the conflict between the strong price trend and the severely overbought technical structure. The two price moves presented—first a high-volume drop, then a low-volume surge—paint a picture of a volatile, extended market. The absence of company-specific news points to these moves being driven by **broad market and sector flows** (first week's underperformance likely due to sector rotation/profit-taking; second week's outperformance likely due to renewed tech/growth appetite).

Crucially, the technical reality is now paramount. The stock is extremely overextended (15.6% above SMA50) with a weekly RSI in overbought territory. The bearish MACD crossover on the daily chart during a rally is a classic warning sign of divergence. In the absence of a new, massive fundamental catalyst (no major news), the path of least resistance for the upcoming week is a **technical pullback**. The predicted 4-5% decline would act as a healthy mean reversion, bringing the price closer to its rising 50-day SMA and cooling the overbought weekly RSI, without necessarily breaking the longer-term uptrend.

[Primary Driver]:
Technical",down by 4-5%,2023-07-31,2023-08-04,22,Technical
"[Company Introduction]:\n\nMeta Platforms Inc is a leading entity in the Media sector. Incorporated and publicly traded since 2012-05-18, the company has established its reputation as one of the key players in the market. As of today, Meta Platforms Inc has a market capitalization of 1617119.55 in USD, with 2529.56 shares outstanding.\n\nMeta Platforms Inc operates primarily in the US, trading under the ticker META on the NASDAQ NMS - GLOBAL MARKET. As a dominant force in the Media space, the company continues to innovate and drive progress within the industry.\n\n[QUANT SIGNALS - STRUCTURAL]:\n- Price Move: META decreased by 4.32% (307.54 -> 294.26)\n- Alpha vs Nasdaq-100: -2.49% (Underperformed)\n- Market Context (VIX): N/A\n- Volume Status: High (Z-Score: 1.3)\n- Volatility (ATR): 8.98 (High)\n- Weekly RSI (Trend Strength): 82.2 (Overbought)\n\n[TECHNICALS - DAILY]:\n- Daily RSI: 55.2 (Neutral)\n- Trend: Strong Uptrend\n- MACD: Bearish Crossover\n- Mean Reversion: 7.1% from SMA50 (Normal)\n\n[NEWS]:\n\nNo relative news reported.\n\n[QUANT SIGNALS - STRUCTURAL]:\n- Price Move: META increased by 10.04% (295.78 -> 325.48)\n- Alpha vs Nasdaq-100: +8.11% (Outperformed)\n- Market Context (VIX): N/A\n- Volume Status: Normal (Z-Score: 0.6)\n- Volatility (ATR): 10.76 (High)\n- Weekly RSI (Trend Strength): 73.8 (Overbought)\n\n[TECHNICALS - DAILY]:\n- Daily RSI: 67.6 (Neutral)\n- Trend: Strong Uptrend\n- MACD: Bearish Crossover\n- Mean Reversion: 15.6% from SMA50 (Overextended)\n\n[NEWS]:\n\nNo relative news reported.\n\n[QUANT SIGNALS - STRUCTURAL]:\n- Price Move: META decreased by 4.00% (323.69 -> 310.73)\n- Alpha vs Nasdaq-100: -0.97% (Underperformed)\n- Market Context (VIX): N/A\n- Volume Status: Normal (Z-Score: -1.0)\n- Volatility (ATR): 10.98 (High)\n- Weekly RSI (Trend Strength): 82.0 (Overbought)\n\n[TECHNICALS - DAILY]:\n- Daily RSI: 50.1 (Neutral)\n- Trend: Strong Uptrend\n- MACD: Bearish Crossover\n- Mean Reversion: 7.6% from SMA50 (Normal)\n\n[NEWS]:\n\nNo relative news reported.\n\n[QUANT SIGNALS - STRUCTURAL]:\n- Price Move: META decreased by 3.70% (313.23 -> 301.64)\n- Alpha vs Nasdaq-100: -1.31% (Underperformed)\n- Market Context (VIX): N/A\n- Volume Status: Normal (Z-Score: -0.9)\n- Volatility (ATR): 10.05 (High)\n- Weekly RSI (Trend Strength): 71.6 (Overbought)\n\n[TECHNICALS - DAILY]:\n- Daily RSI: 56.4 (Neutral)\n- Trend: Strong Uptrend\n- MACD: Bearish Crossover\n- Mean Reversion: 2.7% from SMA50 (Normal)\n\n[NEWS]:\n\nNo relative news reported.\n[Basic Financials]:\n\nNo basic financial reported.\n\nBased on all the information before 2023-08-14, let's first analyze the positive developments and potential concerns for META. Come up with 2-4 most important factors respectively and keep them concise. Integrate both quantitative signals and news to explain the movement. Then let's assume your prediction for the coming trading week (2023-08-14 pre-market to 2023-08-18 close) is down by more than 5%. Pay special attention to [WEEKEND NEWS - PRE-MARKET], because this information is available before Monday open. Provide a summary analysis to support your prediction. Before writing the analysis, cross-reference the [QUANT SIGNALS] with the [NEWS]. If the prediction is down by more than 5% but the technicals show a conflict (e.g., predicting 'Up' when Trend is 'Strong Downtrend'), explain this divergence logically (e.g., as a 'trend reversal' or 'short squeeze') rather than ignoring the data. The prediction result need to be inferred from your analysis at the end, and thus not appearing as a foundational factor of your analysis.","[Positive Developments]:
1. Demonstrated strong momentum recovery: The stock showed an impressive +10.04% weekly gain with significant Alpha (+8.11% vs NDX), indicating robust investor confidence and buying pressure during that period, even in the absence of specific news.
2. Resilient primary trend: Despite recent pullbacks, the overarching technical structure remains a ""Strong Uptrend"" across all reported periods, suggesting the longer-term bullish thesis is intact.

[Potential Concerns]:
1. Severely overbought conditions with weakening momentum: The Weekly RSI is dangerously high (peaking at 82.2) and has consistently remained above 70, signaling extreme overbought territory. This is coupled with a persistent ""Bearish Crossover"" on the Daily MACD, indicating waning upward momentum.
2. Recent underperformance and corrective price action: The stock has underperformed the Nasdaq-100 (negative Alpha) in three of the last four reported periods, including the most recent two weeks. This sequence of lower weekly closes (325.48 -> 310.73 -> 301.64) suggests profit-taking is occurring.
3. High volatility and normalizing volume: The Average True Range (ATR) is consistently marked ""High,"" and volume has reverted to normal or below-normal levels (Z-Score -0.9 to -1.0) during the declines, indicating the selling is not being met with strong buying interest.

[Prediction & Analysis]:
The prediction is for a downward move of more than 5% in the coming week. This is primarily driven by the confluence of a significant negative narrative catalyst from the weekend news and an extremely vulnerable technical setup.

**Technical Reality & Relative Performance:** The stock is primed for a correction. The Weekly RSI above 82 is a classic warning sign of overextension. Although the primary trend is up, such extreme readings often precede sharp, short-term pullbacks as the market seeks mean reversion. The stock has already begun to show relative weakness, underperforming its index on down weeks. The Bearish MACD crossover supports this view of decelerating bullish momentum.

**News Catalyst Integration & Market Mechanics:** The absence of company-specific news in the prior weeks means the strong uptrend and subsequent pullbacks were likely driven by **market mechanics and sector-level flows**. The large up-week with high Alpha suggests it was a beta-driven momentum play or sector rotation into tech/mega-caps. The following down-weeks with negative Alpha indicate this flow has reversed or profit-taking has emerged.

The **weekend news provides the critical catalyst** for the predicted sharp decline:
*   **Insider Selling:** The sale of a significant portion of Mark Zuckerberg's holdings is a substantial red flag for sentiment, often interpreted as a lack of confidence in near-term valuation.
*   **Legal/Regulatory Pressure:** New lawsuits alleging platform harm create headline risk, increase potential future liabilities, and could dampen the regulatory outlook.

This negative narrative hits a stock that is technically overbought and has shown recent weakness. It is likely to trigger a wave of profit-taking from momentum traders and attract short-sellers, catalyzing the technically overdue correction. The high volatility (ATR) environment will magnify the downward move.

[Primary Driver]:
**Mixed** (Narrative catalyst acting upon an overextended Technical setup). The severe overbought condition (Technical) created the tinder, and the negative weekend news (Narrative) is the spark for a significant sell-off.",down by more than 5%,2023-08-14,2023-08-18,24,"**Mixed** (Narrative catalyst acting upon an overextended Technical setup). The severe overbought condition (Technical) created the tinder, and the negative weekend news (Narrative) is the spark for a significant sell-off."
"[Company Introduction]:\n\nMeta Platforms Inc is a leading entity in the Media sector. Incorporated and publicly traded since 2012-05-18, the company has established its reputation as one of the key players in the market. As of today, Meta Platforms Inc has a market capitalization of 1617119.55 in USD, with 2529.56 shares outstanding.\n\nMeta Platforms Inc operates primarily in the US, trading under the ticker META on the NASDAQ NMS - GLOBAL MARKET. As a dominant force in the Media space, the company continues to innovate and drive progress within the industry.\n\n[QUANT SIGNALS - STRUCTURAL]:\n- Price Move: META increased by 4.51% (295.55 -> 308.87)\n- Alpha vs Nasdaq-100: +1.04% (Outperformed)\n- Market Context (VIX): N/A\n- Volume Status: Normal (Z-Score: -0.4)\n- Volatility (ATR): 8.42 (Normal)\n- Weekly RSI (Trend Strength): 80.3 (Overbought)\n\n[TECHNICALS - DAILY]:\n- Daily RSI: 64.3 (Neutral)\n- Trend: Strong Uptrend\n- MACD: Bullish Crossover\n- Mean Reversion: 15.5% from SMA50 (Overextended)\n\n[NEWS]:\n\nNo relative news reported.\n\n[QUANT SIGNALS - STRUCTURAL]:\n- Price Move: META decreased by 4.32% (307.54 -> 294.26)\n- Alpha vs Nasdaq-100: -2.49% (Underperformed)\n- Market Context (VIX): N/A\n- Volume Status: High (Z-Score: 1.3)\n- Volatility (ATR): 8.98 (High)\n- Weekly RSI (Trend Strength): 82.2 (Overbought)\n\n[TECHNICALS - DAILY]:\n- Daily RSI: 55.2 (Neutral)\n- Trend: Strong Uptrend\n- MACD: Bearish Crossover\n- Mean Reversion: 7.1% from SMA50 (Normal)\n\n[NEWS]:\n\nNo relative news reported.\n\n[QUANT SIGNALS - STRUCTURAL]:\n- Price Move: META increased by 10.04% (295.78 -> 325.48)\n- Alpha vs Nasdaq-100: +8.11% (Outperformed)\n- Market Context (VIX): N/A\n- Volume Status: Normal (Z-Score: 0.6)\n- Volatility (ATR): 10.76 (High)\n- Weekly RSI (Trend Strength): 73.8 (Overbought)\n\n[TECHNICALS - DAILY]:\n- Daily RSI: 67.6 (Neutral)\n- Trend: Strong Uptrend\n- MACD: Bearish Crossover\n- Mean Reversion: 15.6% from SMA50 (Overextended)\n\n[NEWS]:\n\nNo relative news reported.\n\n[QUANT SIGNALS - STRUCTURAL]:\n- Price Move: META decreased by 4.00% (323.69 -> 310.73)\n- Alpha vs Nasdaq-100: -0.97% (Underperformed)\n- Market Context (VIX): N/A\n- Volume Status: Normal (Z-Score: -1.0)\n- Volatility (ATR): 10.98 (High)\n- Weekly RSI (Trend Strength): 82.0 (Overbought)\n\n[TECHNICALS - DAILY]:\n- Daily RSI: 50.1 (Neutral)\n- Trend: Strong Uptrend\n- MACD: Bearish Crossover\n- Mean Reversion: 7.6% from SMA50 (Normal)\n\n[NEWS]:\n\nNo relative news reported.\n[Basic Financials]:\n\nNo basic financial reported.\n\nBased on all the information before 2023-08-07, let's first analyze the positive developments and potential concerns for META. Come up with 2-4 most important factors respectively and keep them concise. Integrate both quantitative signals and news to explain the movement. Then let's assume your prediction for the coming trading week (2023-08-07 pre-market to 2023-08-11 close) is down by 3-4%. Pay special attention to [WEEKEND NEWS - PRE-MARKET], because this information is available before Monday open. Provide a summary analysis to support your prediction. Before writing the analysis, cross-reference the [QUANT SIGNALS] with the [NEWS]. If the prediction is down by 3-4% but the technicals show a conflict (e.g., predicting 'Up' when Trend is 'Strong Downtrend'), explain this divergence logically (e.g., as a 'trend reversal' or 'short squeeze') rather than ignoring the data. The prediction result need to be inferred from your analysis at the end, and thus not appearing as a foundational factor of your analysis.","[Positive Developments]:
1. **Strong Relative Outperformance Episodes**: META demonstrated significant alpha generation, notably a +8.11% outperformance versus the Nasdaq-100 during a +10.04% weekly rally, indicating periods of powerful investor conviction and leadership.
2. **Robust Underlying Uptrend**: The daily and weekly technical structure consistently shows a ""Strong Uptrend."" Even during pullbacks, the price held key support levels, maintaining a healthy distance above the SMA50 during rallies.
3. **High-Momentum Price Action**: The capability to rally over 10% in a single week on normal volume signals strong underlying buying interest and momentum, likely driven by positive sector or broader ""Magnificent Seven"" narrative flows.

[Potential Concerns]:
1. **Severely Overbought Weekly Conditions**: The Weekly RSI has persistently been in overbought territory (peaking at 82.2), which historically defines a boundary for sustained upward movement and increases vulnerability to a sharp correction.
2. **Inconsistent Momentum & Bearish Divergences**: Despite the uptrend, the daily MACD has shown bearish crossovers during pullbacks (e.g., -4.32%, -4.00%), and these sell-offs occurred on high or normal volume, suggesting active profit-taking.
3. **Volatile and Unstable Alpha**: META's performance has been choppy, alternating between strong outperformance and significant underperformance (-2.49%, -0.97%) on down weeks. This indicates a lack of steady accumulation and hints at a ""two-steps forward, one-step back"" pattern driven by flows rather than a new, stable fundamental baseline.

[Prediction & Analysis]:
The prediction for a 3-4% decline in the coming week is primarily a function of **technical exhaustion and flow-driven profit-taking**, set against the backdrop of a strong but aging uptrend.

1.  **Technical Reality as a Constraint**: The most compelling factor is the persistently overbought Weekly RSI (73.8 to 82.2). An RSI above 80 is an extreme signal that severely limits the near-term probability of further upside without a significant consolidation or pullback. The stock has also become overextended from its SMA50 by over 15% during rallies, creating a gravitational pull for mean reversion.
2.  **Relative Performance Tells a Story of Fatigue**: The analysis of alpha reveals instability. The most recent weekly move was a -4.00% decline where META underperformed its index. This underperformance on a down day, following a massive outperformance week, is classic behavior of a momentum stock experiencing inflow exhaustion and the beginning of outflow rotation.
3.  **News Catalyst & Market Mechanics**: With no company-specific news, the recent price action must be ascribed to market mechanics. The +10.04% surge is characteristic of beta-driven momentum and sector rotation into mega-cap tech. The subsequent -4.00% drop on normal volume is likely the reversal of those same flows—institutional profit-taking and rebalancing after a sharp run-up. The high ATR (Average True Range) confirms this environment of elevated volatility suitable for such swings.
4.  **Divergence from Trend Strength**: While the long-term trend is strong, predicting a down week against it is logical as a short-term correction within a larger uptrend. The daily MACD's bearish crossovers and the neutral daily RSI (50.1) provide the immediate technical setup for this pullback. The strong uptrend suggests any decline will likely find buyers near longer-term moving averages (e.g., SMA50), but the initial move lower is the path of least resistance given the overbought weekly readings.

**Conclusion**: The combination of extreme weekly overbought conditions, evidence of profit-taking flows (shown by underperformance on down days), and the absence of a new fundamental catalyst to propel it further, points to a high probability of a technical pullback in the 3-4% range. This would serve to work off the overbought condition and potentially reset the daily MACD for the next leg higher within the primary uptrend.

[Primary Driver]:
Mixed (Technical Overbought Condition combined with Flow-driven Profit-Taking)",down by 3-4%,2023-08-07,2023-08-11,23,Mixed (Technical Overbought Condition combined with Flow-driven Profit-Taking)
"[Company Introduction]:\n\nMeta Platforms Inc is a leading entity in the Media sector. Incorporated and publicly traded since 2012-05-18, the company has established its reputation as one of the key players in the market. As of today, Meta Platforms Inc has a market capitalization of 1617119.55 in USD, with 2529.56 shares outstanding.\n\nMeta Platforms Inc operates primarily in the US, trading under the ticker META on the NASDAQ NMS - GLOBAL MARKET. As a dominant force in the Media space, the company continues to innovate and drive progress within the industry.\n\n[QUANT SIGNALS - STRUCTURAL]:\n- Price Move: META decreased by 5.89% (300.98 -> 283.25)\n- Alpha vs Nasdaq-100: -2.59% (Underperformed)\n- Market Context (VIX): N/A\n- Volume Status: Normal (Z-Score: 0.9)\n- Volatility (ATR): 8.57 (High)\n- Weekly RSI (Trend Strength): 70.9 (Overbought)\n\n[TECHNICALS - DAILY]:\n- Daily RSI: 23.0 (Oversold)\n- Trend: Bullish\n- MACD: Bearish Crossover\n- Mean Reversion: -4.3% from SMA50 (Normal)\n\n[NEWS]:\n\nNo relative news reported.\n[Basic Financials]:\n\nNo basic financial reported.\n\nBased on all the information before 2023-08-21, let's first analyze the positive developments and potential concerns for META. Come up with 2-4 most important factors respectively and keep them concise. Integrate both quantitative signals and news to explain the movement. Then let's assume your prediction for the coming trading week (2023-08-21 pre-market to 2023-08-25 close) is up by 0-1%. Pay special attention to [WEEKEND NEWS - PRE-MARKET], because this information is available before Monday open. Provide a summary analysis to support your prediction. Before writing the analysis, cross-reference the [QUANT SIGNALS] with the [NEWS]. If the prediction is up by 0-1% but the technicals show a conflict (e.g., predicting 'Up' when Trend is 'Strong Downtrend'), explain this divergence logically (e.g., as a 'trend reversal' or 'short squeeze') rather than ignoring the data. The prediction result need to be inferred from your analysis at the end, and thus not appearing as a foundational factor of your analysis.","[Positive Developments]:
1. Oversold Daily Conditions: The daily RSI of 23.0 indicates the stock is in deeply oversold territory following the recent 5.89% drop, which typically presents a technical setup for a short-term rebound or stabilization.
2. Proximity to Key Support: The price is only -4.3% from its SMA50, placing it near a major moving average that can act as a dynamic support level and attract buyers.

[Potential Concerns]:
1. Medium-Term Overbought Weekly Structure: Despite the daily sell-off, the weekly RSI of 70.9 remains in overbought territory, suggesting the broader uptrend may be exhausted and limiting the scope for a major rally.
2. Bearish Momentum Signal and Underperformance: The MACD has made a bearish crossover, and the stock underperformed the Nasdaq-100 by -2.59%, indicating weakening relative strength and negative momentum that could persist.
3. High Volatility in a Vacuum: The high Average True Range (ATR) of 8.57, combined with the absence of clarifying news, points to elevated uncertainty and potential for continued erratic price action.

[Prediction & Analysis]:
The prediction for a modest 0-1% gain in the coming week is predicated on a short-term technical bounce from oversold daily levels, constrained by the medium-term overbought weekly structure. The significant price drop occurred without company-specific news, indicating it was likely driven by market mechanics—specifically, a technical correction within a strong uptrend, possibly exacerbated by sector rotation or broad tech profit-taking (Flow driver). The oversold daily RSI creates a condition ripe for mean reversion or a ""dead cat bounce,"" but the bearish MACD crossover and high weekly RSI suggest any upward move will be weak and likely capped. The stock may attempt to consolidate around its SMA50, resulting in a choppy, slightly positive week as it digests the recent decline. The divergence between the ""Bullish"" trend label and the recent price action is explained by the trend being defined on a longer timeframe; the current pullback is being treated as a correction within that larger bullish context.

[Primary Driver]:
Technical",up by 0-1%,2023-08-21,2023-08-25,25,Technical
"[Company Introduction]:\n\nMeta Platforms Inc is a leading entity in the Media sector. Incorporated and publicly traded since 2012-05-18, the company has established its reputation as one of the key players in the market. As of today, Meta Platforms Inc has a market capitalization of 1617119.55 in USD, with 2529.56 shares outstanding.\n\nMeta Platforms Inc operates primarily in the US, trading under the ticker META on the NASDAQ NMS - GLOBAL MARKET. As a dominant force in the Media space, the company continues to innovate and drive progress within the industry.\n\n[QUANT SIGNALS - STRUCTURAL]:\n- Price Move: META decreased by 3.70% (313.23 -> 301.64)\n- Alpha vs Nasdaq-100: -1.31% (Underperformed)\n- Market Context (VIX): N/A\n- Volume Status: Normal (Z-Score: -0.9)\n- Volatility (ATR): 10.05 (High)\n- Weekly RSI (Trend Strength): 71.6 (Overbought)\n\n[TECHNICALS - DAILY]:\n- Daily RSI: 56.4 (Neutral)\n- Trend: Strong Uptrend\n- MACD: Bearish Crossover\n- Mean Reversion: 2.7% from SMA50 (Normal)\n\n[NEWS]:\n\nNo relative news reported.\n\n[QUANT SIGNALS - STRUCTURAL]:\n- Price Move: META decreased by 5.89% (300.98 -> 283.25)\n- Alpha vs Nasdaq-100: -2.59% (Underperformed)\n- Market Context (VIX): N/A\n- Volume Status: Normal (Z-Score: 0.9)\n- Volatility (ATR): 8.57 (High)\n- Weekly RSI (Trend Strength): 70.9 (Overbought)\n\n[TECHNICALS - DAILY]:\n- Daily RSI: 23.0 (Oversold)\n- Trend: Bullish\n- MACD: Bearish Crossover\n- Mean Reversion: -4.3% from SMA50 (Normal)\n\n[NEWS]:\n\nNo relative news reported.\n\n[QUANT SIGNALS - STRUCTURAL]:\n- Price Move: META increased by 0.72% (283.45 -> 285.50)\n- Alpha vs Nasdaq-100: +0.69% (Outperformed)\n- Market Context (VIX): N/A\n- Volume Status: Normal (Z-Score: 0.9)\n- Volatility (ATR): 9.10 (High)\n- Weekly RSI (Trend Strength): 63.6 (Neutral)\n\n[TECHNICALS - DAILY]:\n- Daily RSI: 27.1 (Oversold)\n- Trend: Bullish\n- MACD: Bearish Crossover\n- Mean Reversion: -4.2% from SMA50 (Normal)\n\n[NEWS]:\n\nNo relative news reported.\n[Basic Financials]:\n\nNo basic financial reported.\n\nBased on all the information before 2023-08-28, let's first analyze the positive developments and potential concerns for META. Come up with 2-4 most important factors respectively and keep them concise. Integrate both quantitative signals and news to explain the movement. Then let's assume your prediction for the coming trading week (2023-08-28 pre-market to 2023-09-01 close) is up by 2-3%. Pay special attention to [WEEKEND NEWS - PRE-MARKET], because this information is available before Monday open. Provide a summary analysis to support your prediction. Before writing the analysis, cross-reference the [QUANT SIGNALS] with the [NEWS]. If the prediction is up by 2-3% but the technicals show a conflict (e.g., predicting 'Up' when Trend is 'Strong Downtrend'), explain this divergence logically (e.g., as a 'trend reversal' or 'short squeeze') rather than ignoring the data. The prediction result need to be inferred from your analysis at the end, and thus not appearing as a foundational factor of your analysis.","[Positive Developments]:
1. **Oversold Daily RSI with Bullish Trend Label:** The daily RSI has dipped into oversold territory (23.0, then 27.1), which, when coupled with the maintained ""Bullish"" trend designation, suggests a potential near-term technical bounce is likely.
2. **Mean Reversion Setup:** The price moved to -4.3% below the SMA50, entering a normal mean reversion zone. This provides a technical floor and a target for a rebound towards the moving average.
3. **Selling Pressure Showing Signs of Exhaustion:** The third period showed a price increase and a positive alpha vs. the Nasdaq-100 (+0.69%), indicating the prior underperformance may be abating and buying interest is returning at lower levels.
4. **High Volatility Indicating Institutional Rebalancing:** The consistently High ATR suggests significant position turnover. This can flush out weak hands and set the stage for a more stable advance if flows turn positive.

[Potential Concerns]:
1. **Bearish MACD Crossover Amid ""Bullish"" Trend:** The persistent ""Bearish Crossover"" on the MACD contradicts the ""Bullish"" trend label, indicating underlying momentum deterioration that could cap any rally's strength.
2. **Persistent Relative Weakness:** META underperformed the Nasdaq-100 significantly in two of the three periods (-1.31%, -2.59%), signaling it is a source of funds or out of favor relative to big tech peers, which is a headwind for sustained alpha.
3. **High Volatility Without a Clear Narrative:** The elevated ATR and price declines occurred with ""No relative news reported,"" indicating the move is driven by market mechanics (e.g., sector rotation, liquidations). This lack of a fundamental anchor makes the price action vulnerable to continued flow-driven swings.
4. **Weekly RSI Cool-Down from Overbought:** While the weekly RSI moving from overbought to neutral (71.6 -> 63.6) is healthy, it confirms a breakdown from an extended condition, suggesting the primary weekly uptrend is pausing or correcting.

[Prediction & Analysis]:
The prediction for a 2-3% rise in the coming week is predicated on a technical rebound from oversold conditions, not a fundamental re-rating. The daily RSI is oversold while the longer-term structure (Weekly RSI neutral, ""Bullish"" trend label) remains intact, creating a favorable setup for a short-term bounce. The recent positive alpha and slight price increase in the final period suggest the aggressive selling has potentially climaxed.

The primary conflict is predicting an ""Up"" move while the MACD remains in a bearish crossover. This divergence can be logically resolved by viewing the anticipated move as a counter-trend bounce or relief rally within a larger corrective phase. The target of 2-3% aligns with a move back towards the SMA50 (a mean reversion play), which is only about 4.2% away, making it technically plausible.

Since there is no fundamental news, the catalyst will be purely technical and flow-based. The high volatility (ATR) indicates that positioning is unstable, and a shift in daily flows—potentially from short covering or dip-buying—could provide the necessary impetus. The key risk is that if market sentiment sours further, META's recent relative weakness makes it susceptible to renewed selling, which would likely break the oversold RSI support and invalidate the bounce thesis.

[Primary Driver]:
Technical",up by 2-3%,2023-08-28,2023-09-01,26,Technical
"[Company Introduction]:\n\nMeta Platforms Inc is a leading entity in the Media sector. Incorporated and publicly traded since 2012-05-18, the company has established its reputation as one of the key players in the market. As of today, Meta Platforms Inc has a market capitalization of 1617119.55 in USD, with 2529.56 shares outstanding.\n\nMeta Platforms Inc operates primarily in the US, trading under the ticker META on the NASDAQ NMS - GLOBAL MARKET. As a dominant force in the Media space, the company continues to innovate and drive progress within the industry.\n\n[QUANT SIGNALS - STRUCTURAL]:\n- Price Move: META increased by 0.72% (283.45 -> 285.50)\n- Alpha vs Nasdaq-100: +0.69% (Outperformed)\n- Market Context (VIX): N/A\n- Volume Status: Normal (Z-Score: 0.9)\n- Volatility (ATR): 9.10 (High)\n- Weekly RSI (Trend Strength): 63.6 (Neutral)\n\n[TECHNICALS - DAILY]:\n- Daily RSI: 27.1 (Oversold)\n- Trend: Bullish\n- MACD: Bearish Crossover\n- Mean Reversion: -4.2% from SMA50 (Normal)\n\n[NEWS]:\n\nNo relative news reported.\n\n[QUANT SIGNALS - STRUCTURAL]:\n- Price Move: META increased by 2.91% (288.00 -> 296.38)\n- Alpha vs Nasdaq-100: -0.04% (Underperformed)\n- Market Context (VIX): N/A\n- Volume Status: Normal (Z-Score: -1.0)\n- Volatility (ATR): 8.72 (Normal)\n- Weekly RSI (Trend Strength): 61.6 (Neutral)\n\n[TECHNICALS - DAILY]:\n- Daily RSI: 42.3 (Neutral)\n- Trend: Bullish\n- MACD: Bullish Crossover\n- Mean Reversion: -1.0% from SMA50 (Normal)\n\n[NEWS]:\n\nNo relative news reported.\n\n[QUANT SIGNALS - STRUCTURAL]:\n- Price Move: META increased by 0.29% (297.02 -> 297.89)\n- Alpha vs Nasdaq-100: +1.75% (Outperformed)\n- Market Context (VIX): N/A\n- Volume Status: Normal (Z-Score: -0.2)\n- Volatility (ATR): 8.69 (Normal)\n- Weekly RSI (Trend Strength): 60.3 (Neutral)\n\n[TECHNICALS - DAILY]:\n- Daily RSI: 65.6 (Neutral)\n- Trend: Bullish\n- MACD: Bullish Crossover\n- Mean Reversion: -0.8% from SMA50 (Normal)\n\n[NEWS]:\n\nNo relative news reported.\n\n[QUANT SIGNALS - STRUCTURAL]:\n- Price Move: META decreased by 0.36% (301.41 -> 300.31)\n- Alpha vs Nasdaq-100: +1.27% (Outperformed)\n- Market Context (VIX): N/A\n- Volume Status: High (Z-Score: 1.4)\n- Volatility (ATR): 8.46 (Normal)\n- Weekly RSI (Trend Strength): 58.0 (Neutral)\n\n[TECHNICALS - DAILY]:\n- Daily RSI: 62.4 (Neutral)\n- Trend: Bullish\n- MACD: Bullish Crossover\n- Mean Reversion: -0.6% from SMA50 (Normal)\n\n[NEWS]:\n\nNo relative news reported.\n[Basic Financials]:\n\nNo basic financial reported.\n\nBased on all the information before 2023-09-18, let's first analyze the positive developments and potential concerns for META. Come up with 2-4 most important factors respectively and keep them concise. Integrate both quantitative signals and news to explain the movement. Then let's assume your prediction for the coming trading week (2023-09-18 pre-market to 2023-09-22 close) is up by 0-1%. Pay special attention to [WEEKEND NEWS - PRE-MARKET], because this information is available before Monday open. Provide a summary analysis to support your prediction. Before writing the analysis, cross-reference the [QUANT SIGNALS] with the [NEWS]. If the prediction is up by 0-1% but the technicals show a conflict (e.g., predicting 'Up' when Trend is 'Strong Downtrend'), explain this divergence logically (e.g., as a 'trend reversal' or 'short squeeze') rather than ignoring the data. The prediction result need to be inferred from your analysis at the end, and thus not appearing as a foundational factor of your analysis.","[Positive Developments]:
1. Strong Technical Recovery: The stock rebounded from an oversold daily RSI of 27.1, with price action reclaiming its 50-day SMA and the MACD shifting to a bullish crossover, indicating improving short-term momentum.
2. Consistent Bullish Trend Structure: The daily trend is labeled bullish across all periods, and the weekly RSI remains in a healthy neutral zone (~58-64), supporting a constructive intermediate-term backdrop.
3. Demonstrated Alpha Generation: META outperformed the Nasdaq-100 on three of the four reported days, suggesting relative strength and institutional favorability during the period.

[Potential Concerns]:
1. Elevated Volatility and High-Volume Pullback: The initial period showed a High ATR (9.10), and the final session saw a price decline on High Volume (Z-Score 1.4), which can signal distribution or profit-taking near the $300 level.
2. Isolated Underperformance: On the day of its strongest gain (+2.91%), META slightly underperformed the NDX, hinting that the move may have been more beta-driven (broad market flow) than company-specific.
3. Absence of Fresh Catalysts: The complete lack of company-specific news over the period means the rally lacks a fundamental narrative driver, making it vulnerable to shifts in broader market sentiment or sector rotation.

[Prediction & Analysis]:
**Prediction for the week of 2023-09-18: Up 0-1%.**

The analysis supports a modestly positive outlook. Technically, the recovery from deeply oversold conditions is complete, with the daily RSI now in a neutral zone (62.4) and price trading near the 50-day SMA. This suggests the easy momentum from the rebound has been captured. The weekly RSI at 58.0 indicates there is no intermediate-term overbought pressure, providing room for a grind higher. However, the high-volume pullback in the last session and the lack of a clear bullish catalyst suggest immediate explosive upside is unlikely.

The primary movement in the prior week can be ascribed to a **technical rebound from oversold conditions** coupled with **beta-driven market flows**, given the absence of news and the mixed alpha signals. For the coming week, price action is likely to consolidate the recent gains. The bullish daily trend and MACD configuration support a slight upward bias, but resistance near the $300-$305 area (prior highs) and the need for a new catalyst will likely cap gains, leading to a tight, range-bound move slightly higher. The prediction of a 0-1% rise reflects this environment of technical resilience but fundamental quietude.

[Primary Driver]:
Mixed",up by 0-1%,2023-09-18,2023-09-22,29,Mixed
"[Company Introduction]:\n\nMeta Platforms Inc is a leading entity in the Media sector. Incorporated and publicly traded since 2012-05-18, the company has established its reputation as one of the key players in the market. As of today, Meta Platforms Inc has a market capitalization of 1617119.55 in USD, with 2529.56 shares outstanding.\n\nMeta Platforms Inc operates primarily in the US, trading under the ticker META on the NASDAQ NMS - GLOBAL MARKET. As a dominant force in the Media space, the company continues to innovate and drive progress within the industry.\n\n[QUANT SIGNALS - STRUCTURAL]:\n- Price Move: META increased by 0.30% (298.19 -> 299.08)\n- Alpha vs Nasdaq-100: +3.74% (Outperformed)\n- Market Context (VIX): N/A\n- Volume Status: High (Z-Score: 1.2)\n- Volatility (ATR): 8.63 (Normal)\n- Weekly RSI (Trend Strength): 61.6 (Neutral)\n\n[TECHNICALS - DAILY]:\n- Daily RSI: 52.2 (Neutral)\n- Trend: Bullish\n- MACD: Bearish Crossover\n- Mean Reversion: -1.0% from SMA50 (Normal)\n\n[NEWS]:\n\nNo relative news reported.\n[Basic Financials]:\n\nNo basic financial reported.\n\nBased on all the information before 2023-09-25, let's first analyze the positive developments and potential concerns for META. Come up with 2-4 most important factors respectively and keep them concise. Integrate both quantitative signals and news to explain the movement. Then let's assume your prediction for the coming trading week (2023-09-25 pre-market to 2023-09-29 close) is up by 1-2%. Pay special attention to [WEEKEND NEWS - PRE-MARKET], because this information is available before Monday open. Provide a summary analysis to support your prediction. Before writing the analysis, cross-reference the [QUANT SIGNALS] with the [NEWS]. If the prediction is up by 1-2% but the technicals show a conflict (e.g., predicting 'Up' when Trend is 'Strong Downtrend'), explain this divergence logically (e.g., as a 'trend reversal' or 'short squeeze') rather than ignoring the data. The prediction result need to be inferred from your analysis at the end, and thus not appearing as a foundational factor of your analysis.","[Positive Developments]:
1. **Strong Relative Outperformance**: META has generated an Alpha of +3.74% against the Nasdaq-100, indicating it is attracting institutional capital and demonstrating resilience in a potentially volatile market.
2. **Bullish Trend with Stable Mean Reversion**: The daily trend is Bullish, and the stock is only -1.0% from its SMA50 (normal), suggesting it is well-positioned for a continuation move without being overextended.
3. **Elevated Trading Volume**: Volume shows a High status with a Z-Score of 1.2, pointing to increased investor interest and potential accumulation, which often precedes upward price movements.
4. **Neutral Momentum Indicators**: Weekly RSI at 61.6 and Daily RSI at 52.2 are in neutral territory, leaving room for upward movement without immediate overbought pressures.

[Potential Concerns]:
1. **MACD Bearish Crossover on Daily Chart**: A Bearish Crossover in MACD signals short-term momentum weakness, which could lead to consolidation or a minor pullback before any sustained rally.
2. **Absence of Catalytic News**: No company-specific news has been reported, meaning recent gains lack a fundamental driver and rely on technicals or market flows, increasing vulnerability to broader sentiment shifts.
3. **Mixed Technical Signals**: While the trend is Bullish, the MACD divergence and neutral RSI levels create ambiguity, potentially dampening momentum if selling pressure emerges from short-term traders.

[Prediction & Analysis]:
META's recent 0.30% gain, coupled with high volume and significant alpha generation, suggests underlying strength driven by market mechanics rather than news. The Bullish daily trend and neutral weekly RSI provide a foundation for further upside, as the stock is not overbought and remains close to its SMA50, offering a stable base for movement. The MACD Bearish Crossover presents a short-term headwind, but this is often mitigated in a bullish environment by flow-driven buying, especially given the high volume indicating institutional participation. With no news catalysts, the price action is likely attributable to sector-level repricing within the Media/tech space or beta-driven momentum from broader market gains, as evidenced by the outperformance versus the Nasdaq-100. For the upcoming week (2023-09-25 to 2023-09-29), continued flow support and technical resilience are expected to overcome the MACD weakness, leading to a modest upward move of 1-2% as buying interest persists and the stock tests higher resistance levels.

[Primary Driver]:
Flow",up by 1-2%,2023-09-25,2023-09-29,30,Flow
"[Company Introduction]:\n\nMeta Platforms Inc is a leading entity in the Media sector. Incorporated and publicly traded since 2012-05-18, the company has established its reputation as one of the key players in the market. As of today, Meta Platforms Inc has a market capitalization of 1617119.55 in USD, with 2529.56 shares outstanding.\n\nMeta Platforms Inc operates primarily in the US, trading under the ticker META on the NASDAQ NMS - GLOBAL MARKET. As a dominant force in the Media space, the company continues to innovate and drive progress within the industry.\n\n[QUANT SIGNALS - STRUCTURAL]:\n- Price Move: META increased by 0.72% (283.45 -> 285.50)\n- Alpha vs Nasdaq-100: +0.69% (Outperformed)\n- Market Context (VIX): N/A\n- Volume Status: Normal (Z-Score: 0.9)\n- Volatility (ATR): 9.10 (High)\n- Weekly RSI (Trend Strength): 63.6 (Neutral)\n\n[TECHNICALS - DAILY]:\n- Daily RSI: 27.1 (Oversold)\n- Trend: Bullish\n- MACD: Bearish Crossover\n- Mean Reversion: -4.2% from SMA50 (Normal)\n\n[NEWS]:\n\nNo relative news reported.\n\n[QUANT SIGNALS - STRUCTURAL]:\n- Price Move: META increased by 2.91% (288.00 -> 296.38)\n- Alpha vs Nasdaq-100: -0.04% (Underperformed)\n- Market Context (VIX): N/A\n- Volume Status: Normal (Z-Score: -1.0)\n- Volatility (ATR): 8.72 (Normal)\n- Weekly RSI (Trend Strength): 61.6 (Neutral)\n\n[TECHNICALS - DAILY]:\n- Daily RSI: 42.3 (Neutral)\n- Trend: Bullish\n- MACD: Bullish Crossover\n- Mean Reversion: -1.0% from SMA50 (Normal)\n\n[NEWS]:\n\nNo relative news reported.\n\n[QUANT SIGNALS - STRUCTURAL]:\n- Price Move: META increased by 0.29% (297.02 -> 297.89)\n- Alpha vs Nasdaq-100: +1.75% (Outperformed)\n- Market Context (VIX): N/A\n- Volume Status: Normal (Z-Score: -0.2)\n- Volatility (ATR): 8.69 (Normal)\n- Weekly RSI (Trend Strength): 60.3 (Neutral)\n\n[TECHNICALS - DAILY]:\n- Daily RSI: 65.6 (Neutral)\n- Trend: Bullish\n- MACD: Bullish Crossover\n- Mean Reversion: -0.8% from SMA50 (Normal)\n\n[NEWS]:\n\nNo relative news reported.\n[Basic Financials]:\n\nNo basic financial reported.\n\nBased on all the information before 2023-09-11, let's first analyze the positive developments and potential concerns for META. Come up with 2-4 most important factors respectively and keep them concise. Integrate both quantitative signals and news to explain the movement. Then let's assume your prediction for the coming trading week (2023-09-11 pre-market to 2023-09-15 close) is down by 0-1%. Pay special attention to [WEEKEND NEWS - PRE-MARKET], because this information is available before Monday open. Provide a summary analysis to support your prediction. Before writing the analysis, cross-reference the [QUANT SIGNALS] with the [NEWS]. If the prediction is down by 0-1% but the technicals show a conflict (e.g., predicting 'Up' when Trend is 'Strong Downtrend'), explain this divergence logically (e.g., as a 'trend reversal' or 'short squeeze') rather than ignoring the data. The prediction result need to be inferred from your analysis at the end, and thus not appearing as a foundational factor of your analysis.","[Positive Developments]:
1. Technical recovery from oversold conditions: Daily RSI surged from 27.1 (oversold) to 65.6 (neutral) over the observed periods, indicating a strong rebound driven by mean reversion and bullish momentum.
2. Relative strength vs. market: META outperformed the Nasdaq-100 in two out of three periods (e.g., +1.75% alpha in the last period), showcasing resilience and alpha generation amid broader market movements.
3. Bullish technical signals: Trend is consistently bullish, with MACD shifting from bearish to bullish crossover, supporting upward price action and recovery from -4.2% to -0.8% below SMA50 (normal mean reversion).
4. Stable volume and volatility: Volume Z-Scores normalized (from 0.9 to -0.2), and ATR declined from high (9.10) to normal (8.69), suggesting orderly price moves without panic or euphoria.

[Potential Concerns]:
1. Absence of fundamental catalysts: No company-specific news reported, implying the price increase is not backed by earnings, product updates, or macro events, raising sustainability concerns.
2. Intermittent underperformance: In one period, META underperformed the Nasdaq-100 (-0.04% alpha) despite a 2.91% price rise, indicating hidden weakness or lag during market strength.
3. Neutral weekly momentum: Weekly RSI remains neutral (60.3-63.6), lacking strong trend confirmation on a higher timeframe, which may cap upside potential.
4. Approaching overbought daily levels: Daily RSI at 65.6 is nearing overbought territory (70+), increasing risk of short-term pullback without new catalysts.

[Prediction & Analysis]:
META's price movement over the past weeks is primarily attributable to technical recovery and market flows, given the lack of news. The stock rebounded from oversold daily RSI levels, with bullish MACD crossovers and normal mean reversion supporting a climb from 283.45 to 297.89. However, this was driven by beta-driven momentum and sector-level repricing, as indicated by normal volume patterns and outperformance/underperformance mixed with Nasdaq-100. For the coming week (2023-09-11 to 2023-09-15), a slight decline of 0-1% is predicted due to several factors: first, the daily RSI at 65.6 is approaching overbought, increasing likelihood of profit-taking or consolidation; second, the neutral weekly RSI (60.3) suggests limited upside momentum on a broader scale; third, the absence of news catalysts fails to provide fundamental support for continued gains, making the stock vulnerable to flows or broader market corrections. Despite bullish daily technicals (trend bullish, MACD bullish), the divergence from a purely upward prediction is logical as technical rebounds often stall without narrative drivers, and the stock may face resistance near key levels (e.g., SMA50). The move will likely be dictated by market mechanics, such as institutional flows or beta adjustments, rather than company-specific developments.

[Primary Driver]:
Mixed",down by 0-1%,2023-09-11,2023-09-15,28,Mixed
"[Company Introduction]:\n\nMeta Platforms Inc is a leading entity in the Media sector. Incorporated and publicly traded since 2012-05-18, the company has established its reputation as one of the key players in the market. As of today, Meta Platforms Inc has a market capitalization of 1617119.55 in USD, with 2529.56 shares outstanding.\n\nMeta Platforms Inc operates primarily in the US, trading under the ticker META on the NASDAQ NMS - GLOBAL MARKET. As a dominant force in the Media space, the company continues to innovate and drive progress within the industry.\n\n[QUANT SIGNALS - STRUCTURAL]:\n- Price Move: META decreased by 3.70% (313.23 -> 301.64)\n- Alpha vs Nasdaq-100: -1.31% (Underperformed)\n- Market Context (VIX): N/A\n- Volume Status: Normal (Z-Score: -0.9)\n- Volatility (ATR): 10.05 (High)\n- Weekly RSI (Trend Strength): 71.6 (Overbought)\n\n[TECHNICALS - DAILY]:\n- Daily RSI: 56.4 (Neutral)\n- Trend: Strong Uptrend\n- MACD: Bearish Crossover\n- Mean Reversion: 2.7% from SMA50 (Normal)\n\n[NEWS]:\n\nNo relative news reported.\n\n[QUANT SIGNALS - STRUCTURAL]:\n- Price Move: META decreased by 5.89% (300.98 -> 283.25)\n- Alpha vs Nasdaq-100: -2.59% (Underperformed)\n- Market Context (VIX): N/A\n- Volume Status: Normal (Z-Score: 0.9)\n- Volatility (ATR): 8.57 (High)\n- Weekly RSI (Trend Strength): 70.9 (Overbought)\n\n[TECHNICALS - DAILY]:\n- Daily RSI: 23.0 (Oversold)\n- Trend: Bullish\n- MACD: Bearish Crossover\n- Mean Reversion: -4.3% from SMA50 (Normal)\n\n[NEWS]:\n\nNo relative news reported.\n\n[QUANT SIGNALS - STRUCTURAL]:\n- Price Move: META increased by 0.72% (283.45 -> 285.50)\n- Alpha vs Nasdaq-100: +0.69% (Outperformed)\n- Market Context (VIX): N/A\n- Volume Status: Normal (Z-Score: 0.9)\n- Volatility (ATR): 9.10 (High)\n- Weekly RSI (Trend Strength): 63.6 (Neutral)\n\n[TECHNICALS - DAILY]:\n- Daily RSI: 27.1 (Oversold)\n- Trend: Bullish\n- MACD: Bearish Crossover\n- Mean Reversion: -4.2% from SMA50 (Normal)\n\n[NEWS]:\n\nNo relative news reported.\n\n[QUANT SIGNALS - STRUCTURAL]:\n- Price Move: META increased by 2.91% (288.00 -> 296.38)\n- Alpha vs Nasdaq-100: -0.04% (Underperformed)\n- Market Context (VIX): N/A\n- Volume Status: Normal (Z-Score: -1.0)\n- Volatility (ATR): 8.72 (Normal)\n- Weekly RSI (Trend Strength): 61.6 (Neutral)\n\n[TECHNICALS - DAILY]:\n- Daily RSI: 42.3 (Neutral)\n- Trend: Bullish\n- MACD: Bullish Crossover\n- Mean Reversion: -1.0% from SMA50 (Normal)\n\n[NEWS]:\n\nNo relative news reported.\n[Basic Financials]:\n\nNo basic financial reported.\n\nBased on all the information before 2023-09-05, let's first analyze the positive developments and potential concerns for META. Come up with 2-4 most important factors respectively and keep them concise. Integrate both quantitative signals and news to explain the movement. Then let's assume your prediction for the coming trading week (2023-09-05 pre-market to 2023-09-08 close) is up by 0-1%. Pay special attention to [WEEKEND NEWS - PRE-MARKET], because this information is available before Monday open. Provide a summary analysis to support your prediction. Before writing the analysis, cross-reference the [QUANT SIGNALS] with the [NEWS]. If the prediction is up by 0-1% but the technicals show a conflict (e.g., predicting 'Up' when Trend is 'Strong Downtrend'), explain this divergence logically (e.g., as a 'trend reversal' or 'short squeeze') rather than ignoring the data. The prediction result need to be inferred from your analysis at the end, and thus not appearing as a foundational factor of your analysis.","[Positive Developments]:
1. MACD bullish crossover in the latest period signals potential upward momentum after previous bearish crossovers, supported by daily RSI improving from oversold to neutral levels.
2. Price stabilization with a 2.91% increase in the most recent week and mean reversion normalizing to -1.0% from SMA50, indicating reduced selling pressure and alignment with key technical support.
3. Brief outperformance against Nasdaq-100 (+0.69% alpha in one period) demonstrates underlying resilience amid general underperformance.

[Potential Concerns]:
1. Consistent relative underperformance, with negative alpha in three out of four periods, suggesting weakness compared to market peers.
2. History of overbought weekly RSI (above 70) preceding price corrections, and current neutral level (61.6) remains elevated, posing risk of renewed selling.
3. High volatility (ATR consistently high until recent normalization) reflects market uncertainty and lack of stable directional conviction.
4. Absence of company-specific news or fundamental catalysts, leaving price action vulnerable to broader market flows and technical adjustments.

[Prediction & Analysis]:
The prediction for META's stock price to increase by 0-1% in the coming week is based on technical recovery signals within a cautious market context. The bullish MACD crossover, neutral daily RSI (42.3), and bullish trend indicate a short-term upward bias, likely driven by mean reversion from oversold conditions and technical consolidation after recent declines. However, the small magnitude of the predicted move reflects limitations from mixed relative performance (slight underperformance in the latest week) and lack of news-driven catalysts. Given normal volume and normalized volatility, the move is expected to be driven by market mechanics such as beta-driven momentum or sector-level repricing, rather than fundamental shifts. Divergence from the strong uptrend noted earlier is explained as a trend pause or minor rebound within a broader bullish structure, supported by the MACD turning bullish.

[Primary Driver]:
Technical",up by 0-1%,2023-09-05,2023-09-08,27,Technical
"[Company Introduction]:\n\nMeta Platforms Inc is a leading entity in the Media sector. Incorporated and publicly traded since 2012-05-18, the company has established its reputation as one of the key players in the market. As of today, Meta Platforms Inc has a market capitalization of 1617119.55 in USD, with 2529.56 shares outstanding.\n\nMeta Platforms Inc operates primarily in the US, trading under the ticker META on the NASDAQ NMS - GLOBAL MARKET. As a dominant force in the Media space, the company continues to innovate and drive progress within the industry.\n\n[QUANT SIGNALS - STRUCTURAL]:\n- Price Move: META increased by 1.55% (295.64 -> 300.21)\n- Alpha vs Nasdaq-100: +1.92% (Outperformed)\n- Market Context (VIX): N/A\n- Volume Status: Normal (Z-Score: 0.8)\n- Volatility (ATR): 8.59 (Normal)\n- Weekly RSI (Trend Strength): 56.6 (Neutral)\n\n[TECHNICALS - DAILY]:\n- Daily RSI: 43.8 (Neutral)\n- Trend: Bullish\n- MACD: Bearish Crossover\n- Mean Reversion: -0.3% from SMA50 (Normal)\n\n[NEWS]:\n\nNo relative news reported.\nSome recent basic financials of META, reported at 2023-09-30, are presented below:\n\n[Basic Financials]:\n\nassetTurnoverTTM: 0.6402\nbookValue: 142873\ncashRatio: 1.2082801087419344\ncurrentRatio: 2.5672\nebitPerShare: 5.2056\neps: 4.3858\nev: 771649.4\nevEbitdaTTM: 16.5491\nevRevenueTTM: 6.0781\nfcfMargin: 0.4059\nfcfPerShareTTM: 14.6153\ngrossMargin: 0.8185\nlongtermDebtTotalAsset: 0.085\nlongtermDebtTotalCapital: 0.1135\nlongtermDebtTotalEquity: 0.1287\nnetDebtToTotalCapital: -0.1102\nnetDebtToTotalEquity: -0.1249\nnetMargin: 0.3392\noperatingMargin: 0.4026\npb: 5.5259\npeTTM: 26.5529\npfcfTTM: 21.0107\npretaxMargin: 0.4106\npsTTM: 6.2187\nptbv: 5.5575\nquickRatio: 2.4309\nreceivablesTurnoverTTM: 10.5047\nroaTTM: 0.1499\nroeTTM: 0.2255\nroicTTM: 0.2027\nrotcTTM: 0.2506\nsalesPerShare: 12.9292\nsgaToSale: 0.1815\ntangibleBookValue: 142060\ntotalDebtToEquity: 0.1333\ntotalDebtToTotalAsset: 0.088\ntotalDebtToTotalCapital: 0.1176\ntotalRatio: 2.9465\n\nBased on all the information before 2023-10-02, let's first analyze the positive developments and potential concerns for META. Come up with 2-4 most important factors respectively and keep them concise. Integrate both quantitative signals and news to explain the movement. Then let's assume your prediction for the coming trading week (2023-10-02 pre-market to 2023-10-06 close) is up by 4-5%. Pay special attention to [WEEKEND NEWS - PRE-MARKET], because this information is available before Monday open. Provide a summary analysis to support your prediction. Before writing the analysis, cross-reference the [QUANT SIGNALS] with the [NEWS]. If the prediction is up by 4-5% but the technicals show a conflict (e.g., predicting 'Up' when Trend is 'Strong Downtrend'), explain this divergence logically (e.g., as a 'trend reversal' or 'short squeeze') rather than ignoring the data. The prediction result need to be inferred from your analysis at the end, and thus not appearing as a foundational factor of your analysis.","[Positive Developments]:
1. Strong Financial Health and Profitability: Meta demonstrates robust liquidity with a cash ratio of 1.21 and current ratio of 2.57, coupled with high profitability margins (net margin of 33.9% and operating margin of 40.3%) and efficient returns (ROE of 22.6% and ROIC of 20.3%), supported by solid free cash flow generation (FCF margin of 40.6%).
2. Relative Outperformance and Market Confidence: META outperformed the Nasdaq-100 by 1.92% with a price increase of 1.55%, indicating institutional favor or sector rotation into quality tech names, despite no specific news catalysts.

[Potential Concerns]:
1. Elevated Valuation Metrics: Key multiples such as P/E TTM (26.55), P/S TTM (6.22), and P/FCF TTM (21.01) are at levels that may cap upside if future growth fails to meet high expectations, increasing sensitivity to market sentiment shifts.
2. Technical Divergence and Bearish Short-Term Signal: The daily MACD shows a bearish crossover, contrasting with the overall bullish trend, suggesting potential near-term consolidation or pullback risk, which could dampen momentum in the absence of fresh catalysts.

[Prediction & Analysis]:
Assuming a prediction of a 4-5% rise for the week of 2023-10-02 to 2023-10-06, this is inferred from META's structural strengths and technical positioning. The stock's bullish trend, neutral daily RSI (43.8), and minimal mean reversion (-0.3% from SMA50) provide a foundation for upward movement without immediate overbought constraints. The recent outperformance (alpha of +1.92%) points to sustained flow-driven buying, likely from sector rotation or institutional accumulation, as volume patterns remain normal (Z-Score 0.8) with no extreme volatility. The bearish MACD crossover introduces a cautionary note, but in context, it may represent a brief consolidation within a larger uptrend, especially given the strong financial backdrop and neutral weekly RSI (56.6). With no company-specific news, the anticipated rally is primarily attributed to market mechanics—specifically, beta-driven momentum from broader tech strength and technical breakout potential above key moving averages. However, the prediction hinges on the resolution of the MACD divergence through renewed buying pressure early in the week.

[Primary Driver]:
Mixed – the expected move combines technical factors (bullish trend structure and neutral RSI allowing for advance) with flow dynamics (outperformance indicating positive market flows and sector tailwinds).",up by 4-5%,2023-10-02,2023-10-06,31,Mixed – the expected move combines technical factors (bullish trend structure and neutral RSI allowing for advance) with flow dynamics (outperformance indicating positive market flows and sector tailwinds).
"[Company Introduction]:\n\nMeta Platforms Inc is a leading entity in the Media sector. Incorporated and publicly traded since 2012-05-18, the company has established its reputation as one of the key players in the market. As of today, Meta Platforms Inc has a market capitalization of 1617119.55 in USD, with 2529.56 shares outstanding.\n\nMeta Platforms Inc operates primarily in the US, trading under the ticker META on the NASDAQ NMS - GLOBAL MARKET. As a dominant force in the Media space, the company continues to innovate and drive progress within the industry.\n\n[QUANT SIGNALS - STRUCTURAL]:\n- Price Move: META increased by 1.55% (295.64 -> 300.21)\n- Alpha vs Nasdaq-100: +1.92% (Outperformed)\n- Market Context (VIX): N/A\n- Volume Status: Normal (Z-Score: 0.8)\n- Volatility (ATR): 8.59 (Normal)\n- Weekly RSI (Trend Strength): 56.6 (Neutral)\n\n[TECHNICALS - DAILY]:\n- Daily RSI: 43.8 (Neutral)\n- Trend: Bullish\n- MACD: Bearish Crossover\n- Mean Reversion: -0.3% from SMA50 (Normal)\n\n[NEWS]:\n\nNo relative news reported.\n\n[QUANT SIGNALS - STRUCTURAL]:\n- Price Move: META increased by 4.19% (302.74 -> 315.43)\n- Alpha vs Nasdaq-100: +3.24% (Outperformed)\n- Market Context (VIX): N/A\n- Volume Status: Normal (Z-Score: 0.3)\n- Volatility (ATR): 8.84 (Normal)\n- Weekly RSI (Trend Strength): 54.4 (Neutral)\n\n[TECHNICALS - DAILY]:\n- Daily RSI: 61.0 (Neutral)\n- Trend: Strong Uptrend\n- MACD: Bullish Crossover\n- Mean Reversion: 4.5% from SMA50 (Normal)\n\n[NEWS]:\n\nNo relative news reported.\n\n[QUANT SIGNALS - STRUCTURAL]:\n- Price Move: META increased by 0.70% (312.50 -> 314.69)\n- Alpha vs Nasdaq-100: +1.05% (Outperformed)\n- Market Context (VIX): N/A\n- Volume Status: Normal (Z-Score: 0.1)\n- Volatility (ATR): 9.10 (Normal)\n- Weekly RSI (Trend Strength): 59.8 (Neutral)\n\n[TECHNICALS - DAILY]:\n- Daily RSI: 60.3 (Neutral)\n- Trend: Strong Uptrend\n- MACD: Bullish Crossover\n- Mean Reversion: 4.1% from SMA50 (Normal)\n\n[NEWS]:\n\nNo relative news reported.\n\n[QUANT SIGNALS - STRUCTURAL]:\n- Price Move: META decreased by 3.14% (318.64 -> 308.65)\n- Alpha vs Nasdaq-100: +0.87% (Outperformed)\n- Market Context (VIX): N/A\n- Volume Status: Normal (Z-Score: 0.4)\n- Volatility (ATR): 8.84 (Normal)\n- Weekly RSI (Trend Strength): 58.5 (Neutral)\n\n[TECHNICALS - DAILY]:\n- Daily RSI: 51.3 (Neutral)\n- Trend: Strong Uptrend\n- MACD: Bearish Crossover\n- Mean Reversion: 1.9% from SMA50 (Normal)\n\n[NEWS]:\n\nNo relative news reported.\n[Basic Financials]:\n\nNo basic financial reported.\n\nBased on all the information before 2023-10-23, let's first analyze the positive developments and potential concerns for META. Come up with 2-4 most important factors respectively and keep them concise. Integrate both quantitative signals and news to explain the movement. Then let's assume your prediction for the coming trading week (2023-10-23 pre-market to 2023-10-27 close) is down by 4-5%. Pay special attention to [WEEKEND NEWS - PRE-MARKET], because this information is available before Monday open. Provide a summary analysis to support your prediction. Before writing the analysis, cross-reference the [QUANT SIGNALS] with the [NEWS]. If the prediction is down by 4-5% but the technicals show a conflict (e.g., predicting 'Up' when Trend is 'Strong Downtrend'), explain this divergence logically (e.g., as a 'trend reversal' or 'short squeeze') rather than ignoring the data. The prediction result need to be inferred from your analysis at the end, and thus not appearing as a foundational factor of your analysis.","[Positive Developments]:
1. Consistent Alpha Generation: META has demonstrated strong relative performance, outperforming the Nasdaq-100 in each reported period. This indicates institutional confidence and strength independent of broad market moves.
2. Robust Technical Uptrend: The daily trend is classified as ""Strong Uptrend"" for three of the four periods, with price holding above its 50-day SMA. The weekly RSI remains in a neutral zone, suggesting the trend is not overextended.
3. Stable Market Structure: Volume activity has remained within normal ranges (Z-Score < 1), and Average True Volatility (ATR) is labeled ""Normal."" This points to orderly price discovery without panic selling or frenzied buying.

[Potential Concerns]:
1. Emerging Bearish Momentum Divergence: The most recent data shows a ""Bearish Crossover"" on the MACD alongside a price decrease of -3.14%. This is a warning sign of slowing upward momentum, even within an overall uptrend.
2. Recent Pullback on Outperformance: The stock fell over 3% in the last period but still outperformed its index. This could signal a sector- or stock-specific profit-taking event after a strong run, as the decline wasn't driven by broad market weakness.
3. Valuation and Narrative Pressure: In the absence of company-specific news, the stock's performance is susceptible to macroeconomic narratives (e.g., interest rates, tech sector sentiment) and may be facing resistance after its significant YTD rally, requiring a fresh catalyst to continue advancing.

[Prediction & Analysis]:
**Analysis:** The prediction for a 4-5% decline in the coming week is framed as a continuation of the recent profit-taking pullback, amplified by a lack of immediate positive catalysts. Technically, the setup supports this view: the stock is in a strong uptrend but has just triggered a bearish MACD crossover and retreated from recent highs. The daily RSI (51.3) has room to fall further before reaching oversold levels, and the price is only 1.9% above the SMA50, which could act as a magnet in a down move. The consistent alpha is a positive, but it also suggests META has been a crowded trade; a break below the SMA50 could trigger further selling from momentum followers. With no company-specific news to counter the negative momentum signal and given the ""Normal"" volume during the last drop, the move appears driven by market mechanics—specifically, sector rotation or institutional rebalancing flows out of high-performing mega-cap tech names. The prediction assumes this technical correction deepens as the bearish momentum signal is validated by price action.

**Prediction:** For the trading week of 2023-10-23 to 2023-10-27, META's stock price is predicted to decrease by 4-5%.

[Primary Driver]:
Mixed (Technical correction within an uptrend, driven by profit-taking flows in the absence of a supportive narrative).",down by 4-5%,2023-10-23,2023-10-27,34,"Mixed (Technical correction within an uptrend, driven by profit-taking flows in the absence of a supportive narrative)."
"[Company Introduction]:\n\nMeta Platforms Inc is a leading entity in the Media sector. Incorporated and publicly traded since 2012-05-18, the company has established its reputation as one of the key players in the market. As of today, Meta Platforms Inc has a market capitalization of 1617119.55 in USD, with 2529.56 shares outstanding.\n\nMeta Platforms Inc operates primarily in the US, trading under the ticker META on the NASDAQ NMS - GLOBAL MARKET. As a dominant force in the Media space, the company continues to innovate and drive progress within the industry.\n\n[QUANT SIGNALS - STRUCTURAL]:\n- Price Move: META increased by 1.55% (295.64 -> 300.21)\n- Alpha vs Nasdaq-100: +1.92% (Outperformed)\n- Market Context (VIX): N/A\n- Volume Status: Normal (Z-Score: 0.8)\n- Volatility (ATR): 8.59 (Normal)\n- Weekly RSI (Trend Strength): 56.6 (Neutral)\n\n[TECHNICALS - DAILY]:\n- Daily RSI: 43.8 (Neutral)\n- Trend: Bullish\n- MACD: Bearish Crossover\n- Mean Reversion: -0.3% from SMA50 (Normal)\n\n[NEWS]:\n\nNo relative news reported.\n\n[QUANT SIGNALS - STRUCTURAL]:\n- Price Move: META increased by 4.19% (302.74 -> 315.43)\n- Alpha vs Nasdaq-100: +3.24% (Outperformed)\n- Market Context (VIX): N/A\n- Volume Status: Normal (Z-Score: 0.3)\n- Volatility (ATR): 8.84 (Normal)\n- Weekly RSI (Trend Strength): 54.4 (Neutral)\n\n[TECHNICALS - DAILY]:\n- Daily RSI: 61.0 (Neutral)\n- Trend: Strong Uptrend\n- MACD: Bullish Crossover\n- Mean Reversion: 4.5% from SMA50 (Normal)\n\n[NEWS]:\n\nNo relative news reported.\n\n[QUANT SIGNALS - STRUCTURAL]:\n- Price Move: META increased by 0.70% (312.50 -> 314.69)\n- Alpha vs Nasdaq-100: +1.05% (Outperformed)\n- Market Context (VIX): N/A\n- Volume Status: Normal (Z-Score: 0.1)\n- Volatility (ATR): 9.10 (Normal)\n- Weekly RSI (Trend Strength): 59.8 (Neutral)\n\n[TECHNICALS - DAILY]:\n- Daily RSI: 60.3 (Neutral)\n- Trend: Strong Uptrend\n- MACD: Bullish Crossover\n- Mean Reversion: 4.1% from SMA50 (Normal)\n\n[NEWS]:\n\nNo relative news reported.\n[Basic Financials]:\n\nNo basic financial reported.\n\nBased on all the information before 2023-10-16, let's first analyze the positive developments and potential concerns for META. Come up with 2-4 most important factors respectively and keep them concise. Integrate both quantitative signals and news to explain the movement. Then let's assume your prediction for the coming trading week (2023-10-16 pre-market to 2023-10-20 close) is down by 3-4%. Pay special attention to [WEEKEND NEWS - PRE-MARKET], because this information is available before Monday open. Provide a summary analysis to support your prediction. Before writing the analysis, cross-reference the [QUANT SIGNALS] with the [NEWS]. If the prediction is down by 3-4% but the technicals show a conflict (e.g., predicting 'Up' when Trend is 'Strong Downtrend'), explain this divergence logically (e.g., as a 'trend reversal' or 'short squeeze') rather than ignoring the data. The prediction result need to be inferred from your analysis at the end, and thus not appearing as a foundational factor of your analysis.","[Positive Developments]:
1. Sustained Alpha Generation: META has consistently outperformed the Nasdaq-100 over the past three weeks, with weekly alpha of +1.92%, +3.24%, and +1.05%. This indicates strong relative strength and likely institutional or algorithmic buying support independent of major news.
2. Strong Technical Uptrend: The daily trend is classified as a ""Strong Uptrend,"" with a recent bullish MACD crossover and the price trading approximately 4% above its 50-day SMA, confirming positive momentum.
3. Healthy Technical Foundation: Weekly and Daily RSI readings are in neutral territory (56.6, 54.4, 59.8 weekly; 43.8, 61.0, 60.3 daily), indicating the stock is not overbought and has room to maneuver before hitting extreme levels.

[Potential Concerns]:
1. Bearish Divergence in Momentum: Despite the price hitting new highs in the second week ($315.43), the subsequent daily RSI reading (60.3) was lower than the prior week's peak (61.0). This divergence can signal waning upward momentum, even within an uptrend.
2. Absence of Fundamental Catalysts: The price appreciation occurred with ""No relative news reported."" This raises the question of sustainability; the move appears driven by market flows (beta, sector rotation) or technical momentum rather than a fundamental re-rating, making it vulnerable to sentiment shifts.
3. Extended from Mean: Trading over 4% above the SMA50, while still ""Normal,"" places the stock at the upper end of its recent range. This increases susceptibility to a mean reversion pullback, especially in the absence of fresh positive news.

[Prediction & Analysis]:
The prediction is for META's price to decline by 3-4% in the coming week (2023-10-16 to 2023-10-20).

This prediction directly conflicts with the prevailing ""Strong Uptrend"" and ""Bullish Crossover"" technical signals. The logical explanation for this divergence is a **technical pullback and profit-taking event following an extended, news-less rally**.

Here's the supporting analysis:
1.  **Technical Reality & Mean Reversion:** The stock has rallied significantly (from ~$295 to ~$315) over three weeks with no company-specific news. The daily RSI, while neutral, has shown a bearish divergence. A 3-4% decline would bring the price closer to its rising 50-day SMA, constituting a healthy and common pullback within a longer-term uptrend. This is a technical correction, not a trend reversal.
2.  **Relative Performance Context:** While META has shown strong alpha, this outperformance itself can become a source of vulnerability. In a risk-off environment or during sector rotation, funds may take profits from winners that have run up without new catalysts.
3.  **Catalyst for the Down Move - Weekend News:** The absence of news was a concern for the sustainability of the rally. Any negative macro sentiment or sector-wide profit-taking could trigger the sell-off. The predicted drop is ascribed to this shift in market flows and the realization that the recent gains were not fundamentally anchored. The stock is primed for a flow-driven correction.
4.  **Volume & Volatility Status:** Normal volume and volatility during the uptrend suggest the move was orderly but not driven by explosive buying. This supports the view that a reversal could also be orderly, not a panic sell-off.

**Summary:** META's price is technically extended after a strong, news-light rally driven by relative strength and momentum. The bullish technical setup is precisely what creates the conditions for a short-term pullback as traders lock in gains. The predicted 3-4% down move represents a flow-driven technical correction to alleviate overextension, bringing price action back in line with a more sustainable advance slope. The primary negative catalyst is the market's reassessment of the rally's justification.

[Primary Driver]:
Mixed (Technical Overextension & Absence of Sustaining Narrative)",down by 3-4%,2023-10-16,2023-10-20,33,Mixed (Technical Overextension & Absence of Sustaining Narrative)
"[Company Introduction]:\n\nMeta Platforms Inc is a leading entity in the Media sector. Incorporated and publicly traded since 2012-05-18, the company has established its reputation as one of the key players in the market. As of today, Meta Platforms Inc has a market capitalization of 1617119.55 in USD, with 2529.56 shares outstanding.\n\nMeta Platforms Inc operates primarily in the US, trading under the ticker META on the NASDAQ NMS - GLOBAL MARKET. As a dominant force in the Media space, the company continues to innovate and drive progress within the industry.\n\n[QUANT SIGNALS - STRUCTURAL]:\n- Price Move: META increased by 1.55% (295.64 -> 300.21)\n- Alpha vs Nasdaq-100: +1.92% (Outperformed)\n- Market Context (VIX): N/A\n- Volume Status: Normal (Z-Score: 0.8)\n- Volatility (ATR): 8.59 (Normal)\n- Weekly RSI (Trend Strength): 56.6 (Neutral)\n\n[TECHNICALS - DAILY]:\n- Daily RSI: 43.8 (Neutral)\n- Trend: Bullish\n- MACD: Bearish Crossover\n- Mean Reversion: -0.3% from SMA50 (Normal)\n\n[NEWS]:\n\nNo relative news reported.\n\n[QUANT SIGNALS - STRUCTURAL]:\n- Price Move: META increased by 4.19% (302.74 -> 315.43)\n- Alpha vs Nasdaq-100: +3.24% (Outperformed)\n- Market Context (VIX): N/A\n- Volume Status: Normal (Z-Score: 0.3)\n- Volatility (ATR): 8.84 (Normal)\n- Weekly RSI (Trend Strength): 54.4 (Neutral)\n\n[TECHNICALS - DAILY]:\n- Daily RSI: 61.0 (Neutral)\n- Trend: Strong Uptrend\n- MACD: Bullish Crossover\n- Mean Reversion: 4.5% from SMA50 (Normal)\n\n[NEWS]:\n\nNo relative news reported.\nSome recent basic financials of META, reported at 2023-09-30, are presented below:\n\n[Basic Financials]:\n\nassetTurnoverTTM: 0.6402\nbookValue: 142873\ncashRatio: 1.2082801087419344\ncurrentRatio: 2.5672\nebitPerShare: 5.2056\neps: 4.3858\nev: 771649.4\nevEbitdaTTM: 16.5491\nevRevenueTTM: 6.0781\nfcfMargin: 0.4059\nfcfPerShareTTM: 14.6153\ngrossMargin: 0.8185\nlongtermDebtTotalAsset: 0.085\nlongtermDebtTotalCapital: 0.1135\nlongtermDebtTotalEquity: 0.1287\nnetDebtToTotalCapital: -0.1102\nnetDebtToTotalEquity: -0.1249\nnetMargin: 0.3392\noperatingMargin: 0.4026\npb: 5.5259\npeTTM: 26.5529\npfcfTTM: 21.0107\npretaxMargin: 0.4106\npsTTM: 6.2187\nptbv: 5.5575\nquickRatio: 2.4309\nreceivablesTurnoverTTM: 10.5047\nroaTTM: 0.1499\nroeTTM: 0.2255\nroicTTM: 0.2027\nrotcTTM: 0.2506\nsalesPerShare: 12.9292\nsgaToSale: 0.1815\ntangibleBookValue: 142060\ntotalDebtToEquity: 0.1333\ntotalDebtToTotalAsset: 0.088\ntotalDebtToTotalCapital: 0.1176\ntotalRatio: 2.9465\n\nBased on all the information before 2023-10-09, let's first analyze the positive developments and potential concerns for META. Come up with 2-4 most important factors respectively and keep them concise. Integrate both quantitative signals and news to explain the movement. Then let's assume your prediction for the coming trading week (2023-10-09 pre-market to 2023-10-13 close) is up by 0-1%. Pay special attention to [WEEKEND NEWS - PRE-MARKET], because this information is available before Monday open. Provide a summary analysis to support your prediction. Before writing the analysis, cross-reference the [QUANT SIGNALS] with the [NEWS]. If the prediction is up by 0-1% but the technicals show a conflict (e.g., predicting 'Up' when Trend is 'Strong Downtrend'), explain this divergence logically (e.g., as a 'trend reversal' or 'short squeeze') rather than ignoring the data. The prediction result need to be inferred from your analysis at the end, and thus not appearing as a foundational factor of your analysis.","[Positive Developments]:
1. Strong financial health with high profitability margins (gross margin of 81.85%, net margin of 33.92%) and robust liquidity (current ratio of 2.57, cash ratio of 1.21), supported by solid free cash flow generation (FCF per share of 14.62).
2. Consistent outperformance versus the Nasdaq-100 index, with alpha of +1.92% and +3.24% in recent periods, indicating relative strength and institutional confidence.
3. Technical indicators showing a strong uptrend and bullish momentum, including a bullish MACD crossover and daily RSI at 61.0 (neutral but leaning upward), with price 4.5% above the SMA50 suggesting sustained buying pressure.

[Potential Concerns]:
1. Elevated valuation metrics, such as a P/E ratio of 26.55 and P/S ratio of 6.22, which may limit upside if growth expectations moderate or market sentiment shifts.
2. Lack of recent company-specific news, leaving price action vulnerable to broader market sentiment or sector-level repricing rather than fundamental catalysts.
3. Earlier mixed technical signals, including a bearish MACD crossover in prior data, though resolved in later periods, hinting at underlying volatility or potential for trend reversals.

[Prediction & Analysis]:
For the upcoming trading week from 2023-10-09 pre-market to 2023-10-13 close, META is predicted to increase by 0-1%. This modest upside is inferred from the following analysis: Technically, the stock is in a strong uptrend with daily RSI at 61.0, which remains neutral and not overbought, allowing for further appreciation within normal bounds. The bullish MACD crossover and price above SMA50 reinforce this momentum. However, the absence of recent news indicates that prior gains were driven by technical breakout and market flows, such as sector rotation or institutional accumulation, as evidenced by normal volume levels (Z-Score 0.3) and positive alpha versus the index. Financially, strong metrics like ROE of 22.55% and FCF margin of 40.59% provide a supportive floor. Despite the bullish setup, the predicted small gain reflects a potential slowdown in momentum due to the lack of immediate catalysts, possible profit-taking after recent 4.19% surge, and neutral weekly RSI at 54.4 suggesting consolidation. The outperformance versus the Nasdaq-100 may continue, but at a moderated pace as the stock digests recent moves.

[Primary Driver]:
Technical",up by 0-1%,2023-10-09,2023-10-13,32,Technical
"[Company Introduction]:\n\nMeta Platforms Inc is a leading entity in the Media sector. Incorporated and publicly traded since 2012-05-18, the company has established its reputation as one of the key players in the market. As of today, Meta Platforms Inc has a market capitalization of 1617119.55 in USD, with 2529.56 shares outstanding.\n\nMeta Platforms Inc operates primarily in the US, trading under the ticker META on the NASDAQ NMS - GLOBAL MARKET. As a dominant force in the Media space, the company continues to innovate and drive progress within the industry.\n\n[QUANT SIGNALS - STRUCTURAL]:\n- Price Move: META increased by 5.19% (299.09 -> 314.60)\n- Alpha vs Nasdaq-100: -0.11% (Underperformed)\n- Market Context (VIX): N/A\n- Volume Status: Normal (Z-Score: -0.6)\n- Volatility (ATR): 10.37 (High)\n- Weekly RSI (Trend Strength): 51.0 (Neutral)\n\n[TECHNICALS - DAILY]:\n- Daily RSI: 45.9 (Neutral)\n- Trend: Strong Uptrend\n- MACD: Bearish Crossover\n- Mean Reversion: 3.1% from SMA50 (Normal)\n\n[NEWS]:\n\nNo relative news reported.\n\n[QUANT SIGNALS - STRUCTURAL]:\n- Price Move: META increased by 4.05% (315.98 -> 328.77)\n- Alpha vs Nasdaq-100: +1.56% (Outperformed)\n- Market Context (VIX): N/A\n- Volume Status: Normal (Z-Score: -0.3)\n- Volatility (ATR): 9.28 (Normal)\n- Weekly RSI (Trend Strength): 45.2 (Neutral)\n\n[TECHNICALS - DAILY]:\n- Daily RSI: 60.4 (Neutral)\n- Trend: Strong Uptrend\n- MACD: Bullish Crossover\n- Mean Reversion: 6.7% from SMA50 (Normal)\n\n[NEWS]:\n\nNo relative news reported.\n\n[QUANT SIGNALS - STRUCTURAL]:\n- Price Move: META increased by 2.71% (326.20 -> 335.04)\n- Alpha vs Nasdaq-100: +0.37% (Outperformed)\n- Market Context (VIX): N/A\n- Volume Status: Normal (Z-Score: -0.6)\n- Volatility (ATR): 7.35 (Normal)\n- Weekly RSI (Trend Strength): 58.0 (Neutral)\n\n[TECHNICALS - DAILY]:\n- Daily RSI: 86.5 (Overbought)\n- Trend: Strong Uptrend\n- MACD: Bullish Crossover\n- Mean Reversion: 7.5% from SMA50 (Normal)\n\n[NEWS]:\n\nNo relative news reported.\n[Basic Financials]:\n\nNo basic financial reported.\n\nBased on all the information before 2023-11-20, let's first analyze the positive developments and potential concerns for META. Come up with 2-4 most important factors respectively and keep them concise. Integrate both quantitative signals and news to explain the movement. Then let's assume your prediction for the coming trading week (2023-11-20 pre-market to 2023-11-24 close) is up by 0-1%. Pay special attention to [WEEKEND NEWS - PRE-MARKET], because this information is available before Monday open. Provide a summary analysis to support your prediction. Before writing the analysis, cross-reference the [QUANT SIGNALS] with the [NEWS]. If the prediction is up by 0-1% but the technicals show a conflict (e.g., predicting 'Up' when Trend is 'Strong Downtrend'), explain this divergence logically (e.g., as a 'trend reversal' or 'short squeeze') rather than ignoring the data. The prediction result need to be inferred from your analysis at the end, and thus not appearing as a foundational factor of your analysis.","[Positive Developments]:
1. **Sustained Uptrend with Improving Alpha:** The stock price advanced for three consecutive weeks (totaling ~12%), shifting from initially underperforming the Nasdaq-100 to delivering positive alpha in the subsequent two weeks. This indicates growing relative strength and buyer conviction.
2. **Bullish Technical Momentum:** The daily MACD completed a bullish crossover during the rally, and the stock maintains a ""Strong Uptrend"" designation. Price remains healthily above the SMA50 (7.5% deviation), supporting the uptrend's integrity.
3. **High Volatility Normalizing:** The initially high Average True Range (ATR) of 10.37 subsided to normal levels (7.35) as the rally progressed, suggesting the move is becoming less erratic and potentially more sustainable.

[Potential Concerns]:
1. **Severely Overbought Short-Term Condition:** The daily RSI surged to 86.5 in the most recent period, indicating extreme overbought conditions. This creates a high risk of a technical pullback or consolidation in the immediate term.
2. **Divergence Between Daily and Weekly Momentum:** While the daily chart is overbought, the Weekly RSI remains neutral at 58.0. This suggests the longer-term trend may not be as extended, but the short-term price move is overextended and vulnerable.
3. **Lack of Fundamental Catalyst:** No company-specific news was reported to explain the rally. The move appears driven by market/sector flows and technical momentum rather than a fresh fundamental narrative, making it susceptible to shifts in broad market sentiment.

[Prediction & Analysis]:
Prediction for the trading week of 2023-11-20 to 2023-11-24: **Up 0-1%**.

The analysis presents a clear conflict: the prediction is for marginal weekly gains, but the technical picture shows a severely overbought daily condition that typically precedes a pullback. This divergence is resolved through the following logic:

1.  **Technical Reality Dictates Consolidation:** A daily RSI of 86.5 is unsustainable without a continuous massive inflow. The most probable immediate path is for the stock to enter a consolidation phase or a shallow pullback to relieve overbought pressure. This caps upside potential significantly.
2.  **Context of the Broader Uptrend:** The underlying trend structure remains strongly bullish (Strong Uptrend, bullish MACD, above SMA50). Therefore, any pullback is likely to be bought into, providing support and preventing a deep decline. The neutral Weekly RSI suggests there is room for the stock to digest gains without breaking the longer-term uptrend.
3.  **Market Flow as the Inferred Driver:** In the absence of news, the three-week rally is best explained by **beta-driven momentum and sector-level repricing** within the tech/media space, possibly tied to a broader ""Year-End Rally"" narrative in growth stocks. This flow can pause or slow, leading to a week of sideways action with a slight upward bias as the trend attempts to reassert itself after a brief pause.

Thus, the predicted 0-1% gain represents a **consolidation week** where the stock grinds slightly higher or recovers from an early-week dip, effectively working off its overbought condition through time rather than a sharp price decline. The positive alpha in recent weeks shows underlying demand that should provide a floor.

[Primary Driver]:
Technical",up by 0-1%,2023-11-20,2023-11-24,38,Technical
"[Company Introduction]:\n\nMeta Platforms Inc is a leading entity in the Media sector. Incorporated and publicly traded since 2012-05-18, the company has established its reputation as one of the key players in the market. As of today, Meta Platforms Inc has a market capitalization of 1617119.55 in USD, with 2529.56 shares outstanding.\n\nMeta Platforms Inc operates primarily in the US, trading under the ticker META on the NASDAQ NMS - GLOBAL MARKET. As a dominant force in the Media space, the company continues to innovate and drive progress within the industry.\n\n[QUANT SIGNALS - STRUCTURAL]:\n- Price Move: META increased by 5.19% (299.09 -> 314.60)\n- Alpha vs Nasdaq-100: -0.11% (Underperformed)\n- Market Context (VIX): N/A\n- Volume Status: Normal (Z-Score: -0.6)\n- Volatility (ATR): 10.37 (High)\n- Weekly RSI (Trend Strength): 51.0 (Neutral)\n\n[TECHNICALS - DAILY]:\n- Daily RSI: 45.9 (Neutral)\n- Trend: Strong Uptrend\n- MACD: Bearish Crossover\n- Mean Reversion: 3.1% from SMA50 (Normal)\n\n[NEWS]:\n\nNo relative news reported.\n\n[QUANT SIGNALS - STRUCTURAL]:\n- Price Move: META increased by 4.05% (315.98 -> 328.77)\n- Alpha vs Nasdaq-100: +1.56% (Outperformed)\n- Market Context (VIX): N/A\n- Volume Status: Normal (Z-Score: -0.3)\n- Volatility (ATR): 9.28 (Normal)\n- Weekly RSI (Trend Strength): 45.2 (Neutral)\n\n[TECHNICALS - DAILY]:\n- Daily RSI: 60.4 (Neutral)\n- Trend: Strong Uptrend\n- MACD: Bullish Crossover\n- Mean Reversion: 6.7% from SMA50 (Normal)\n\n[NEWS]:\n\nNo relative news reported.\n\n[QUANT SIGNALS - STRUCTURAL]:\n- Price Move: META increased by 2.71% (326.20 -> 335.04)\n- Alpha vs Nasdaq-100: +0.37% (Outperformed)\n- Market Context (VIX): N/A\n- Volume Status: Normal (Z-Score: -0.6)\n- Volatility (ATR): 7.35 (Normal)\n- Weekly RSI (Trend Strength): 58.0 (Neutral)\n\n[TECHNICALS - DAILY]:\n- Daily RSI: 86.5 (Overbought)\n- Trend: Strong Uptrend\n- MACD: Bullish Crossover\n- Mean Reversion: 7.5% from SMA50 (Normal)\n\n[NEWS]:\n\nNo relative news reported.\n\n[QUANT SIGNALS - STRUCTURAL]:\n- Price Move: META increased by 1.00% (334.89 -> 338.23)\n- Alpha vs Nasdaq-100: +1.31% (Outperformed)\n- Market Context (VIX): N/A\n- Volume Status: Normal (Z-Score: -2.1)\n- Volatility (ATR): 6.59 (Normal)\n- Weekly RSI (Trend Strength): 65.2 (Neutral)\n\n[TECHNICALS - DAILY]:\n- Daily RSI: 77.3 (Overbought)\n- Trend: Strong Uptrend\n- MACD: Bullish Crossover\n- Mean Reversion: 7.7% from SMA50 (Normal)\n\n[NEWS]:\n\nNo relative news reported.\n[Basic Financials]:\n\nNo basic financial reported.\n\nBased on all the information before 2023-11-27, let's first analyze the positive developments and potential concerns for META. Come up with 2-4 most important factors respectively and keep them concise. Integrate both quantitative signals and news to explain the movement. Then let's assume your prediction for the coming trading week (2023-11-27 pre-market to 2023-12-01 close) is down by 3-4%. Pay special attention to [WEEKEND NEWS - PRE-MARKET], because this information is available before Monday open. Provide a summary analysis to support your prediction. Before writing the analysis, cross-reference the [QUANT SIGNALS] with the [NEWS]. If the prediction is down by 3-4% but the technicals show a conflict (e.g., predicting 'Up' when Trend is 'Strong Downtrend'), explain this divergence logically (e.g., as a 'trend reversal' or 'short squeeze') rather than ignoring the data. The prediction result need to be inferred from your analysis at the end, and thus not appearing as a foundational factor of your analysis.","[Positive Developments]:
1. **Sustained Strong Uptrend**: The stock price has advanced for four consecutive weeks, with the trend identified as ""Strong Uptrend"" in the daily technicals, demonstrating persistent buying pressure.
2. **Bullish Momentum Signals**: The MACD has shifted to a bullish crossover in the later weeks, and recent alpha versus the Nasdaq-100 has been positive, indicating the stock is outperforming its benchmark.
3. **Healthy Technical Structure**: The price maintains a normal (~3-8%) premium above its 50-day moving average, suggesting the advance has been measured and not excessively disconnected from its medium-term trend.

[Potential Concerns]:
1. **Severely Overbought Short-Term Conditions**: The daily RSI reached extreme levels of 86.5 and 77.3 in the final two weeks, signaling the rally is overextended and vulnerable to a technical pullback or consolidation.
2. **Absence of Fundamental Catalysts**: There was ""No relative news reported"" during this entire multi-week advance. The move appears driven by broader market/sector flows or momentum chasing rather than company-specific positive developments.
3. **Early High Volatility**: The initially high Average True Range (ATR of 10.37) suggests the move began with significant volatility, which, while having normalized, indicates underlying nervousness or aggressive positioning.

[Prediction & Analysis]:
Prediction for the trading week of 2023-11-27 to 2023-12-01: **Down 3-4%**.

The analysis leading to this prediction is as follows: The core of the bearish short-term thesis is the severe overbought condition (Daily RSI >86) clashing with the absence of a fresh narrative catalyst. The price move has been structurally driven by market mechanics—specifically, **beta-driven momentum and sector-level repricing** within the ""Magnificent 7""/tech cohort—as evidenced by the normal volume and lack of company news. While the weekly RSI remains neutral, the daily RSI extreme creates a high-probability setup for a mean reversion pullback.

The prediction of a down week represents a **short-term correction within a longer-term uptrend**. The ""Strong Uptrend"" technical tag is not ignored; it suggests any pullback is likely to find initial support near the rising 50-day SMA (currently ~7.7% below price). The recent outperformance (positive alpha) may have exhausted immediate buyers, and with no new positive news to sustain the momentum, profit-taking is the most probable immediate driver. The decreasing volatility (ATR falling from 10.37 to 6.59) into an overbought state often precedes a contraction then expansion to the downside.

[Primary Driver]:
**Technical** - The anticipated move is primarily a reaction to an overbought technical condition, demanding a pullback for healthier momentum. The flow-driven ascent now lacks the fundamental (narrative) support to push through the overbought barrier without a pause.",down by 3-4%,2023-11-27,2023-12-01,39,"**Technical** - The anticipated move is primarily a reaction to an overbought technical condition, demanding a pullback for healthier momentum. The flow-driven ascent now lacks the fundamental (narrative) support to push through the overbought barrier without a pause."
"[Company Introduction]:\n\nMeta Platforms Inc is a leading entity in the Media sector. Incorporated and publicly traded since 2012-05-18, the company has established its reputation as one of the key players in the market. As of today, Meta Platforms Inc has a market capitalization of 1617119.55 in USD, with 2529.56 shares outstanding.\n\nMeta Platforms Inc operates primarily in the US, trading under the ticker META on the NASDAQ NMS - GLOBAL MARKET. As a dominant force in the Media space, the company continues to innovate and drive progress within the industry.\n\n[QUANT SIGNALS - STRUCTURAL]:\n- Price Move: META decreased by 4.13% (309.50 -> 296.73)\n- Alpha vs Nasdaq-100: -1.21% (Underperformed)\n- Market Context (VIX): N/A\n- Volume Status: Normal (Z-Score: 0.5)\n- Volatility (ATR): 10.02 (High)\n- Weekly RSI (Trend Strength): 49.9 (Neutral)\n\n[TECHNICALS - DAILY]:\n- Daily RSI: 37.5 (Neutral)\n- Trend: Bullish\n- MACD: Bearish Crossover\n- Mean Reversion: -2.2% from SMA50 (Normal)\n\n[NEWS]:\n\nNo relative news reported.\n[WEEKEND NEWS - PRE-MARKET]:\n[Headline]: Dow Jones Futures Due With Apple, Fed Ahead; Microsoft Leads Stocks With These  Bullish Traits\n[Summary]: The market correction has intensified, with Apple earnings and a Fed meeting on tap. Microsoft leads four big techs with these bullish traits.\n\n[Headline]: Meta Doesn't Have The Returns To Justify Its Valuation\n[Summary]: As a financial writer, I've crafted an article explaining the important role of diversification in investment portfolios.\n\n[Basic Financials]:\n\nNo basic financial reported.\n\nBased on all the information before 2023-10-30, let's first analyze the positive developments and potential concerns for META. Come up with 2-4 most important factors respectively and keep them concise. Integrate both quantitative signals and news to explain the movement. Then let's assume your prediction for the coming trading week (2023-10-30 pre-market to 2023-11-03 close) is up by more than 5%. Pay special attention to [WEEKEND NEWS - PRE-MARKET], because this information is available before Monday open. Provide a summary analysis to support your prediction. Before writing the analysis, cross-reference the [QUANT SIGNALS] with the [NEWS]. If the prediction is up by more than 5% but the technicals show a conflict (e.g., predicting 'Up' when Trend is 'Strong Downtrend'), explain this divergence logically (e.g., as a 'trend reversal' or 'short squeeze') rather than ignoring the data. The prediction result need to be inferred from your analysis at the end, and thus not appearing as a foundational factor of your analysis.","[Positive Developments]:
1. **Bullish Daily Trend Persists**: Despite a recent pullback, the daily trend remains bullish, indicating underlying structural strength and potential for recovery.
2. **Neutral Momentum Indicators**: Weekly RSI (49.9) and daily RSI (37.5) are neutral, not overbought, leaving room for upward movement without immediate resistance from overextension.
3. **Normal Mean Reversion**: Price is only -2.2% from the SMA50, within normal bounds, suggesting the decline is a healthy correction rather than a breakdown.

[Potential Concerns]:
1. **Recent Underperformance and Price Decline**: META fell 4.13% last week with a -1.21% Alpha vs. Nasdaq-100, signaling relative weakness amid broad market pressures.
2. **Bearish Short-Term Signal**: Daily MACD shows a bearish crossover, hinting at potential further downside momentum in the near term.
3. **Elevated Volatility**: High ATR (10.02) implies increased risk of sharp swings, which could amplify losses if negative sentiment persists.
4. **Valuation Concerns Highlighted**: Weekend news included a critical article questioning META's returns relative to valuation, which may dampen investor sentiment despite no fundamental news.

[Prediction & Analysis]:
META is predicted to rise by more than 5% in the coming week (2023-10-30 to 2023-11-03). This outlook balances the technical conflicts: while the bearish MACD crossover and recent underperformance suggest short-term weakness, the bullish daily trend and neutral RSI levels provide a foundation for a reversal. The price decline of 4.13% may have already absorbed the bearish momentum, with daily RSI at 37.5 nearing oversold territory, setting up for a technical bounce. High volatility (ATR: 10.02) supports the potential for a sharp upward move. With no company-specific negative news, the sell-off appears driven by market mechanics—specifically, sector-wide correction as indicated in weekend news, where big tech like Microsoft shows bullish traits. This could lead to flow-driven buying as investors reposition ahead of key events (Apple earnings, Fed meeting), benefiting META through beta correlation. Thus, the predicted gain is attributed to a combination of oversold reversal and sector rotation.

[Primary Driver]:
Mixed (Technical and Flow)",up by more than 5%,2023-10-30,2023-11-03,35,Mixed (Technical and Flow)
"[Company Introduction]:\n\nMeta Platforms Inc is a leading entity in the Media sector. Incorporated and publicly traded since 2012-05-18, the company has established its reputation as one of the key players in the market. As of today, Meta Platforms Inc has a market capitalization of 1617119.55 in USD, with 2529.56 shares outstanding.\n\nMeta Platforms Inc operates primarily in the US, trading under the ticker META on the NASDAQ NMS - GLOBAL MARKET. As a dominant force in the Media space, the company continues to innovate and drive progress within the industry.\n\n[QUANT SIGNALS - STRUCTURAL]:\n- Price Move: META decreased by 3.14% (318.64 -> 308.65)\n- Alpha vs Nasdaq-100: +0.87% (Outperformed)\n- Market Context (VIX): N/A\n- Volume Status: Normal (Z-Score: 0.4)\n- Volatility (ATR): 8.84 (Normal)\n- Weekly RSI (Trend Strength): 58.5 (Neutral)\n\n[TECHNICALS - DAILY]:\n- Daily RSI: 51.3 (Neutral)\n- Trend: Strong Uptrend\n- MACD: Bearish Crossover\n- Mean Reversion: 1.9% from SMA50 (Normal)\n\n[NEWS]:\n\nNo relative news reported.\n\n[QUANT SIGNALS - STRUCTURAL]:\n- Price Move: META decreased by 4.13% (309.50 -> 296.73)\n- Alpha vs Nasdaq-100: -1.21% (Underperformed)\n- Market Context (VIX): N/A\n- Volume Status: Normal (Z-Score: 0.5)\n- Volatility (ATR): 10.02 (High)\n- Weekly RSI (Trend Strength): 49.9 (Neutral)\n\n[TECHNICALS - DAILY]:\n- Daily RSI: 37.5 (Neutral)\n- Trend: Bullish\n- MACD: Bearish Crossover\n- Mean Reversion: -2.2% from SMA50 (Normal)\n\n[NEWS]:\n\nNo relative news reported.\n\n[QUANT SIGNALS - STRUCTURAL]:\n- Price Move: META increased by 5.19% (299.09 -> 314.60)\n- Alpha vs Nasdaq-100: -0.11% (Underperformed)\n- Market Context (VIX): N/A\n- Volume Status: Normal (Z-Score: -0.6)\n- Volatility (ATR): 10.37 (High)\n- Weekly RSI (Trend Strength): 51.0 (Neutral)\n\n[TECHNICALS - DAILY]:\n- Daily RSI: 45.9 (Neutral)\n- Trend: Strong Uptrend\n- MACD: Bearish Crossover\n- Mean Reversion: 3.1% from SMA50 (Normal)\n\n[NEWS]:\n\nNo relative news reported.\n\n[QUANT SIGNALS - STRUCTURAL]:\n- Price Move: META increased by 4.05% (315.98 -> 328.77)\n- Alpha vs Nasdaq-100: +1.56% (Outperformed)\n- Market Context (VIX): N/A\n- Volume Status: Normal (Z-Score: -0.3)\n- Volatility (ATR): 9.28 (Normal)\n- Weekly RSI (Trend Strength): 45.2 (Neutral)\n\n[TECHNICALS - DAILY]:\n- Daily RSI: 60.4 (Neutral)\n- Trend: Strong Uptrend\n- MACD: Bullish Crossover\n- Mean Reversion: 6.7% from SMA50 (Normal)\n\n[NEWS]:\n\nNo relative news reported.\n[Basic Financials]:\n\nNo basic financial reported.\n\nBased on all the information before 2023-11-13, let's first analyze the positive developments and potential concerns for META. Come up with 2-4 most important factors respectively and keep them concise. Integrate both quantitative signals and news to explain the movement. Then let's assume your prediction for the coming trading week (2023-11-13 pre-market to 2023-11-17 close) is up by 2-3%. Pay special attention to [WEEKEND NEWS - PRE-MARKET], because this information is available before Monday open. Provide a summary analysis to support your prediction. Before writing the analysis, cross-reference the [QUANT SIGNALS] with the [NEWS]. If the prediction is up by 2-3% but the technicals show a conflict (e.g., predicting 'Up' when Trend is 'Strong Downtrend'), explain this divergence logically (e.g., as a 'trend reversal' or 'short squeeze') rather than ignoring the data. The prediction result need to be inferred from your analysis at the end, and thus not appearing as a foundational factor of your analysis.","[Positive Developments]:
1.  **Bullish Technical Reversal:** The daily MACD has shifted from a bearish crossover to a bullish crossover in the most recent period, signaling a potential resumption of the underlying strong uptrend. The price has reclaimed and moved 6.7% above its 50-day moving average (SMA50), indicating positive momentum.
2.  **Recent Outperformance vs. Index:** In the latest trading period, META posted a 4.05% gain with a +1.56% Alpha against the Nasdaq-100, demonstrating relative strength and attracting capital flows away from the broader tech sector.
3.  **Persistent Uptrend Structure:** Despite recent volatility and a pullback, the overarching daily and weekly trends are classified as ""Strong Uptrend"" and ""Neutral"" (weekly RSI ~45-51), respectively. This suggests the long-term bullish structure remains intact without being overextended.

[Potential Concerns]:
1.  **Prior Underperformance Amid Gains:** During the week where META rose 5.19%, it still underperformed the Nasdaq-100 (-0.11% Alpha). This indicates that the rally during that period was likely beta-driven (flow) and not driven by unique company strength, revealing a potential vulnerability to market-wide sentiment shifts.
2.  **Elevated Volatility and Choppy Price Action:** The stock experienced a high Average True Range (ATR) and a sharp 4.13% decline in one period, followed by a strong rebound. This choppiness, in the absence of company-specific news, points to heightened sensitivity to sector rotation and macro flows.
3.  **Extended Position:** While the uptrend is strong, trading 6.7% above the SMA50 brings the stock into a moderately extended zone, increasing its susceptibility to a short-term technical pullback or mean reversion, especially if broad market conditions weaken.

[Prediction & Analysis]:
**Prediction for the week of 2023-11-13 to 2023-11-17: Up 2-3%.**

The analysis supports a cautiously bullish outlook for the coming week. The primary technical catalyst is the newly formed bullish MACD crossover on the daily chart, which historically serves as a momentum ignition signal within a strong uptrend. The stock's recent ability to outperform the index (positive Alpha) on an up-day is a key sign of returning institutional favor. While the weekly RSI is neutral at 45.2, it has room to run before hitting overbought territory (>70), providing a runway for further gains.

The predicted 2-3% move is not extreme and aligns with the stock's recent volatility profile and its position above the SMA50. The move is likely to be driven by a continuation of the technical breakout, coupled with positive sector flows into large-cap tech. The main risk to this forecast is a reversal in broader market sentiment, given META's recent history of trading in sync with the Nasdaq (beta). However, the positive technical setup and recent relative strength suggest it is well-positioned to capture alpha in a neutral-to-positive market environment. The absence of negative company-specific news removes a potential headwind.

[Primary Driver]:
**Mixed** (Strong technical reversal signal [Bullish MACD, Strong Uptrend] combined with positive sector/market flow indicated by recent Alpha).",up by 2-3%,2023-11-13,2023-11-17,37,"**Mixed** (Strong technical reversal signal [Bullish MACD, Strong Uptrend] combined with positive sector/market flow indicated by recent Alpha)."
"[Company Introduction]:\n\nMeta Platforms Inc is a leading entity in the Media sector. Incorporated and publicly traded since 2012-05-18, the company has established its reputation as one of the key players in the market. As of today, Meta Platforms Inc has a market capitalization of 1617119.55 in USD, with 2529.56 shares outstanding.\n\nMeta Platforms Inc operates primarily in the US, trading under the ticker META on the NASDAQ NMS - GLOBAL MARKET. As a dominant force in the Media space, the company continues to innovate and drive progress within the industry.\n\n[QUANT SIGNALS - STRUCTURAL]:\n- Price Move: META decreased by 3.14% (318.64 -> 308.65)\n- Alpha vs Nasdaq-100: +0.87% (Outperformed)\n- Market Context (VIX): N/A\n- Volume Status: Normal (Z-Score: 0.4)\n- Volatility (ATR): 8.84 (Normal)\n- Weekly RSI (Trend Strength): 58.5 (Neutral)\n\n[TECHNICALS - DAILY]:\n- Daily RSI: 51.3 (Neutral)\n- Trend: Strong Uptrend\n- MACD: Bearish Crossover\n- Mean Reversion: 1.9% from SMA50 (Normal)\n\n[NEWS]:\n\nNo relative news reported.\n\n[QUANT SIGNALS - STRUCTURAL]:\n- Price Move: META decreased by 4.13% (309.50 -> 296.73)\n- Alpha vs Nasdaq-100: -1.21% (Underperformed)\n- Market Context (VIX): N/A\n- Volume Status: Normal (Z-Score: 0.5)\n- Volatility (ATR): 10.02 (High)\n- Weekly RSI (Trend Strength): 49.9 (Neutral)\n\n[TECHNICALS - DAILY]:\n- Daily RSI: 37.5 (Neutral)\n- Trend: Bullish\n- MACD: Bearish Crossover\n- Mean Reversion: -2.2% from SMA50 (Normal)\n\n[NEWS]:\n\nNo relative news reported.\n\n[QUANT SIGNALS - STRUCTURAL]:\n- Price Move: META increased by 5.19% (299.09 -> 314.60)\n- Alpha vs Nasdaq-100: -0.11% (Underperformed)\n- Market Context (VIX): N/A\n- Volume Status: Normal (Z-Score: -0.6)\n- Volatility (ATR): 10.37 (High)\n- Weekly RSI (Trend Strength): 51.0 (Neutral)\n\n[TECHNICALS - DAILY]:\n- Daily RSI: 45.9 (Neutral)\n- Trend: Strong Uptrend\n- MACD: Bearish Crossover\n- Mean Reversion: 3.1% from SMA50 (Normal)\n\n[NEWS]:\n\nNo relative news reported.\n[Basic Financials]:\n\nNo basic financial reported.\n\nBased on all the information before 2023-11-06, let's first analyze the positive developments and potential concerns for META. Come up with 2-4 most important factors respectively and keep them concise. Integrate both quantitative signals and news to explain the movement. Then let's assume your prediction for the coming trading week (2023-11-06 pre-market to 2023-11-10 close) is up by 4-5%. Pay special attention to [WEEKEND NEWS - PRE-MARKET], because this information is available before Monday open. Provide a summary analysis to support your prediction. Before writing the analysis, cross-reference the [QUANT SIGNALS] with the [NEWS]. If the prediction is up by 4-5% but the technicals show a conflict (e.g., predicting 'Up' when Trend is 'Strong Downtrend'), explain this divergence logically (e.g., as a 'trend reversal' or 'short squeeze') rather than ignoring the data. The prediction result need to be inferred from your analysis at the end, and thus not appearing as a foundational factor of your analysis.","[Positive Developments]:
1. Strong Uptrend Reassertion: The technical trend is indicated as ""Strong Uptrend"" in the latest data, reinforcing a bullish structural bias despite recent volatility.
2. Resilient Price Recovery: META increased by 5.19% in the most recent period, demonstrating buying interest and a bounce from prior lows, with daily RSI recovering from near-oversold levels (37.5 to 45.9).
3. Neutral Momentum Indicators: Weekly and daily RSI are in neutral ranges (45.9-58.5), avoiding overbought or oversold extremes and allowing room for upward movement without immediate reversal pressure.
4. Occasional Alpha Outperformance: In the first period, META outperformed the Nasdaq-100 by +0.87%, showing instances of relative strength amid market fluctuations.

[Potential Concerns]:
1. Bearish MACD Signal: Across all periods, MACD maintains a bearish crossover, signaling potential short-term downward momentum that contradicts the overall uptrend.
2. Recent Relative Underperformance: META underperformed the Nasdaq-100 in the second (-1.21%) and third (-0.11%) periods, indicating weakness compared to the broader market and possible loss of leadership.
3. Elevated Volatility: Average True Range (ATR) increased to high levels (10.02 and 10.37), suggesting heightened price swings and increased risk for traders.
4. Lack of Fundamental Catalysts: No company-specific news was reported, meaning price movements are driven solely by technicals or market flows, which can be unpredictable and lack sustained directional conviction.

[Prediction & Analysis]:
Assuming a prediction of up 4-5% for the coming week, this aligns with the ""Strong Uptrend"" technical reality, where neutral RSI levels (daily at 45.9, weekly at 51.0) provide ample room for advancement without overextension. The recent 5.19% gain likely reflects a technical rebound from earlier declines, as daily RSI dipped to 37.5 (approaching oversold) before recovering, supported by normal volume activity indicating steady institutional participation. Despite the bearish MACD crossover—a conflict that typically warns of short-term weakness—this divergence can be logically explained as a temporary consolidation within a broader uptrend, potentially resolving through continued buying pressure or a short squeeze if negative sentiment subsides. Given the absence of news, the anticipated move is driven by market mechanics: sector-level repricing in the Media space or beta-driven momentum as META catches up to the Nasdaq-100 after underperforming, with high volatility facilitating sharp upward moves. However, the underperformance and MACD signal warrant caution; the prediction hinges on the trend persisting and technical strength overriding bearish signals.

[Primary Driver]:
Mixed",up by 4-5%,2023-11-06,2023-11-10,36,Mixed
"[Company Introduction]:\n\nMeta Platforms Inc is a leading entity in the Media sector. Incorporated and publicly traded since 2012-05-18, the company has established its reputation as one of the key players in the market. As of today, Meta Platforms Inc has a market capitalization of 1617119.55 in USD, with 2529.56 shares outstanding.\n\nMeta Platforms Inc operates primarily in the US, trading under the ticker META on the NASDAQ NMS - GLOBAL MARKET. As a dominant force in the Media space, the company continues to innovate and drive progress within the industry.\n\n[QUANT SIGNALS - STRUCTURAL]:\n- Price Move: META increased by 4.71% (337.48 -> 353.39)\n- Alpha vs Nasdaq-100: +4.40% (Outperformed)\n- Market Context (VIX): N/A\n- Volume Status: Normal (Z-Score: -1.2)\n- Volatility (ATR): 8.33 (Normal)\n- Weekly RSI (Trend Strength): 67.9 (Neutral)\n\n[TECHNICALS - DAILY]:\n- Daily RSI: 77.7 (Overbought)\n- Trend: Strong Uptrend\n- MACD: Bullish Crossover\n- Mean Reversion: 8.6% from SMA50 (Normal)\n\n[NEWS]:\n\nNo relative news reported.\n[Basic Financials]:\n\nNo basic financial reported.\n\nBased on all the information before 2023-12-26, let's first analyze the positive developments and potential concerns for META. Come up with 2-4 most important factors respectively and keep them concise. Integrate both quantitative signals and news to explain the movement. Then let's assume your prediction for the coming trading week (2023-12-26 pre-market to 2023-12-29 close) is down by 0-1%. Pay special attention to [WEEKEND NEWS - PRE-MARKET], because this information is available before Monday open. Provide a summary analysis to support your prediction. Before writing the analysis, cross-reference the [QUANT SIGNALS] with the [NEWS]. If the prediction is down by 0-1% but the technicals show a conflict (e.g., predicting 'Up' when Trend is 'Strong Downtrend'), explain this divergence logically (e.g., as a 'trend reversal' or 'short squeeze') rather than ignoring the data. The prediction result need to be inferred from your analysis at the end, and thus not appearing as a foundational factor of your analysis.","[Positive Developments]:
1. Strong Technical Momentum: The stock exhibits a Strong Uptrend on daily charts, confirmed by a Bullish MACD Crossover, indicating continued positive price momentum in the short term.
2. Alpha Generation: META significantly outperformed the Nasdaq-100 (+4.40% Alpha), demonstrating relative strength and investor favorability amidst broader market movements.

[Potential Concerns]:
1. Overbought Technical Condition: The daily RSI of 77.7 is solidly in overbought territory, signaling a high probability of a near-term pullback or consolidation as the stock is technically overextended.
2. Absence of Fresh Catalysts: With no recent company-specific news or financial updates to sustain the momentum, the recent rally lacks a fundamental narrative and may be vulnerable to profit-taking.

[Prediction & Analysis]:
The prediction is for a slight decline of 0-1% in the coming week. This forecast is based on a technical reality check. While the medium-term trend remains strong (Strong Uptrend, Bullish MACD), the daily RSI at 77.7 indicates the move is overextended and vulnerable to a pause or minor pullback. The recent 4.71% surge, which occurred on normal volume and without a specific news catalyst, is more indicative of momentum and flow-driven buying (beta/alpha catch-up) rather than a new fundamental development. In the absence of a fresh positive catalyst to justify further immediate gains, the overbought condition is the primary constraint. The neutral weekly RSI (67.9) suggests the longer-term uptrend is not yet exhausted, but the short-term setup favors a consolidation. Therefore, the most likely path is a mild retracement or sideways action as the overbought condition is worked off, aligning with the predicted slight decline.

[Primary Driver]:
Mixed (Technically overbought condition meeting flow-driven momentum)",down by 0-1%,2023-12-26,2023-12-29,43,Mixed (Technically overbought condition meeting flow-driven momentum)
"[Company Introduction]:\n\nMeta Platforms Inc is a leading entity in the Media sector. Incorporated and publicly traded since 2012-05-18, the company has established its reputation as one of the key players in the market. As of today, Meta Platforms Inc has a market capitalization of 1617119.55 in USD, with 2529.56 shares outstanding.\n\nMeta Platforms Inc operates primarily in the US, trading under the ticker META on the NASDAQ NMS - GLOBAL MARKET. As a dominant force in the Media space, the company continues to innovate and drive progress within the industry.\n\n[QUANT SIGNALS - STRUCTURAL]:\n- Price Move: META increased by 2.71% (326.20 -> 335.04)\n- Alpha vs Nasdaq-100: +0.37% (Outperformed)\n- Market Context (VIX): N/A\n- Volume Status: Normal (Z-Score: -0.6)\n- Volatility (ATR): 7.35 (Normal)\n- Weekly RSI (Trend Strength): 58.0 (Neutral)\n\n[TECHNICALS - DAILY]:\n- Daily RSI: 86.5 (Overbought)\n- Trend: Strong Uptrend\n- MACD: Bullish Crossover\n- Mean Reversion: 7.5% from SMA50 (Normal)\n\n[NEWS]:\n\nNo relative news reported.\n\n[QUANT SIGNALS - STRUCTURAL]:\n- Price Move: META increased by 1.00% (334.89 -> 338.23)\n- Alpha vs Nasdaq-100: +1.31% (Outperformed)\n- Market Context (VIX): N/A\n- Volume Status: Normal (Z-Score: -2.1)\n- Volatility (ATR): 6.59 (Normal)\n- Weekly RSI (Trend Strength): 65.2 (Neutral)\n\n[TECHNICALS - DAILY]:\n- Daily RSI: 77.3 (Overbought)\n- Trend: Strong Uptrend\n- MACD: Bullish Crossover\n- Mean Reversion: 7.7% from SMA50 (Normal)\n\n[NEWS]:\n\nNo relative news reported.\n\n[QUANT SIGNALS - STRUCTURAL]:\n- Price Move: META decreased by 3.38% (336.18 -> 324.82)\n- Alpha vs Nasdaq-100: -3.58% (Underperformed)\n- Market Context (VIX): N/A\n- Volume Status: Normal (Z-Score: 0.0)\n- Volatility (ATR): 7.10 (Normal)\n- Weekly RSI (Trend Strength): 79.0 (Overbought)\n\n[TECHNICALS - DAILY]:\n- Daily RSI: 46.1 (Neutral)\n- Trend: Strong Uptrend\n- MACD: Bearish Crossover\n- Mean Reversion: 2.4% from SMA50 (Normal)\n\n[NEWS]:\n\nNo relative news reported.\n[Basic Financials]:\n\nNo basic financial reported.\n\nBased on all the information before 2023-12-04, let's first analyze the positive developments and potential concerns for META. Come up with 2-4 most important factors respectively and keep them concise. Integrate both quantitative signals and news to explain the movement. Then let's assume your prediction for the coming trading week (2023-12-04 pre-market to 2023-12-08 close) is up by 4-5%. Pay special attention to [WEEKEND NEWS - PRE-MARKET], because this information is available before Monday open. Provide a summary analysis to support your prediction. Before writing the analysis, cross-reference the [QUANT SIGNALS] with the [NEWS]. If the prediction is up by 4-5% but the technicals show a conflict (e.g., predicting 'Up' when Trend is 'Strong Downtrend'), explain this divergence logically (e.g., as a 'trend reversal' or 'short squeeze') rather than ignoring the data. The prediction result need to be inferred from your analysis at the end, and thus not appearing as a foundational factor of your analysis.","[Positive Developments]:
1. **Strong Relative Alpha on Up Days**: META outperformed the Nasdaq-100 by +0.37% and +1.31% on its two positive trading days, indicating institutional favor and resilience during market gains.
2. **Robust Technical Uptrend Intact**: The daily trend is classified as a ""Strong Uptrend,"" and the mean reversion from the SMA50 remains in a ""Normal"" range (~2-8%), suggesting the core bullish structure is not broken.
3. **Momentum Signal (MACD)**: Earlier in the observed period, the MACD showed a bullish crossover, confirming positive momentum before the recent pullback.

[Potential Concerns]:
1. **Significant Underperformance on Down Day**: The stock fell 3.38% and underperformed the Nasdaq-100 by -3.58% on its negative day, which was on normal volume. This points to accelerated, stock-specific selling pressure or profit-taking.
2. **Overbought Conditions Cooling Rapidly**: The daily RSI collapsed from extremely overbought levels (86.5) to neutral (46.1) in just a few sessions, indicating a sharp loss of short-term momentum. The weekly RSI at 79.0 also flags an overbought condition on a longer timeframe.
3. **Bearish Momentum Shift**: The most recent technical reading shows a bearish MACD crossover, suggesting near-term downward momentum may be establishing itself following the pullback.

[Prediction & Analysis]:
**Prediction for the week of 2023-12-04 to 2023-12-08: Up 4-5%.**

**Analysis:**
The prediction of a 4-5% rise next week is framed as a technical rebound within a prevailing uptrend, despite the conflicting short-term signals. The primary conflict is predicting a rally after a bearish MACD crossover and a sharp drop. The rationale hinges on three factors derived from the data:

1.  **Technical Reality & Mean Reversion**: The pullback brought the price to a ""Normal"" 2.4% above the SMA50, which often acts as dynamic support in a strong uptrend. The daily RSI has reset from severely overbought to a neutral 46.1, clearing the way for renewed buying without immediate overbought pressure. The sharp decline appears corrective, not trend-breaking.
2.  **Flow & Relative Performance Context**: META demonstrated strong alpha on up days, showing it acts as a market leader. The underperformance on the down day, absent news, is best interpreted as a sector rotation or profit-taking flow, not a fundamental deterioration. This type of flow-driven sell-off can reverse quickly if the broader market (Nasdaq-100) stabilizes or rallies.
3.  **Dealing with ""No News""**: The entire price movement occurred in a ""No News"" environment. Therefore, the 3.38% drop is not a reaction to bad news but a market mechanics move—likely a combination of profit-taking after a strong run (evidenced by the prior overbought RSI) and a beta-driven move on a weak market day. The absence of a negative catalyst provides room for a mechanical bounce.

The predicted 4-5% gain is a bet on this bounce materializing. The stock is likely to find buyers at this key technical support (SMA50 confluence), and its history of generating alpha suggests it will participate robustly in any market uptick. The risk is that the bearish MACD crossover extends the decline, but the strength of the overarching uptrend and the completed RSI reset favor a rebound scenario.

[Primary Driver]:
**Mixed** (Technical support confluence following a flow-driven sell-off, combined with the stock's established alpha profile).",up by 4-5%,2023-12-04,2023-12-08,40,"**Mixed** (Technical support confluence following a flow-driven sell-off, combined with the stock's established alpha profile)."
"[Company Introduction]:\n\nMeta Platforms Inc is a leading entity in the Media sector. Incorporated and publicly traded since 2012-05-18, the company has established its reputation as one of the key players in the market. As of today, Meta Platforms Inc has a market capitalization of 1617119.55 in USD, with 2529.56 shares outstanding.\n\nMeta Platforms Inc operates primarily in the US, trading under the ticker META on the NASDAQ NMS - GLOBAL MARKET. As a dominant force in the Media space, the company continues to innovate and drive progress within the industry.\n\n[QUANT SIGNALS - STRUCTURAL]:\n- Price Move: META increased by 4.71% (337.48 -> 353.39)\n- Alpha vs Nasdaq-100: +4.40% (Outperformed)\n- Market Context (VIX): N/A\n- Volume Status: Normal (Z-Score: -1.2)\n- Volatility (ATR): 8.33 (Normal)\n- Weekly RSI (Trend Strength): 67.9 (Neutral)\n\n[TECHNICALS - DAILY]:\n- Daily RSI: 77.7 (Overbought)\n- Trend: Strong Uptrend\n- MACD: Bullish Crossover\n- Mean Reversion: 8.6% from SMA50 (Normal)\n\n[NEWS]:\n\nNo relative news reported.\n\n[QUANT SIGNALS - STRUCTURAL]:\n- Price Move: META decreased by 0.29% (354.99 -> 353.96)\n- Alpha vs Nasdaq-100: +0.04% (Outperformed)\n- Market Context (VIX): N/A\n- Volume Status: Normal (Z-Score: -0.3)\n- Volatility (ATR): 7.42 (Normal)\n- Weekly RSI (Trend Strength): 72.2 (Overbought)\n\n[TECHNICALS - DAILY]:\n- Daily RSI: 70.6 (Overbought)\n- Trend: Strong Uptrend\n- MACD: Bullish Crossover\n- Mean Reversion: 7.8% from SMA50 (Normal)\n\n[NEWS]:\n\nNo relative news reported.\nSome recent basic financials of META, reported at 2023-12-31, are presented below:\n\n[Basic Financials]:\n\nassetTurnoverTTM: 0.6446\nbookValue: 153168\ncashRatio: 1.3098247809762202\ncurrentRatio: 2.671\nebitPerShare: 6.1896\neps: 5.2954\nev: 886841.56\nevEbitdaTTM: 15.3486\nevRevenueTTM: 6.574\nfcfMargin: 0.2927\nfcfPerShareTTM: 17.121\ngrossMargin: 0.8105\nlongtermDebtTotalAsset: 0.0801\nlongtermDebtTotalCapital: 0.1067\nlongtermDebtTotalEquity: 0.12\nnetDebtToTotalCapital: -0.1323\nnetDebtToTotalEquity: -0.1488\nnetMargin: 0.3495\noperatingMargin: 0.4085\npb: 5.9388\npeTTM: 23.2659\npfcfTTM: 20.7455\npretaxMargin: 0.419\npsTTM: 6.7429\nptbv: 5.9695\nquickRatio: 2.5554\nreceivablesTurnoverTTM: 9.1042\nroaTTM: 0.1868\nroeTTM: 0.2818\nroicTTM: 0.2511\nrotcTTM: 0.3003\nsalesPerShare: 15.1534\nsgaToSale: 0.1895\ntangibleBookValue: 152380\ntotalDebtToEquity: 0.1245\ntotalDebtToTotalAsset: 0.0831\ntotalDebtToTotalCapital: 0.1107\ntotalRatio: 3.0034\n\nBased on all the information before 2024-01-02, let's first analyze the positive developments and potential concerns for META. Come up with 2-4 most important factors respectively and keep them concise. Integrate both quantitative signals and news to explain the movement. Then let's assume your prediction for the coming trading week (2024-01-02 pre-market to 2024-01-05 close) is up by 0-1%. Pay special attention to [WEEKEND NEWS - PRE-MARKET], because this information is available before Monday open. Provide a summary analysis to support your prediction. Before writing the analysis, cross-reference the [QUANT SIGNALS] with the [NEWS]. If the prediction is up by 0-1% but the technicals show a conflict (e.g., predicting 'Up' when Trend is 'Strong Downtrend'), explain this divergence logically (e.g., as a 'trend reversal' or 'short squeeze') rather than ignoring the data. The prediction result need to be inferred from your analysis at the end, and thus not appearing as a foundational factor of your analysis.","[Positive Developments]:
1. Strong financial health and profitability: META exhibits robust fundamentals with high margins (gross margin 81%, net margin 35%, operating margin 41%), strong free cash flow generation (FCF margin 29%, FCF/share $17.12), and excellent returns (ROE 28%, ROIC 25%). Its balance sheet is solid with a net cash position (negative net debt ratios).
2. Bullish technical momentum: The stock is in a strong uptrend with a bullish MACD crossover. It has consistently outperformed the Nasdaq-100 (positive Alpha) on recent moves, indicating relative strength.
3. Efficient operations and growth capacity: High asset turnover (0.64) and receivables turnover (9.1) suggest efficient use of capital, while substantial cash reserves (cash ratio 1.31) provide flexibility for investment and shareholder returns.

[Potential Concerns]:
1. Overbought technical condition: The daily RSI (77.7) and weekly RSI (72.2) are in overbought territory, signaling a heightened risk of a short-term pullback or consolidation. The price is 7.8-8.6% above its 50-day SMA, which, while labeled ""normal,"" is elevated within an extended uptrend.
2. Absence of recent catalysts: There is no company-specific news to drive the price action, meaning the recent gains lack a fundamental narrative catalyst and may be more susceptible to a sentiment shift or broad market flows.
3. Premium valuation: Trading at a P/E of 23.3 and P/FCF of 20.7, the stock is not cheap. These multiples, while justified by growth, could limit near-term upside, especially if market conditions tighten.

[Prediction & Analysis]:
Prediction for the week of 2024-01-02 to 2024-01-05: **Up 0-1% (Muted Gains/Consolidation).**

The analysis reveals a conflict: strong bullish momentum and fundamentals versus significantly overbought short-term indicators. The prediction of muted gains (0-1%) is a resolution of this conflict. The stock's powerful uptrend and institutional flows (indicated by steady, normal volume and strong Alpha) provide a supportive floor and suggest the trend is not broken. However, the overbought Daily and Weekly RSI readings create a strong headwind for significant further appreciation in the very near term without a fresh catalyst. The absence of news means there is no narrative to overpower this technical resistance.

Therefore, the most likely path is consolidation or a slight grind higher as the market digests recent gains. The move will be driven by market mechanics—specifically, the balance between trend-following flows and profit-taking pressure induced by overbought conditions. The strong financial base prevents a bearish outlook, but the technical reality caps the immediate upside potential. The minor outperformance vs. the NDX on a down day (0.04% Alpha on a -0.29% move) also hints at underlying resilience.

[Primary Driver]:
Mixed (leaning Technical)",up by 0-1%,2024-01-02,2024-01-05,44,Mixed (leaning Technical)
"[Company Introduction]:\n\nMeta Platforms Inc is a leading entity in the Media sector. Incorporated and publicly traded since 2012-05-18, the company has established its reputation as one of the key players in the market. As of today, Meta Platforms Inc has a market capitalization of 1617119.55 in USD, with 2529.56 shares outstanding.\n\nMeta Platforms Inc operates primarily in the US, trading under the ticker META on the NASDAQ NMS - GLOBAL MARKET. As a dominant force in the Media space, the company continues to innovate and drive progress within the industry.\n\n[QUANT SIGNALS - STRUCTURAL]:\n- Price Move: META increased by 0.18% (351.32 -> 351.95)\n- Alpha vs Nasdaq-100: +1.63% (Outperformed)\n- Market Context (VIX): N/A\n- Volume Status: Normal (Z-Score: -0.5)\n- Volatility (ATR): 7.15 (Normal)\n- Weekly RSI (Trend Strength): 73.0 (Overbought)\n\n[TECHNICALS - DAILY]:\n- Daily RSI: 68.8 (Neutral)\n- Trend: Strong Uptrend\n- MACD: Bearish Crossover\n- Mean Reversion: 6.3% from SMA50 (Normal)\n\n[NEWS]:\n\nNo relative news reported.\nSome recent basic financials of META, reported at 2023-12-31, are presented below:\n\n[Basic Financials]:\n\nassetTurnoverTTM: 0.6446\nbookValue: 153168\ncashRatio: 1.3098247809762202\ncurrentRatio: 2.671\nebitPerShare: 6.1896\neps: 5.2954\nev: 886841.56\nevEbitdaTTM: 15.3486\nevRevenueTTM: 6.574\nfcfMargin: 0.2927\nfcfPerShareTTM: 17.121\ngrossMargin: 0.8105\nlongtermDebtTotalAsset: 0.0801\nlongtermDebtTotalCapital: 0.1067\nlongtermDebtTotalEquity: 0.12\nnetDebtToTotalCapital: -0.1323\nnetDebtToTotalEquity: -0.1488\nnetMargin: 0.3495\noperatingMargin: 0.4085\npb: 5.9388\npeTTM: 23.2659\npfcfTTM: 20.7455\npretaxMargin: 0.419\npsTTM: 6.7429\nptbv: 5.9695\nquickRatio: 2.5554\nreceivablesTurnoverTTM: 9.1042\nroaTTM: 0.1868\nroeTTM: 0.2818\nroicTTM: 0.2511\nrotcTTM: 0.3003\nsalesPerShare: 15.1534\nsgaToSale: 0.1895\ntangibleBookValue: 152380\ntotalDebtToEquity: 0.1245\ntotalDebtToTotalAsset: 0.0831\ntotalDebtToTotalCapital: 0.1107\ntotalRatio: 3.0034\n\nBased on all the information before 2024-01-08, let's first analyze the positive developments and potential concerns for META. Come up with 2-4 most important factors respectively and keep them concise. Integrate both quantitative signals and news to explain the movement. Then let's assume your prediction for the coming trading week (2024-01-08 pre-market to 2024-01-12 close) is up by more than 5%. Pay special attention to [WEEKEND NEWS - PRE-MARKET], because this information is available before Monday open. Provide a summary analysis to support your prediction. Before writing the analysis, cross-reference the [QUANT SIGNALS] with the [NEWS]. If the prediction is up by more than 5% but the technicals show a conflict (e.g., predicting 'Up' when Trend is 'Strong Downtrend'), explain this divergence logically (e.g., as a 'trend reversal' or 'short squeeze') rather than ignoring the data. The prediction result need to be inferred from your analysis at the end, and thus not appearing as a foundational factor of your analysis.","[Positive Developments]:
1. Strong Financial Health: Robust profitability metrics with net margin of 34.95%, operating margin of 40.85%, and ROE of 28.18%. Exceptional free cash flow generation (FCF margin ~29%, P/FCF ~20.7) provides significant financial flexibility.
2. Outperformance & Uptrend: The stock exhibited positive Alpha (+1.63%) against the Nasdaq-100 last week and is in a ""Strong Uptrend"" technically, trading 6.3% above its SMA50, indicating sustained bullish momentum.
3. Efficient Operations: High gross margin (81.05%) and solid asset turnover (0.64) demonstrate core operational efficiency and effective monetization of its asset base.

[Potential Concerns]:
1. Overbought Weekly Condition: The Weekly RSI of 73.0 signals an overbought state, suggesting the rally may be extended and vulnerable to a near-term pullback or consolidation.
2. Bearish Daily Divergence: Despite the strong trend, the daily MACD shows a bearish crossover, indicating potential short-term momentum loss and warning of a possible pause or minor reversal.
3. Elevated Valuation Multiples: Trading at a P/E of ~23.3 and P/S of ~6.74, the stock is not cheap. These multiples require sustained high growth to justify, increasing sensitivity to any growth disappointment.

[Prediction & Analysis]:
**Prediction for the week of 2024-01-08 to 2024-01-12: Up by more than 5%.**

The prediction of a >5% up move in the coming week is made despite conflicting technical signals (overbought weekly RSI, bearish MACD). This divergence is resolved by interpreting the current setup as a momentum-driven extension within a powerful uptrend, likely fueled by two key factors: 1) **Sector and Market Flow**: The absence of company-specific news last week, coupled with the stock's outperformance (positive Alpha) and normal volume, points to price action being driven by broad market and sector rotation into large-cap tech, a flow-driven phenomenon. META is acting as a high-beta leader within this move. 2) **Technical Structure Over Short-Term Signals**: While daily MACD is bearish, the primary ""Strong Uptrend"" designation and the stock holding well above key supports (SMA50) suggest underlying strength. In powerful trends, overbought RSI levels can persist, and bearish MACD crossovers can be shallow and lead to a ""reacceleration"" if buying pressure resumes.

Given the strong fundamental backdrop (evidenced by financials) and its role as a market leader, META is positioned to attract continued institutional flow. The anticipated move is therefore not based on a new catalyst but on the *acceleration of existing market dynamics*—a catch-up or momentum-chasing phase where a technically extended stock can see a final parabolic push before a more significant consolidation. The risk is a sharp intra-week reversal if the broader market falters, but the momentum bias for the week is heavily skewed to the upside.

[Primary Driver]:
Mixed (Narrative of strong fundamentals supporting the uptrend, combined with Flow-driven market mechanics and Technical momentum extension).",up by more than 5%,2024-01-08,2024-01-12,45,"Mixed (Narrative of strong fundamentals supporting the uptrend, combined with Flow-driven market mechanics and Technical momentum extension)."
"[Company Introduction]:\n\nMeta Platforms Inc is a leading entity in the Media sector. Incorporated and publicly traded since 2012-05-18, the company has established its reputation as one of the key players in the market. As of today, Meta Platforms Inc has a market capitalization of 1617119.55 in USD, with 2529.56 shares outstanding.\n\nMeta Platforms Inc operates primarily in the US, trading under the ticker META on the NASDAQ NMS - GLOBAL MARKET. As a dominant force in the Media space, the company continues to innovate and drive progress within the industry.\n\n[QUANT SIGNALS - STRUCTURAL]:\n- Price Move: META increased by 1.68% (329.40 -> 334.92)\n- Alpha vs Nasdaq-100: -0.81% (Underperformed)\n- Market Context (VIX): N/A\n- Volume Status: HUGE (Z-Score: 2.7)\n- Volatility (ATR): 8.45 (Normal)\n- Weekly RSI (Trend Strength): 67.6 (Neutral)\n\n[TECHNICALS - DAILY]:\n- Daily RSI: 50.2 (Neutral)\n- Trend: Strong Uptrend\n- MACD: Bullish Crossover\n- Mean Reversion: 3.9% from SMA50 (Normal)\n\n[NEWS]:\n\nNo relative news reported.\n[Basic Financials]:\n\nNo basic financial reported.\n\nBased on all the information before 2023-12-18, let's first analyze the positive developments and potential concerns for META. Come up with 2-4 most important factors respectively and keep them concise. Integrate both quantitative signals and news to explain the movement. Then let's assume your prediction for the coming trading week (2023-12-18 pre-market to 2023-12-22 close) is up by 4-5%. Pay special attention to [WEEKEND NEWS - PRE-MARKET], because this information is available before Monday open. Provide a summary analysis to support your prediction. Before writing the analysis, cross-reference the [QUANT SIGNALS] with the [NEWS]. If the prediction is up by 4-5% but the technicals show a conflict (e.g., predicting 'Up' when Trend is 'Strong Downtrend'), explain this divergence logically (e.g., as a 'trend reversal' or 'short squeeze') rather than ignoring the data. The prediction result need to be inferred from your analysis at the end, and thus not appearing as a foundational factor of your analysis.","[Positive Developments]:
1. Strong technical momentum with a Bullish MACD crossover and a Strong Uptrend on the daily chart, supporting continued upward price action.
2. High trading volume indicated by a Volume Z-Score of 2.7, suggesting robust institutional or market-driven buying interest, often a precursor to sustained moves.
3. Normal mean reversion of only 3.9% from the SMA50, indicating the stock is not overextended and has room for further growth without immediate technical resistance.

[Potential Concerns]:
1. Underperformance relative to the Nasdaq-100 by -0.81%, signaling potential weakness compared to the broader market, which may reflect sector-specific headwinds or lagging investor sentiment.
2. Weekly RSI at 67.6, nearing overbought territory (typically above 70), which could limit short-term gains without new catalysts and increase vulnerability to pullbacks.
3. Absence of recent company-specific news, making the price movement reliant on market flows rather than fundamental developments, which may lead to volatility if flows reverse.

[Prediction & Analysis]:
For the upcoming trading week from 2023-12-18 pre-market to 2023-12-22 close, META is predicted to increase by 4-5%. This inference is based on a synthesis of quantitative signals and market mechanics:

- **Technical Reality:** The stock exhibits a Strong Uptrend with a Bullish MACD crossover and daily RSI at a neutral 50.2, indicating no immediate overbought condition. The price is only 3.9% above the SMA50, well within normal bounds, suggesting technical support for further upside. Weekly RSI at 67.6 is neutral but approaching overbought; however, in a strong trend, RSI can remain elevated, and the daily setup allows for a short-term rally.

- **Relative Performance:** Despite underperforming the Nasdaq-100 by -0.81%, META's own price increased by 1.68% on huge volume, demonstrating underlying strength. This underperformance may be temporary if sector rotation or improved market sentiment aligns with Media stocks, allowing META to catch up and potentially outperform in the coming week.

- **News Catalyst:** No specific news was reported, so the recent price move is not driven by fundamental catalysts. Instead, it is analyzed as driven by market mechanics—specifically, institutional flows indicated by the high Volume Z-Score of 2.7, coupled with a technical breakout within a Strong Uptrend. The absence of news emphasizes that the move is flow-driven, likely from sector-level repricing or beta-driven momentum as broader markets remain supportive.

- **Dealing with ""No News"":** The 1.68% increase with huge volume is explicitly ascribed to market flows, such as institutional accumulation or technical breakout patterns, rather than fundamental developments. This flow-based momentum, supported by bullish technical indicators, is expected to persist into the next week, barring negative external shocks. The prediction assumes continuity of these flows, possibly fueled by year-end positioning or positive sector trends.

While the weekly RSI near overbought levels and relative underperformance pose risks, the technical setup and volume-driven momentum outweigh these concerns in the short term. The prediction of a 4-5% rise reflects an extrapolation of the current trend, assuming no adverse news emerges and flows remain favorable.

[Primary Driver]:
Flow",up by 4-5%,2023-12-18,2023-12-22,42,Flow
"[Company Introduction]:\n\nMeta Platforms Inc is a leading entity in the Media sector. Incorporated and publicly traded since 2012-05-18, the company has established its reputation as one of the key players in the market. As of today, Meta Platforms Inc has a market capitalization of 1617119.55 in USD, with 2529.56 shares outstanding.\n\nMeta Platforms Inc operates primarily in the US, trading under the ticker META on the NASDAQ NMS - GLOBAL MARKET. As a dominant force in the Media space, the company continues to innovate and drive progress within the industry.\n\n[QUANT SIGNALS - STRUCTURAL]:\n- Price Move: META increased by 1.00% (334.89 -> 338.23)\n- Alpha vs Nasdaq-100: +1.31% (Outperformed)\n- Market Context (VIX): N/A\n- Volume Status: Normal (Z-Score: -2.1)\n- Volatility (ATR): 6.59 (Normal)\n- Weekly RSI (Trend Strength): 65.2 (Neutral)\n\n[TECHNICALS - DAILY]:\n- Daily RSI: 77.3 (Overbought)\n- Trend: Strong Uptrend\n- MACD: Bullish Crossover\n- Mean Reversion: 7.7% from SMA50 (Normal)\n\n[NEWS]:\n\nNo relative news reported.\n\n[QUANT SIGNALS - STRUCTURAL]:\n- Price Move: META decreased by 3.38% (336.18 -> 324.82)\n- Alpha vs Nasdaq-100: -3.58% (Underperformed)\n- Market Context (VIX): N/A\n- Volume Status: Normal (Z-Score: 0.0)\n- Volatility (ATR): 7.10 (Normal)\n- Weekly RSI (Trend Strength): 79.0 (Overbought)\n\n[TECHNICALS - DAILY]:\n- Daily RSI: 46.1 (Neutral)\n- Trend: Strong Uptrend\n- MACD: Bearish Crossover\n- Mean Reversion: 2.4% from SMA50 (Normal)\n\n[NEWS]:\n\nNo relative news reported.\n\n[QUANT SIGNALS - STRUCTURAL]:\n- Price Move: META increased by 4.87% (317.29 -> 332.75)\n- Alpha vs Nasdaq-100: +3.36% (Outperformed)\n- Market Context (VIX): N/A\n- Volume Status: Normal (Z-Score: -0.3)\n- Volatility (ATR): 7.49 (Normal)\n- Weekly RSI (Trend Strength): 68.5 (Neutral)\n\n[TECHNICALS - DAILY]:\n- Daily RSI: 48.1 (Neutral)\n- Trend: Strong Uptrend\n- MACD: Bearish Crossover\n- Mean Reversion: 4.1% from SMA50 (Normal)\n\n[NEWS]:\n\nNo relative news reported.\n[Basic Financials]:\n\nNo basic financial reported.\n\nBased on all the information before 2023-12-11, let's first analyze the positive developments and potential concerns for META. Come up with 2-4 most important factors respectively and keep them concise. Integrate both quantitative signals and news to explain the movement. Then let's assume your prediction for the coming trading week (2023-12-11 pre-market to 2023-12-15 close) is up by 1-2%. Pay special attention to [WEEKEND NEWS - PRE-MARKET], because this information is available before Monday open. Provide a summary analysis to support your prediction. Before writing the analysis, cross-reference the [QUANT SIGNALS] with the [NEWS]. If the prediction is up by 1-2% but the technicals show a conflict (e.g., predicting 'Up' when Trend is 'Strong Downtrend'), explain this divergence logically (e.g., as a 'trend reversal' or 'short squeeze') rather than ignoring the data. The prediction result need to be inferred from your analysis at the end, and thus not appearing as a foundational factor of your analysis.","[Positive Developments]:
1. **Strong Uptrend Resilience:** Despite short-term volatility, the stock maintains a ""Strong Uptrend"" across all data points, indicating sustained bullish momentum and investor confidence in the long-term trajectory.
2. **Positive Alpha in Recovery:** In the most recent session, META outperformed the Nasdaq-100 by +3.36% during a 4.87% price increase, demonstrating relative strength and effective bounce-back from prior declines.
3. **Normalized Weekly RSI:** The weekly RSI moved from overbought (79.0) to neutral (68.5), suggesting that overextension concerns have eased, providing room for upward movement without immediate overbought pressure.

[Potential Concerns]:
1. **MACD Bearish Crossovers:** The MACD showed bearish crossovers in the last two sessions, indicating potential short-term momentum weakness or consolidation, which could cap gains if not resolved.
2. **Underperformance During Declines:** In the second session, META underperformed the Nasdaq-100 by -3.58% during a 3.38% drop, highlighting sensitivity to market downturns and possible profit-taking at elevated levels.
3. **Daily RSI Overbought History:** The daily RSI was overbought (77.3) in the first session, leading to a correction; while now neutral, this past overbought condition may linger as a caution for rapid rallies without catalysts.

[Prediction & Analysis]:
Assuming a prediction of a 1-2% increase for the week of 2023-12-11 to 2023-12-15, this is supported by the following analysis. The technical structure remains favorable: the strong uptrend is intact, with the stock recently recovering from a correction that normalized daily RSI (now 48.1, neutral) and weekly RSI (68.5, neutral), reducing overbought risks. The 4.87% increase in the third session, coupled with positive alpha, suggests underlying buying interest and trend continuation, likely driven by market mechanics such as sector rotation or institutional flows, given the absence of company-specific news. The MACD bearish crossover presents a divergence, but in the context of a strong uptrend, this may indicate short-term consolidation rather than reversal, potentially leading to a modest 1-2% rise as momentum rebuilds. The mean reversion from SMA50 is normal (4.1%), supporting stability without overextension. However, the prediction is cautious due to the bearish MACD signal, which could limit upside; thus, the increase is expected to be moderate, aligning with technical boundaries.

[Primary Driver]:
Technical",up by 1-2%,2023-12-11,2023-12-15,41,Technical
"[Company Introduction]:\n\nMeta Platforms Inc is a leading entity in the Media sector. Incorporated and publicly traded since 2012-05-18, the company has established its reputation as one of the key players in the market. As of today, Meta Platforms Inc has a market capitalization of 1617119.55 in USD, with 2529.56 shares outstanding.\n\nMeta Platforms Inc operates primarily in the US, trading under the ticker META on the NASDAQ NMS - GLOBAL MARKET. As a dominant force in the Media space, the company continues to innovate and drive progress within the industry.\n\n[QUANT SIGNALS - STRUCTURAL]:\n- Price Move: META increased by 4.71% (337.48 -> 353.39)\n- Alpha vs Nasdaq-100: +4.40% (Outperformed)\n- Market Context (VIX): N/A\n- Volume Status: Normal (Z-Score: -1.2)\n- Volatility (ATR): 8.33 (Normal)\n- Weekly RSI (Trend Strength): 67.9 (Neutral)\n\n[TECHNICALS - DAILY]:\n- Daily RSI: 77.7 (Overbought)\n- Trend: Strong Uptrend\n- MACD: Bullish Crossover\n- Mean Reversion: 8.6% from SMA50 (Normal)\n\n[NEWS]:\n\nNo relative news reported.\n\n[QUANT SIGNALS - STRUCTURAL]:\n- Price Move: META decreased by 0.29% (354.99 -> 353.96)\n- Alpha vs Nasdaq-100: +0.04% (Outperformed)\n- Market Context (VIX): N/A\n- Volume Status: Normal (Z-Score: -0.3)\n- Volatility (ATR): 7.42 (Normal)\n- Weekly RSI (Trend Strength): 72.2 (Overbought)\n\n[TECHNICALS - DAILY]:\n- Daily RSI: 70.6 (Overbought)\n- Trend: Strong Uptrend\n- MACD: Bullish Crossover\n- Mean Reversion: 7.8% from SMA50 (Normal)\n\n[NEWS]:\n\nNo relative news reported.\n\n[QUANT SIGNALS - STRUCTURAL]:\n- Price Move: META increased by 0.18% (351.32 -> 351.95)\n- Alpha vs Nasdaq-100: +1.63% (Outperformed)\n- Market Context (VIX): N/A\n- Volume Status: Normal (Z-Score: -0.5)\n- Volatility (ATR): 7.15 (Normal)\n- Weekly RSI (Trend Strength): 73.0 (Overbought)\n\n[TECHNICALS - DAILY]:\n- Daily RSI: 68.8 (Neutral)\n- Trend: Strong Uptrend\n- MACD: Bearish Crossover\n- Mean Reversion: 6.3% from SMA50 (Normal)\n\n[NEWS]:\n\nNo relative news reported.\n\n[QUANT SIGNALS - STRUCTURAL]:\n- Price Move: META increased by 5.58% (354.70 -> 374.49)\n- Alpha vs Nasdaq-100: +4.44% (Outperformed)\n- Market Context (VIX): N/A\n- Volume Status: Normal (Z-Score: 0.6)\n- Volatility (ATR): 7.28 (Normal)\n- Weekly RSI (Trend Strength): 71.6 (Overbought)\n\n[TECHNICALS - DAILY]:\n- Daily RSI: 69.0 (Neutral)\n- Trend: Strong Uptrend\n- MACD: Bullish Crossover\n- Mean Reversion: 10.8% from SMA50 (Normal)\n\n[NEWS]:\n\nNo relative news reported.\n[Basic Financials]:\n\nNo basic financial reported.\n\nBased on all the information before 2024-01-16, let's first analyze the positive developments and potential concerns for META. Come up with 2-4 most important factors respectively and keep them concise. Integrate both quantitative signals and news to explain the movement. Then let's assume your prediction for the coming trading week (2024-01-16 pre-market to 2024-01-19 close) is up by 2-3%. Pay special attention to [WEEKEND NEWS - PRE-MARKET], because this information is available before Monday open. Provide a summary analysis to support your prediction. Before writing the analysis, cross-reference the [QUANT SIGNALS] with the [NEWS]. If the prediction is up by 2-3% but the technicals show a conflict (e.g., predicting 'Up' when Trend is 'Strong Downtrend'), explain this divergence logically (e.g., as a 'trend reversal' or 'short squeeze') rather than ignoring the data. The prediction result need to be inferred from your analysis at the end, and thus not appearing as a foundational factor of your analysis.","[Positive Developments]:
1. **Sustained Alpha Generation**: META has consistently outperformed the Nasdaq-100 over the observed period, with significant alpha spikes (+4.40%, +4.44%), indicating strong relative demand and investor confidence independent of the broader tech index movement.
2. **Strong Technical Momentum**: The stock is in a 'Strong Uptrend' according to daily technicals. Key indicators like the MACD show bullish crossovers, and the price remains healthily above the SMA50 (6.3%-10.8%), suggesting the underlying trend is robust.
3. **High-Volume Breakout**: The largest weekly move (+5.58%) was accompanied by a positive Volume Z-Score (0.6), moving from negative to normal. This indicates the rally was supported by increasing buying interest, not just a low-volume drift, lending it more credibility.

[Potential Concerns]:
1. **Overextended Weekly Momentum**: The Weekly RSI has been in overbought territory (71.6-73.0) for multiple periods. This suggests the intermediate-term trend is stretched and susceptible to a consolidation or pullback as momentum wanes.
2. **Absence of Fundamental Catalysts**: There is a complete lack of company-specific news to explain the significant price moves. This raises the question of sustainability; the rally appears driven by flows and technicals rather than a fundamental re-rating, making it vulnerable to a shift in market sentiment.
3. **Diverging Daily Momentum Signals**: During the period of price increase, the Daily RSI cooled from overbought (77.7) to neutral (69.0), and the MACD briefly showed a bearish crossover. This indicates that even within the strong uptrend, short-term momentum has been inconsistent and may be struggling to keep pace with the price advance.

[Prediction & Analysis]:
The prediction is for META's stock price to increase by 2-3% in the coming week. This analysis acknowledges a clear conflict: the stock is technically overbought on the weekly timeframe, which typically warns of a pullback, yet the prediction is for further gains.

The rationale for this divergence is rooted in **flow-driven momentum within a strong trend**. The quant signals paint a picture of a stock being pulled higher by strong market and sector flows. Its consistent alpha versus the NDX shows it is a leader, not a follower. The high-volume breakout suggests institutional participation. In such an environment, overbought conditions can become *more* overbought as momentum feeds on itself. The lack of news is not an ""absence"" but a clue: the move is being driven by **sector-level repricing and institutional re-allocation** into a leading mega-cap tech name, likely as part of a broader ""Magnificent 7"" or AI narrative trade. The daily RSI's retreat from extreme overbought levels during a consolidation period (e.g., the 0.18% up day) actually allows room for another leg higher without immediately hitting extreme overextension.

The primary risk is that the overbought weekly RSI finally triggers profit-taking. However, given the strength of the trend, alpha, and recent volume-supported breakout, the path of least resistance in the very short term (one week) remains upward, likely culminating in a final push before a more meaningful consolidation.

[Primary Driver]:
Mixed (Strong technical/trend structure combined with sector-level narrative flows in the absence of company-specific news).",up by 2-3%,2024-01-16,2024-01-19,46,Mixed (Strong technical/trend structure combined with sector-level narrative flows in the absence of company-specific news).
"[Company Introduction]:\n\nMeta Platforms Inc is a leading entity in the Media sector. Incorporated and publicly traded since 2012-05-18, the company has established its reputation as one of the key players in the market. As of today, Meta Platforms Inc has a market capitalization of 1617119.55 in USD, with 2529.56 shares outstanding.\n\nMeta Platforms Inc operates primarily in the US, trading under the ticker META on the NASDAQ NMS - GLOBAL MARKET. As a dominant force in the Media space, the company continues to innovate and drive progress within the industry.\n\n[QUANT SIGNALS - STRUCTURAL]:\n- Price Move: META increased by 5.58% (354.70 -> 374.49)\n- Alpha vs Nasdaq-100: +4.44% (Outperformed)\n- Market Context (VIX): N/A\n- Volume Status: Normal (Z-Score: 0.6)\n- Volatility (ATR): 7.28 (Normal)\n- Weekly RSI (Trend Strength): 71.6 (Overbought)\n\n[TECHNICALS - DAILY]:\n- Daily RSI: 69.0 (Neutral)\n- Trend: Strong Uptrend\n- MACD: Bullish Crossover\n- Mean Reversion: 10.8% from SMA50 (Normal)\n\n[NEWS]:\n\nNo relative news reported.\n\n[QUANT SIGNALS - STRUCTURAL]:\n- Price Move: META increased by 2.62% (373.65 -> 383.45)\n- Alpha vs Nasdaq-100: -0.22% (Underperformed)\n- Market Context (VIX): N/A\n- Volume Status: High (Z-Score: 1.9)\n- Volatility (ATR): 8.51 (Normal)\n- Weekly RSI (Trend Strength): 73.2 (Overbought)\n\n[TECHNICALS - DAILY]:\n- Daily RSI: 67.7 (Neutral)\n- Trend: Strong Uptrend\n- MACD: Bullish Crossover\n- Mean Reversion: 11.9% from SMA50 (Normal)\n\n[NEWS]:\n\nNo relative news reported.\n[Basic Financials]:\n\nNo basic financial reported.\n\nBased on all the information before 2024-01-22, let's first analyze the positive developments and potential concerns for META. Come up with 2-4 most important factors respectively and keep them concise. Integrate both quantitative signals and news to explain the movement. Then let's assume your prediction for the coming trading week (2024-01-22 pre-market to 2024-01-26 close) is up by 1-2%. Pay special attention to [WEEKEND NEWS - PRE-MARKET], because this information is available before Monday open. Provide a summary analysis to support your prediction. Before writing the analysis, cross-reference the [QUANT SIGNALS] with the [NEWS]. If the prediction is up by 1-2% but the technicals show a conflict (e.g., predicting 'Up' when Trend is 'Strong Downtrend'), explain this divergence logically (e.g., as a 'trend reversal' or 'short squeeze') rather than ignoring the data. The prediction result need to be inferred from your analysis at the end, and thus not appearing as a foundational factor of your analysis.","[Positive Developments]:
1. Strong Technical Momentum: The stock is in a confirmed strong uptrend with a bullish MACD crossover. It has consistently traded above its 50-day moving average, and the daily RSI remains in a neutral zone, suggesting the trend is not yet exhausted on a daily timeframe.
2. Strong Relative Outperformance (First Week): META significantly outperformed the Nasdaq-100 (+4.44% Alpha) during a substantial 5.58% price move, indicating strong stock-specific buying interest and sector leadership.
3. High Volume Confirmation (Second Week): The 2.62% gain in the second week was accompanied by high volume (Z-Score: 1.9), suggesting institutional accumulation and validating the price advance even in the absence of news.

[Potential Concerns]:
1. Overbought Weekly Condition: The Weekly RSI is elevated at 73.2, signaling the stock is overbought on an intermediate-term basis. This increases the risk of a short-term pullback or consolidation.
2. Fading Alpha Momentum: After a week of strong outperformance, META slightly underperformed the Nasdaq-100 (-0.22% Alpha) in the following week. This divergence, despite high volume, could indicate the initial surge is maturing and the stock is beginning to move more in-line with the broader market.

[Prediction & Analysis]:
Prediction: The stock price is predicted to move **up by 1-2%** for the trading week of 2024-01-22 to 2024-01-26.

Analysis:
The primary challenge is reconciling a prediction for further gains with an overbought Weekly RSI (73.2). The analysis leans bullish due to the following integrated factors:
*   **Technical Reality:** While the weekly chart is overbought, the daily technicals provide a more immediate and supportive picture. The daily RSI (67.7) is not yet overbought, the trend is strong, and the MACD remains on a bullish crossover. Stocks can remain overbought in strong trends for extended periods. The prediction of a 1-2% rise is a conservative expectation of trend continuation, not a breakout rally, which aligns with the technical boundaries.
*   **Relative Performance & Flow:** The high volume during the second week's advance is a critical signal. In the absence of company-specific news, this points to **sector-level repricing and institutional flows** into the tech/media sector, with META as a primary beneficiary. The slight underperformance in the second week may simply reflect a brief pause or profit-taking after a large move, not a reversal of the underlying flow.
*   **Dealing with ""No News"":** The price movement is clearly not driven by a specific META catalyst. Therefore, the advance must be analyzed as a **beta-driven momentum play** within a strong market uptrend for mega-cap tech, combined with specific **institutional accumulation** as evidenced by the volume spike. The strong uptrend itself becomes the narrative.

The predicted modest gain anticipates that the powerful technical uptrend and positive market flows will override the overbought weekly condition in the very short term, leading to a grinding move higher rather than a sharp rally.

[Primary Driver]:
Flow",up by 1-2%,2024-01-22,2024-01-26,47,Flow
"[Company Introduction]:\n\nMeta Platforms Inc is a leading entity in the Media sector. Incorporated and publicly traded since 2012-05-18, the company has established its reputation as one of the key players in the market. As of today, Meta Platforms Inc has a market capitalization of 1617119.55 in USD, with 2529.56 shares outstanding.\n\nMeta Platforms Inc operates primarily in the US, trading under the ticker META on the NASDAQ NMS - GLOBAL MARKET. As a dominant force in the Media space, the company continues to innovate and drive progress within the industry.\n\n[QUANT SIGNALS - STRUCTURAL]:\n- Price Move: META increased by 20.25% (394.99 -> 474.99)\n- Alpha vs Nasdaq-100: +20.05% (Outperformed)\n- Market Context (VIX): N/A\n- Volume Status: HUGE (Z-Score: 4.1)\n- Volatility (ATR): 14.85 (High)\n- Weekly RSI (Trend Strength): 80.5 (Overbought)\n\n[TECHNICALS - DAILY]:\n- Daily RSI: 86.0 (Overbought)\n- Trend: Strong Uptrend\n- MACD: Bullish Crossover\n- Mean Reversion: 33.0% from SMA50 (Overextended)\n\n[NEWS]:\n\nNo relative news reported.\n\n[QUANT SIGNALS - STRUCTURAL]:\n- Price Move: META decreased by 0.38% (469.88 -> 468.11)\n- Alpha vs Nasdaq-100: -2.38% (Underperformed)\n- Market Context (VIX): N/A\n- Volume Status: Normal (Z-Score: -0.3)\n- Volatility (ATR): 15.86 (High)\n- Weekly RSI (Trend Strength): 92.6 (Overbought)\n\n[TECHNICALS - DAILY]:\n- Daily RSI: 78.3 (Overbought)\n- Trend: Strong Uptrend\n- MACD: Bullish Crossover\n- Mean Reversion: 26.6% from SMA50 (Overextended)\n\n[NEWS]:\n\nNo relative news reported.\n[Basic Financials]:\n\nNo basic financial reported.\n\nBased on all the information before 2024-02-12, let's first analyze the positive developments and potential concerns for META. Come up with 2-4 most important factors respectively and keep them concise. Integrate both quantitative signals and news to explain the movement. Then let's assume your prediction for the coming trading week (2024-02-12 pre-market to 2024-02-16 close) is up by 1-2%. Pay special attention to [WEEKEND NEWS - PRE-MARKET], because this information is available before Monday open. Provide a summary analysis to support your prediction. Before writing the analysis, cross-reference the [QUANT SIGNALS] with the [NEWS]. If the prediction is up by 1-2% but the technicals show a conflict (e.g., predicting 'Up' when Trend is 'Strong Downtrend'), explain this divergence logically (e.g., as a 'trend reversal' or 'short squeeze') rather than ignoring the data. The prediction result need to be inferred from your analysis at the end, and thus not appearing as a foundational factor of your analysis.","[Positive Developments]:
1. **Extreme Momentum & Technical Breakout**: The stock surged 20.25% with enormous volume (Z-Score 4.1), indicating powerful institutional buying and a decisive technical breakout. The MACD bullish crossover and strong uptrend confirm the momentum.
2. **Significant Alpha Generation**: The stock dramatically outperformed the Nasdaq-100 by +20.05% during its rally, demonstrating strong relative strength and suggesting company-specific investor enthusiasm, likely tied to the broader AI narrative benefiting the sector.

[Potential Concerns]:
1. **Severely Overbought and Overextended Conditions**: Both Daily RSI (86.0, then 78.3) and Weekly RSI (80.5, then 92.6) are deep in overbought territory. The price is 26-33% above its SMA50, indicating a parabolic move that is historically unsustainable without a major catalyst.
2. **Sign of Exhaustion and Underperformance**: The recent session showed a minor pullback (-0.38%) paired with *underperformance* vs. the Nasdaq-100 (-2.38%) on normal volume. This divergence after a massive run can signal short-term exhaustion and profit-taking.

[Prediction & Analysis]:
Prediction for the week of 2024-02-12 to 2024-02-16: **Up 1-2%**.

The analysis must reconcile a modestly bullish prediction with extreme overbought technicals. The primary framework is as follows:
1. **Technical Reality**: The stock is severely overbought and overextended, which strictly limits upside potential and elevates near-term correction risk. A prediction for a further 1-2% gain is not a call for continued explosive rally, but for a potential consolidation or slight drift higher within an exhausted uptrend.
2. **Relative Performance & Market Mechanics**: The initial 20% surge on huge volume was a clear ""Flow""-driven event—likely sector rotation and momentum chasing into a leading AI/tech name, absent specific company news. The subsequent underperformance on lower volume suggests the explosive flow has paused. However, the underlying strong uptrend and bullish MACD suggest the momentum bias hasn't fully reversed.
3. **News Catalyst & Narrative**: With ""No relative news reported,"" the entire move is attributable to market mechanics and the prevailing positive sector narrative (AI, tech earnings momentum). The absence of a negative catalyst allows the prior momentum to have a carry-over effect, supporting a neutral-to-slightly-positive bias in the very short term.
4. **Prediction Rationale**: Given the extreme overbought readings, a significant pullback is a high-probability event. However, in strong momentum markets, overbought conditions can persist. The prediction for a small gain anticipates that the strong trend may see one final push or sideways consolidation at elevated levels before a more meaningful correction. The 1-2% target reflects this constrained upside, acknowledging technical ceilings while respecting the recent powerful flow and trend structure. Risk is heavily skewed to the downside if market sentiment shifts.

[Primary Driver]:
Mixed (Technical Momentum + Narrative). The explosive move was driven by technical breakout amplified by flow (volume), but it occurs within and is supported by the broader market narrative favoring large-cap tech and AI. The current phase is a battle between exhausted technicals and persistent narrative/flow tailwinds.",up by 1-2%,2024-02-12,2024-02-16,50,"Mixed (Technical Momentum + Narrative). The explosive move was driven by technical breakout amplified by flow (volume), but it occurs within and is supported by the broader market narrative favoring large-cap tech and AI. The current phase is a battle between exhausted technicals and persistent narrative/flow tailwinds."
"[Company Introduction]:\n\nMeta Platforms Inc is a leading entity in the Media sector. Incorporated and publicly traded since 2012-05-18, the company has established its reputation as one of the key players in the market. As of today, Meta Platforms Inc has a market capitalization of 1617119.55 in USD, with 2529.56 shares outstanding.\n\nMeta Platforms Inc operates primarily in the US, trading under the ticker META on the NASDAQ NMS - GLOBAL MARKET. As a dominant force in the Media space, the company continues to innovate and drive progress within the industry.\n\n[QUANT SIGNALS - STRUCTURAL]:\n- Price Move: META increased by 5.58% (354.70 -> 374.49)\n- Alpha vs Nasdaq-100: +4.44% (Outperformed)\n- Market Context (VIX): N/A\n- Volume Status: Normal (Z-Score: 0.6)\n- Volatility (ATR): 7.28 (Normal)\n- Weekly RSI (Trend Strength): 71.6 (Overbought)\n\n[TECHNICALS - DAILY]:\n- Daily RSI: 69.0 (Neutral)\n- Trend: Strong Uptrend\n- MACD: Bullish Crossover\n- Mean Reversion: 10.8% from SMA50 (Normal)\n\n[NEWS]:\n\nNo relative news reported.\n\n[QUANT SIGNALS - STRUCTURAL]:\n- Price Move: META increased by 2.62% (373.65 -> 383.45)\n- Alpha vs Nasdaq-100: -0.22% (Underperformed)\n- Market Context (VIX): N/A\n- Volume Status: High (Z-Score: 1.9)\n- Volatility (ATR): 8.51 (Normal)\n- Weekly RSI (Trend Strength): 73.2 (Overbought)\n\n[TECHNICALS - DAILY]:\n- Daily RSI: 67.7 (Neutral)\n- Trend: Strong Uptrend\n- MACD: Bullish Crossover\n- Mean Reversion: 11.9% from SMA50 (Normal)\n\n[NEWS]:\n\nNo relative news reported.\n\n[QUANT SIGNALS - STRUCTURAL]:\n- Price Move: META increased by 1.60% (387.95 -> 394.14)\n- Alpha vs Nasdaq-100: +1.10% (Outperformed)\n- Market Context (VIX): N/A\n- Volume Status: Normal (Z-Score: -0.9)\n- Volatility (ATR): 8.71 (Normal)\n- Weekly RSI (Trend Strength): 75.4 (Overbought)\n\n[TECHNICALS - DAILY]:\n- Daily RSI: 83.1 (Overbought)\n- Trend: Strong Uptrend\n- MACD: Bullish Crossover\n- Mean Reversion: 12.8% from SMA50 (Normal)\n\n[NEWS]:\n\nNo relative news reported.\n[Basic Financials]:\n\nNo basic financial reported.\n\nBased on all the information before 2024-01-29, let's first analyze the positive developments and potential concerns for META. Come up with 2-4 most important factors respectively and keep them concise. Integrate both quantitative signals and news to explain the movement. Then let's assume your prediction for the coming trading week (2024-01-29 pre-market to 2024-02-02 close) is up by more than 5%. Pay special attention to [WEEKEND NEWS - PRE-MARKET], because this information is available before Monday open. Provide a summary analysis to support your prediction. Before writing the analysis, cross-reference the [QUANT SIGNALS] with the [NEWS]. If the prediction is up by more than 5% but the technicals show a conflict (e.g., predicting 'Up' when Trend is 'Strong Downtrend'), explain this divergence logically (e.g., as a 'trend reversal' or 'short squeeze') rather than ignoring the data. The prediction result need to be inferred from your analysis at the end, and thus not appearing as a foundational factor of your analysis.","[Positive Developments]:
1.  **Strong Technical Uptrend Confirmed:** The stock is in a ""Strong Uptrend"" across all reported periods, supported by a bullish MACD crossover. The price consistently trades 10-13% above its 50-day SMA, indicating healthy momentum without being excessively stretched for a growth stock.
2.  **Sustained Outperformance (Alpha):** On two of the three reported days, META generated positive alpha against the Nasdaq-100 (+4.44%, +1.10%), demonstrating relative strength and independent buyer conviction, not just beta-driven gains.
3.  **Absence of Negative Catalysts:** The consistent price appreciation occurred with ""No relative news reported,"" suggesting the move is not a fleeting reaction to headlines but likely driven by underlying structural flows and a prevailing bullish narrative.

[Potential Concerns]:
1.  **Overbought Weekly Conditions:** The Weekly RSI has escalated from 71.6 to 75.4, firmly in ""Overbought"" territory. This creates a vulnerability to a short-term pullback or consolidation as the momentum indicator becomes extended.
2.  **Mixed Alpha Signal:** One trading session showed slight underperformance vs. the Nasdaq-100 (-0.22%) on high volume (Z-Score: 1.9), which could indicate some profit-taking or institutional distribution at elevated levels.
3.  **Elevated Daily RSI:** The latest daily RSI reading hit 83.1, which is deeply overbought. This significantly narrows the margin for error and increases near-term sensitivity to any negative sentiment shift.

[Prediction & Analysis]:
**Prediction for the week of 2024-01-29 to 2024-02-02: Up by more than 5%.**

This prediction acknowledges a clear conflict with the overbought technical readings but posits that a powerful, scheduled fundamental catalyst will override short-term mean reversion pressures.

1.  **Technical Reality & The Override:** While the weekly and daily RSI are overbought, the ""Strong Uptrend"" and ""Bullish Crossover"" in MACD define the primary direction. Overbought conditions can persist during powerful earnings-driven moves. The prediction assumes that the Q4 2023 earnings report (scheduled for Thursday, Feb 1st) will act as a massive catalyst strong enough to fuel a continued surge, creating a ""blow-off top"" style move or a momentum extension that defies typical overbought warnings.
2.  **Relative Performance Context:** The prior week's positive alpha on two key days suggests META is already attracting dedicated capital ahead of earnings, a sign of high expectations. The prediction hinges on these expectations being met or exceeded, which would likely trigger another wave of outperformance as underweight or sidelined investors chase the stock.
3.  **News Catalyst as the Core Driver:** The absence of news in the prior week is critical; it indicates the rally was built on anticipation, not past events. All attention is now focused on the impending earnings release. The prediction of a >5% weekly gain is fundamentally a bet on a strong earnings beat and, more importantly, bullish forward guidance regarding AI investments, advertising growth, and cost discipline (the ""Year of Efficiency"" narrative continuing). The pre-market activity on Monday will set the tone, driven by weekend positioning and any last-minute analyst notes.
4.  **Dealing with ""No News"" in Prior Moves:** The recent price increases without company-specific news are best explained as **""narrative-driven momentum""** in anticipation of earnings, combined with **""sector-level repricing""** of mega-cap tech. The high volume day with slight underperformance can be interpreted as a tactical reshuffling by institutions before a major event, not a reversal of trend.

[Primary Driver]:
**Narrative** (Anticipation and reaction to the Q4 2023 earnings report and guidance).",up by more than 5%,2024-01-29,2024-02-02,48,**Narrative** (Anticipation and reaction to the Q4 2023 earnings report and guidance).
"[Company Introduction]:\n\nMeta Platforms Inc is a leading entity in the Media sector. Incorporated and publicly traded since 2012-05-18, the company has established its reputation as one of the key players in the market. As of today, Meta Platforms Inc has a market capitalization of 1617119.55 in USD, with 2529.56 shares outstanding.\n\nMeta Platforms Inc operates primarily in the US, trading under the ticker META on the NASDAQ NMS - GLOBAL MARKET. As a dominant force in the Media space, the company continues to innovate and drive progress within the industry.\n\n[QUANT SIGNALS - STRUCTURAL]:\n- Price Move: META increased by 1.10% (468.19 -> 473.32)\n- Alpha vs Nasdaq-100: +2.19% (Outperformed)\n- Market Context (VIX): N/A\n- Volume Status: Normal (Z-Score: -0.0)\n- Volatility (ATR): 17.95 (High)\n- Weekly RSI (Trend Strength): 88.7 (Overbought)\n\n[TECHNICALS - DAILY]:\n- Daily RSI: 70.4 (Overbought)\n- Trend: Strong Uptrend\n- MACD: Bullish Crossover\n- Mean Reversion: 23.1% from SMA50 (Overextended)\n\n[NEWS]:\n\nNo relative news reported.\n[Basic Financials]:\n\nNo basic financial reported.\n\nBased on all the information before 2024-02-20, let's first analyze the positive developments and potential concerns for META. Come up with 2-4 most important factors respectively and keep them concise. Integrate both quantitative signals and news to explain the movement. Then let's assume your prediction for the coming trading week (2024-02-20 pre-market to 2024-02-23 close) is up by 3-4%. Pay special attention to [WEEKEND NEWS - PRE-MARKET], because this information is available before Monday open. Provide a summary analysis to support your prediction. Before writing the analysis, cross-reference the [QUANT SIGNALS] with the [NEWS]. If the prediction is up by 3-4% but the technicals show a conflict (e.g., predicting 'Up' when Trend is 'Strong Downtrend'), explain this divergence logically (e.g., as a 'trend reversal' or 'short squeeze') rather than ignoring the data. The prediction result need to be inferred from your analysis at the end, and thus not appearing as a foundational factor of your analysis.","[Positive Developments]:
1. Strong Relative Outperformance: META generated significant alpha (+2.19%) against the Nasdaq-100, indicating strong institutional demand and positive investor sentiment independent of the broader tech index.
2. Bullish Technical Momentum: The stock is in a ""Strong Uptrend"" with a confirmed bullish MACD crossover, suggesting continued buying pressure and momentum.
3. Absence of Negative Catalysts: The lack of negative company-specific news during a period of price appreciation suggests the move is not being challenged by immediate fundamental deterioration.

[Potential Concerns]:
1. Extreme Overbought & Overextended Conditions: The weekly RSI of 88.7 is deeply overbought, and the stock is trading 23.1% above its 50-day moving average. This signals a high risk of a technical pullback or consolidation.
2. High Volatility in a News Vacuum: The high Average True Range (ATR) of 17.95 combined with ""No relative news"" indicates the price movement is being driven by market mechanics and sentiment swings, which can reverse sharply.
3. Lack of Fundamental Catalyst for the Rally: The recent move lacks a clear, new fundamental narrative (like earnings or a product announcement) to sustain the rally at these extended levels, making it vulnerable to profit-taking.

[Prediction & Analysis]:
Our prediction for the week of Feb 20-23 is for META's price to be **up 3-4%**, but this comes with significant caveats and likely involves intra-week volatility.

The analysis must reconcile this bullish prediction with the extreme overbought technicals. The key is the **""Strong Uptrend"" and bullish MACD**, which indicate momentum can persist longer than traditional overbought signals suggest, especially in a leading stock. The high Alpha shows META is a market leader, and flows may continue to chase performance. The move is best explained as a **momentum-driven continuation** within a powerful trend, fueled by sector rotation into mega-cap tech and the prevailing ""AI narrative"" surrounding the company, even without specific fresh news.

However, the overbought weekly RSI and massive extension from the SMA50 create a brittle technical foundation. A 3-4% move higher would push the stock even further into overbought territory. Therefore, this predicted gain is more likely to occur as an **early-week surge** (potentially driven by pre-market/weekend sentiment), followed by heightened volatility and a high probability of a **pullback or consolidation** by week's end. The path higher will be choppy and susceptible to any broad market weakness.

[Primary Driver]:
Mixed (Technical Momentum & Narrative Momentum)",up by 3-4%,2024-02-20,2024-02-23,51,Mixed (Technical Momentum & Narrative Momentum)
"[Company Introduction]:\n\nMeta Platforms Inc is a leading entity in the Media sector. Incorporated and publicly traded since 2012-05-18, the company has established its reputation as one of the key players in the market. As of today, Meta Platforms Inc has a market capitalization of 1617119.55 in USD, with 2529.56 shares outstanding.\n\nMeta Platforms Inc operates primarily in the US, trading under the ticker META on the NASDAQ NMS - GLOBAL MARKET. As a dominant force in the Media space, the company continues to innovate and drive progress within the industry.\n\n[QUANT SIGNALS - STRUCTURAL]:\n- Price Move: META increased by 3.05% (469.72 -> 484.03)\n- Alpha vs Nasdaq-100: +0.83% (Outperformed)\n- Market Context (VIX): N/A\n- Volume Status: Normal (Z-Score: -0.4)\n- Volatility (ATR): 13.11 (Normal)\n- Weekly RSI (Trend Strength): 88.2 (Overbought)\n\n[TECHNICALS - DAILY]:\n- Daily RSI: 54.2 (Neutral)\n- Trend: Strong Uptrend\n- MACD: Bearish Crossover\n- Mean Reversion: 22.1% from SMA50 (Overextended)\n\n[NEWS]:\n\nNo relative news reported.\n[Basic Financials]:\n\nNo basic financial reported.\n\nBased on all the information before 2024-02-26, let's first analyze the positive developments and potential concerns for META. Come up with 2-4 most important factors respectively and keep them concise. Integrate both quantitative signals and news to explain the movement. Then let's assume your prediction for the coming trading week (2024-02-26 pre-market to 2024-03-01 close) is up by 3-4%. Pay special attention to [WEEKEND NEWS - PRE-MARKET], because this information is available before Monday open. Provide a summary analysis to support your prediction. Before writing the analysis, cross-reference the [QUANT SIGNALS] with the [NEWS]. If the prediction is up by 3-4% but the technicals show a conflict (e.g., predicting 'Up' when Trend is 'Strong Downtrend'), explain this divergence logically (e.g., as a 'trend reversal' or 'short squeeze') rather than ignoring the data. The prediction result need to be inferred from your analysis at the end, and thus not appearing as a foundational factor of your analysis.","[Positive Developments]:
1. Strong Relative Outperformance: META generated positive alpha of +0.83% vs. the Nasdaq-100, indicating underlying institutional demand and strength independent of the broader tech sector.
2. Robust Weekly Momentum: The Weekly RSI of 88.2, while overbought, confirms a powerful and sustained uptrend is in place, often a characteristic of a leading stock in a bull market.
3. Absence of Negative Catalysts: No company-specific negative news was reported, removing a potential source of downward pressure and allowing the prevailing trend to continue.

[Potential Concerns]:
1. Extreme Weekly Overbought Condition: A Weekly RSI of 88.2 is deeply overextended and historically associated with heightened risk of a consolidation or pullback in the near term.
2. Deteriorating Short-Term Momentum: The daily MACD has issued a bearish crossover, signaling a potential loss of momentum on a shorter time frame, which often precedes a period of sideways or corrective price action.
3. Significant Mean Reversion Risk: The stock is trading 22.1% above its 50-day Simple Moving Average (SMA50), indicating it is overextended and vulnerable to a technical pullback toward its mean.

[Prediction & Analysis]:
**Analysis:** The prediction of a 3-4% weekly gain presents a direct conflict with the glaring technical warnings. The weekly chart is severely overbought (RSI 88.2), and the price is far extended from its mean. The daily MACD bearish crossover further suggests near-term exhaustion. Historically, this setup favors consolidation or a minor pullback rather than continued significant advances. The lack of a specific, powerful news catalyst makes a sustained push higher against this technical gravity challenging. The stock's recent outperformance (alpha) and strong uptrend narrative may provide underlying support, preventing a sharp drop, but they are insufficient to reliably drive another leg up of 3-4% from these levels without a new inflow of capital or a major market-wide rally.

**Prediction:** Therefore, for the week of 2024-02-26 to 2024-03-01, a move of **+3-4% is unlikely.** The more probable scenario is **sideways to slightly negative price action** (e.g., -2% to +1%) as the market digests the recent massive gains. The stock may attempt to push higher early in the week on momentum, but the overbought conditions and lack of a fresh catalyst should cap any rally, leading to a test of support.

[Primary Driver]:
Technical",up by 3-4%,2024-02-26,2024-03-01,52,Technical
"[Company Introduction]:\n\nMeta Platforms Inc is a leading entity in the Media sector. Incorporated and publicly traded since 2012-05-18, the company has established its reputation as one of the key players in the market. As of today, Meta Platforms Inc has a market capitalization of 1617119.55 in USD, with 2529.56 shares outstanding.\n\nMeta Platforms Inc operates primarily in the US, trading under the ticker META on the NASDAQ NMS - GLOBAL MARKET. As a dominant force in the Media space, the company continues to innovate and drive progress within the industry.\n\n[QUANT SIGNALS - STRUCTURAL]:\n- Price Move: META increased by 1.10% (468.19 -> 473.32)\n- Alpha vs Nasdaq-100: +2.19% (Outperformed)\n- Market Context (VIX): N/A\n- Volume Status: Normal (Z-Score: -0.0)\n- Volatility (ATR): 17.95 (High)\n- Weekly RSI (Trend Strength): 88.7 (Overbought)\n\n[TECHNICALS - DAILY]:\n- Daily RSI: 70.4 (Overbought)\n- Trend: Strong Uptrend\n- MACD: Bullish Crossover\n- Mean Reversion: 23.1% from SMA50 (Overextended)\n\n[NEWS]:\n\nNo relative news reported.\n\n[QUANT SIGNALS - STRUCTURAL]:\n- Price Move: META increased by 3.05% (469.72 -> 484.03)\n- Alpha vs Nasdaq-100: +0.83% (Outperformed)\n- Market Context (VIX): N/A\n- Volume Status: Normal (Z-Score: -0.4)\n- Volatility (ATR): 13.11 (Normal)\n- Weekly RSI (Trend Strength): 88.2 (Overbought)\n\n[TECHNICALS - DAILY]:\n- Daily RSI: 54.2 (Neutral)\n- Trend: Strong Uptrend\n- MACD: Bearish Crossover\n- Mean Reversion: 22.1% from SMA50 (Overextended)\n\n[NEWS]:\n\nNo relative news reported.\n\n[QUANT SIGNALS - STRUCTURAL]:\n- Price Move: META increased by 3.89% (483.47 -> 502.30)\n- Alpha vs Nasdaq-100: +1.82% (Outperformed)\n- Market Context (VIX): N/A\n- Volume Status: Normal (Z-Score: -0.4)\n- Volatility (ATR): 12.11 (Normal)\n- Weekly RSI (Trend Strength): 88.5 (Overbought)\n\n[TECHNICALS - DAILY]:\n- Daily RSI: 67.3 (Neutral)\n- Trend: Strong Uptrend\n- MACD: Bearish Crossover\n- Mean Reversion: 22.0% from SMA50 (Overextended)\n\n[NEWS]:\n\nNo relative news reported.\n[Basic Financials]:\n\nNo basic financial reported.\n\nBased on all the information before 2024-03-04, let's first analyze the positive developments and potential concerns for META. Come up with 2-4 most important factors respectively and keep them concise. Integrate both quantitative signals and news to explain the movement. Then let's assume your prediction for the coming trading week (2024-03-04 pre-market to 2024-03-08 close) is up by 0-1%. Pay special attention to [WEEKEND NEWS - PRE-MARKET], because this information is available before Monday open. Provide a summary analysis to support your prediction. Before writing the analysis, cross-reference the [QUANT SIGNALS] with the [NEWS]. If the prediction is up by 0-1% but the technicals show a conflict (e.g., predicting 'Up' when Trend is 'Strong Downtrend'), explain this divergence logically (e.g., as a 'trend reversal' or 'short squeeze') rather than ignoring the data. The prediction result need to be inferred from your analysis at the end, and thus not appearing as a foundational factor of your analysis.","[Positive Developments]:
1. **Sustained Alpha Generation**: META consistently outperformed the Nasdaq-100 over the observed periods (+2.19%, +0.83%, +1.82%), indicating strong relative strength and institutional favoritism likely driven by its market-leading position and positive sector sentiment toward mega-cap tech.
2. **Strong Technical Uptrend Intact**: The stock is in a ""Strong Uptrend"" on the daily timeframe, and the most recent daily RSI (67.3) has room before hitting extreme overbought levels again, suggesting underlying momentum remains positive.

[Potential Concerns]:
1. **Severely Overbought Weekly Conditions**: The weekly RSI is persistently above 88, signaling an extremely overextended trend on a longer timeframe. This creates a high risk of a significant corrective pullback or consolidation, as it indicates exhaustion.
2. **Major Overextension from Mean**: The stock is trading ~22% above its 50-day moving average. This level of overextension historically precedes periods of consolidation or mean reversion, limiting near-term upside potential and increasing vulnerability to a pullback.
3. **Mixed Daily Momentum Signals**: Despite the uptrend, the daily MACD showed bearish crossovers in the latter two periods. This divergence suggests the powerful upward momentum may be decelerating, even as price climbs.

[Prediction & Analysis]:
The prediction for a modest 0-1% gain for the week of March 4-8 reflects a high-probability scenario of **consolidation with a slight upward bias**.

**Analysis**: The technical picture is highly conflicted. The powerful, multi-week uptrend and persistent alpha are clear bullish indicators, suggesting the stock remains in a strong ""flow"" driven by sector rotation and broad market risk-on sentiment (as there is no company-specific news to create a ""narrative"" driver). However, the weekly RSI above 88 and the 22% premium to the SMA50 represent severe technical headwinds. These conditions define a boundary where further significant rallies become statistically improbable without a massive new catalyst.

The prediction of a minimal gain, rather than a decline, is based on the stock's demonstrated ability to grind higher despite overbought readings, supported by its alpha. The most likely path is for the price to churn sideways or make marginal new highs as it works off the overbought condition through time (consolidation) rather than through a sharp price decline. The recent ""Normal"" volume and volatility (ATR) support this choppy, range-bound expectation. The bearish MACD crossovers on the daily chart align with this slowing momentum narrative.

[Primary Driver]:
Flow",up by 0-1%,2024-03-04,2024-03-08,53,Flow
"[Company Introduction]:\n\nMeta Platforms Inc is a leading entity in the Media sector. Incorporated and publicly traded since 2012-05-18, the company has established its reputation as one of the key players in the market. As of today, Meta Platforms Inc has a market capitalization of 1617119.55 in USD, with 2529.56 shares outstanding.\n\nMeta Platforms Inc operates primarily in the US, trading under the ticker META on the NASDAQ NMS - GLOBAL MARKET. As a dominant force in the Media space, the company continues to innovate and drive progress within the industry.\n\n[QUANT SIGNALS - STRUCTURAL]:\n- Price Move: META increased by 5.58% (354.70 -> 374.49)\n- Alpha vs Nasdaq-100: +4.44% (Outperformed)\n- Market Context (VIX): N/A\n- Volume Status: Normal (Z-Score: 0.6)\n- Volatility (ATR): 7.28 (Normal)\n- Weekly RSI (Trend Strength): 71.6 (Overbought)\n\n[TECHNICALS - DAILY]:\n- Daily RSI: 69.0 (Neutral)\n- Trend: Strong Uptrend\n- MACD: Bullish Crossover\n- Mean Reversion: 10.8% from SMA50 (Normal)\n\n[NEWS]:\n\nNo relative news reported.\n\n[QUANT SIGNALS - STRUCTURAL]:\n- Price Move: META increased by 2.62% (373.65 -> 383.45)\n- Alpha vs Nasdaq-100: -0.22% (Underperformed)\n- Market Context (VIX): N/A\n- Volume Status: High (Z-Score: 1.9)\n- Volatility (ATR): 8.51 (Normal)\n- Weekly RSI (Trend Strength): 73.2 (Overbought)\n\n[TECHNICALS - DAILY]:\n- Daily RSI: 67.7 (Neutral)\n- Trend: Strong Uptrend\n- MACD: Bullish Crossover\n- Mean Reversion: 11.9% from SMA50 (Normal)\n\n[NEWS]:\n\nNo relative news reported.\n\n[QUANT SIGNALS - STRUCTURAL]:\n- Price Move: META increased by 1.60% (387.95 -> 394.14)\n- Alpha vs Nasdaq-100: +1.10% (Outperformed)\n- Market Context (VIX): N/A\n- Volume Status: Normal (Z-Score: -0.9)\n- Volatility (ATR): 8.71 (Normal)\n- Weekly RSI (Trend Strength): 75.4 (Overbought)\n\n[TECHNICALS - DAILY]:\n- Daily RSI: 83.1 (Overbought)\n- Trend: Strong Uptrend\n- MACD: Bullish Crossover\n- Mean Reversion: 12.8% from SMA50 (Normal)\n\n[NEWS]:\n\nNo relative news reported.\n\n[QUANT SIGNALS - STRUCTURAL]:\n- Price Move: META increased by 20.25% (394.99 -> 474.99)\n- Alpha vs Nasdaq-100: +20.05% (Outperformed)\n- Market Context (VIX): N/A\n- Volume Status: HUGE (Z-Score: 4.1)\n- Volatility (ATR): 14.85 (High)\n- Weekly RSI (Trend Strength): 80.5 (Overbought)\n\n[TECHNICALS - DAILY]:\n- Daily RSI: 86.0 (Overbought)\n- Trend: Strong Uptrend\n- MACD: Bullish Crossover\n- Mean Reversion: 33.0% from SMA50 (Overextended)\n\n[NEWS]:\n\nNo relative news reported.\n[Basic Financials]:\n\nNo basic financial reported.\n\nBased on all the information before 2024-02-05, let's first analyze the positive developments and potential concerns for META. Come up with 2-4 most important factors respectively and keep them concise. Integrate both quantitative signals and news to explain the movement. Then let's assume your prediction for the coming trading week (2024-02-05 pre-market to 2024-02-09 close) is down by 0-1%. Pay special attention to [WEEKEND NEWS - PRE-MARKET], because this information is available before Monday open. Provide a summary analysis to support your prediction. Before writing the analysis, cross-reference the [QUANT SIGNALS] with the [NEWS]. If the prediction is down by 0-1% but the technicals show a conflict (e.g., predicting 'Up' when Trend is 'Strong Downtrend'), explain this divergence logically (e.g., as a 'trend reversal' or 'short squeeze') rather than ignoring the data. The prediction result need to be inferred from your analysis at the end, and thus not appearing as a foundational factor of your analysis.","[Positive Developments]:
1. Sustained strong uptrend with consistent bullish MACD crossovers, indicating robust momentum and buyer confidence.
2. Significant outperformance against the Nasdaq-100 in multiple periods, including a +20.05% alpha in the latest surge, highlighting relative strength.
3. Huge volume spike in the last segment (Z-Score 4.1), suggesting institutional or large-scale buying interest, potentially driven by sector rotation or momentum flows.

[Potential Concerns]:
1. Extreme overbought conditions: Weekly RSI at 80.5 and Daily RSI at 86.0, deep into overbought territory, which historically signals a high risk of correction.
2. Price is overextended, trading 33% above the 50-day moving average, indicating severe deviation from the mean and increasing vulnerability to a pullback.
3. Lack of fundamental news or catalysts to justify the 20.25% surge, raising concerns that the move is driven by speculative flows rather than solid earnings or growth prospects.

[Prediction & Analysis]:
For the upcoming trading week (2024-02-05 pre-market to 2024-02-09 close), META is predicted to decline by 0-1%. This prediction is based on the following analysis:

- **Technical Reality**: Despite the strong uptrend, technical indicators are flashing warning signs. The Weekly RSI at 80.5 and Daily RSI at 86.0 are deeply overbought, and the price is 33% above the SMA50, marking it as overextended. These conditions define tight boundaries for continued upside; without a massive catalyst, a reversal or consolidation is likely. The bullish MACD and trend are conflicting with overbought signals, but such divergences often precede short-term corrections as traders take profits.

- **Relative Performance**: META has shown strong alpha, particularly in the last move with +20.05% outperformance. However, this sharp relative strength may have exhausted buying pressure, leading to profit-taking in the near term. The underperformance in one segment (-0.22% alpha) hints at intermittent weakness that could resurface.

- **News Catalyst**: No specific company news was reported during the observed periods. The absence of fundamental drivers means the recent surge—especially the 20.25% jump with huge volume—must be attributed to market mechanics. This lack of narrative support makes the price action vulnerable to reversal as it lacks a sustainable foundation.

- **Dealing with ""No News""**: The significant price increases, particularly the last surge, are analyzed as flow-driven moves. The huge volume (Z-Score 4.1) indicates institutional flows or momentum chasing, likely tied to broad market beta or sector-level repricing. Such flow-driven rallies often lead to overextension and subsequent corrections when flows subside.

- **Prediction Justification**: Given the overbought and overextended technical setup, a slight decline of 0-1% is anticipated for the coming week. This represents a technical correction or consolidation phase, where the stock pauses to alleviate overbought conditions. The strong uptrend may not reverse entirely, but a pullback is logical for mean reversion, especially in the absence of new catalysts to propel further gains.

[Primary Driver]:
Technical",down by 0-1%,2024-02-05,2024-02-09,49,Technical
"[Company Introduction]:\n\nMeta Platforms Inc is a leading entity in the Media sector. Incorporated and publicly traded since 2012-05-18, the company has established its reputation as one of the key players in the market. As of today, Meta Platforms Inc has a market capitalization of 1617119.55 in USD, with 2529.56 shares outstanding.\n\nMeta Platforms Inc operates primarily in the US, trading under the ticker META on the NASDAQ NMS - GLOBAL MARKET. As a dominant force in the Media space, the company continues to innovate and drive progress within the industry.\n\n[QUANT SIGNALS - STRUCTURAL]:\n- Price Move: META increased by 3.05% (469.72 -> 484.03)\n- Alpha vs Nasdaq-100: +0.83% (Outperformed)\n- Market Context (VIX): N/A\n- Volume Status: Normal (Z-Score: -0.4)\n- Volatility (ATR): 13.11 (Normal)\n- Weekly RSI (Trend Strength): 88.2 (Overbought)\n\n[TECHNICALS - DAILY]:\n- Daily RSI: 54.2 (Neutral)\n- Trend: Strong Uptrend\n- MACD: Bearish Crossover\n- Mean Reversion: 22.1% from SMA50 (Overextended)\n\n[NEWS]:\n\nNo relative news reported.\n\n[QUANT SIGNALS - STRUCTURAL]:\n- Price Move: META increased by 3.89% (483.47 -> 502.30)\n- Alpha vs Nasdaq-100: +1.82% (Outperformed)\n- Market Context (VIX): N/A\n- Volume Status: Normal (Z-Score: -0.4)\n- Volatility (ATR): 12.11 (Normal)\n- Weekly RSI (Trend Strength): 88.5 (Overbought)\n\n[TECHNICALS - DAILY]:\n- Daily RSI: 67.3 (Neutral)\n- Trend: Strong Uptrend\n- MACD: Bearish Crossover\n- Mean Reversion: 22.0% from SMA50 (Overextended)\n\n[NEWS]:\n\nNo relative news reported.\n\n[QUANT SIGNALS - STRUCTURAL]:\n- Price Move: META increased by 0.59% (503.00 -> 505.95)\n- Alpha vs Nasdaq-100: +1.71% (Outperformed)\n- Market Context (VIX): N/A\n- Volume Status: Normal (Z-Score: 0.4)\n- Volatility (ATR): 12.64 (Normal)\n- Weekly RSI (Trend Strength): 89.3 (Overbought)\n\n[TECHNICALS - DAILY]:\n- Daily RSI: 67.2 (Neutral)\n- Trend: Strong Uptrend\n- MACD: Bearish Crossover\n- Mean Reversion: 18.6% from SMA50 (Overextended)\n\n[NEWS]:\n\nNo relative news reported.\n[Basic Financials]:\n\nNo basic financial reported.\n\nBased on all the information before 2024-03-11, let's first analyze the positive developments and potential concerns for META. Come up with 2-4 most important factors respectively and keep them concise. Integrate both quantitative signals and news to explain the movement. Then let's assume your prediction for the coming trading week (2024-03-11 pre-market to 2024-03-15 close) is down by 2-3%. Pay special attention to [WEEKEND NEWS - PRE-MARKET], because this information is available before Monday open. Provide a summary analysis to support your prediction. Before writing the analysis, cross-reference the [QUANT SIGNALS] with the [NEWS]. If the prediction is down by 2-3% but the technicals show a conflict (e.g., predicting 'Up' when Trend is 'Strong Downtrend'), explain this divergence logically (e.g., as a 'trend reversal' or 'short squeeze') rather than ignoring the data. The prediction result need to be inferred from your analysis at the end, and thus not appearing as a foundational factor of your analysis.","[Positive Developments]:
1. Consistent outperformance vs. Nasdaq-100 with positive Alpha across all periods, indicating relative strength and investor confidence.
2. Strong uptrend maintained with consecutive price increases, supported by normal volume and volatility, suggesting stable bullish momentum.
3. Price appreciation to above $505, reflecting sustained buying interest despite overbought conditions.

[Potential Concerns]:
1. Weekly RSI deeply overbought (89.3), signaling elevated risk of a technical correction or pullback.
2. Stock significantly overextended from SMA50 (18.6-22.1%), increasing probability of mean reversion.
3. MACD bearish crossover within an uptrend, hinting at potential momentum deterioration or divergence.
4. Absence of company-specific news; price moves appear driven by market mechanics (e.g., sector rotation or beta-driven flows), lacking fundamental catalysts for sustained rallies.

[Prediction & Analysis]:
For the trading week from 2024-03-11 pre-market to 2024-03-15 close, META is predicted to decline by 2-3%. This forecast stems from the technical reality of extreme overbought conditions, as evidenced by the Weekly RSI at 89.3 and overextension from the SMA50. Although the stock exhibits a strong uptrend and has outperformed the index, such overbought levels typically precede corrections as traders secure profits and momentum wanes. The bearish MACD crossover reinforces this outlook, indicating weakening upward momentum. The price increases without news suggest the rally was fueled by broad market flows or technical breakouts, which are vulnerable to reversal when technical barriers emerge. The predicted downside represents a logical mean reversion or consolidation phase, diverging from the uptrend due to excessive bullish exhaustion rather than a fundamental shift.

[Primary Driver]:
Technical",down by 2-3%,2024-03-11,2024-03-15,54,Technical
"[Company Introduction]:\n\nMeta Platforms Inc is a leading entity in the Media sector. Incorporated and publicly traded since 2012-05-18, the company has established its reputation as one of the key players in the market. As of today, Meta Platforms Inc has a market capitalization of 1617119.55 in USD, with 2529.56 shares outstanding.\n\nMeta Platforms Inc operates primarily in the US, trading under the ticker META on the NASDAQ NMS - GLOBAL MARKET. As a dominant force in the Media space, the company continues to innovate and drive progress within the industry.\n\n[QUANT SIGNALS - STRUCTURAL]:\n- Price Move: META increased by 3.59% (491.91 -> 509.58)\n- Alpha vs Nasdaq-100: +1.56% (Outperformed)\n- Market Context (VIX): N/A\n- Volume Status: Normal (Z-Score: -1.3)\n- Volatility (ATR): 15.04 (Normal)\n- Weekly RSI (Trend Strength): 85.6 (Overbought)\n\n[TECHNICALS - DAILY]:\n- Daily RSI: 54.9 (Neutral)\n- Trend: Strong Uptrend\n- MACD: Bearish Crossover\n- Mean Reversion: 12.0% from SMA50 (Normal)\n\n[NEWS]:\n\nNo relative news reported.\n[Basic Financials]:\n\nNo basic financial reported.\n\nBased on all the information before 2024-03-25, let's first analyze the positive developments and potential concerns for META. Come up with 2-4 most important factors respectively and keep them concise. Integrate both quantitative signals and news to explain the movement. Then let's assume your prediction for the coming trading week (2024-03-25 pre-market to 2024-03-28 close) is down by 3-4%. Pay special attention to [WEEKEND NEWS - PRE-MARKET], because this information is available before Monday open. Provide a summary analysis to support your prediction. Before writing the analysis, cross-reference the [QUANT SIGNALS] with the [NEWS]. If the prediction is down by 3-4% but the technicals show a conflict (e.g., predicting 'Up' when Trend is 'Strong Downtrend'), explain this divergence logically (e.g., as a 'trend reversal' or 'short squeeze') rather than ignoring the data. The prediction result need to be inferred from your analysis at the end, and thus not appearing as a foundational factor of your analysis.","[Positive Developments]:
1. Strong Relative Performance: META significantly outperformed the Nasdaq-100 (+1.56% Alpha) on a week where it rose 3.59%, indicating underlying institutional strength and positive market positioning.
2. Robust Structural Uptrend: The stock remains in a ""Strong Uptrend"" structurally, trading 12.0% above its 50-day SMA. This confirms a sustained bullish momentum over the medium term.

[Potential Concerns]:
1. Extremely Overbought Weekly Condition: The Weekly RSI of 85.6 is deeply in overbought territory, signaling a high risk of a technical pullback or consolidation. This is the most critical structural warning.
2. Emerging Daily Technical Deterioration: Despite the strong uptrend, the daily MACD shows a bearish crossover, suggesting near-term momentum may be waning and a reversal could be imminent.
3. Absence of Catalysts: With ""No relative news reported,"" the recent rally lacks a fresh fundamental narrative. This increases vulnerability to profit-taking, especially after a significant move on normal volume (Z-Score: -1.3).

[Prediction & Analysis]:
Prediction for the coming week (2024-03-25 to 2024-03-28 close): Down 3-4%.

The prediction for a down week is primarily a bet on a technical correction following an extended move. While the strong uptrend and positive alpha are notable, they have pushed the stock into an extreme overbought state (Weekly RSI: 85.6). The daily MACD's bearish crossover provides a leading signal that this overextension is likely to be resolved with a pullback. The absence of new positive news removes a potential catalyst to push the stock higher and leaves it susceptible to sector-level repricing or broad market softness. The move will likely be driven by profit-taking from short-term traders and a mean reversion trade, as the price is stretched far from its moving average. The normal volume during the prior week's rise suggests the move was not driven by explosive new buying, making it easier to unwind.

[Primary Driver]:
Technical",down by 3-4%,2024-03-25,2024-03-28,56,Technical
"[Company Introduction]:\n\nMeta Platforms Inc is a leading entity in the Media sector. Incorporated and publicly traded since 2012-05-18, the company has established its reputation as one of the key players in the market. As of today, Meta Platforms Inc has a market capitalization of 1617119.55 in USD, with 2529.56 shares outstanding.\n\nMeta Platforms Inc operates primarily in the US, trading under the ticker META on the NASDAQ NMS - GLOBAL MARKET. As a dominant force in the Media space, the company continues to innovate and drive progress within the industry.\n\n[QUANT SIGNALS - STRUCTURAL]:\n- Price Move: META increased by 3.05% (469.72 -> 484.03)\n- Alpha vs Nasdaq-100: +0.83% (Outperformed)\n- Market Context (VIX): N/A\n- Volume Status: Normal (Z-Score: -0.4)\n- Volatility (ATR): 13.11 (Normal)\n- Weekly RSI (Trend Strength): 88.2 (Overbought)\n\n[TECHNICALS - DAILY]:\n- Daily RSI: 54.2 (Neutral)\n- Trend: Strong Uptrend\n- MACD: Bearish Crossover\n- Mean Reversion: 22.1% from SMA50 (Overextended)\n\n[NEWS]:\n\nNo relative news reported.\n\n[QUANT SIGNALS - STRUCTURAL]:\n- Price Move: META increased by 3.89% (483.47 -> 502.30)\n- Alpha vs Nasdaq-100: +1.82% (Outperformed)\n- Market Context (VIX): N/A\n- Volume Status: Normal (Z-Score: -0.4)\n- Volatility (ATR): 12.11 (Normal)\n- Weekly RSI (Trend Strength): 88.5 (Overbought)\n\n[TECHNICALS - DAILY]:\n- Daily RSI: 67.3 (Neutral)\n- Trend: Strong Uptrend\n- MACD: Bearish Crossover\n- Mean Reversion: 22.0% from SMA50 (Overextended)\n\n[NEWS]:\n\nNo relative news reported.\n\n[QUANT SIGNALS - STRUCTURAL]:\n- Price Move: META increased by 0.59% (503.00 -> 505.95)\n- Alpha vs Nasdaq-100: +1.71% (Outperformed)\n- Market Context (VIX): N/A\n- Volume Status: Normal (Z-Score: 0.4)\n- Volatility (ATR): 12.64 (Normal)\n- Weekly RSI (Trend Strength): 89.3 (Overbought)\n\n[TECHNICALS - DAILY]:\n- Daily RSI: 67.2 (Neutral)\n- Trend: Strong Uptrend\n- MACD: Bearish Crossover\n- Mean Reversion: 18.6% from SMA50 (Overextended)\n\n[NEWS]:\n\nNo relative news reported.\n\n[QUANT SIGNALS - STRUCTURAL]:\n- Price Move: META decreased by 2.60% (497.01 -> 484.10)\n- Alpha vs Nasdaq-100: -1.80% (Underperformed)\n- Market Context (VIX): N/A\n- Volume Status: HUGE (Z-Score: 2.7)\n- Volatility (ATR): 14.30 (Normal)\n- Weekly RSI (Trend Strength): 95.5 (Overbought)\n\n[TECHNICALS - DAILY]:\n- Daily RSI: 51.0 (Neutral)\n- Trend: Strong Uptrend\n- MACD: Bearish Crossover\n- Mean Reversion: 9.9% from SMA50 (Normal)\n\n[NEWS]:\n\nNo relative news reported.\n[Basic Financials]:\n\nNo basic financial reported.\n\nBased on all the information before 2024-03-18, let's first analyze the positive developments and potential concerns for META. Come up with 2-4 most important factors respectively and keep them concise. Integrate both quantitative signals and news to explain the movement. Then let's assume your prediction for the coming trading week (2024-03-18 pre-market to 2024-03-22 close) is up by 3-4%. Pay special attention to [WEEKEND NEWS - PRE-MARKET], because this information is available before Monday open. Provide a summary analysis to support your prediction. Before writing the analysis, cross-reference the [QUANT SIGNALS] with the [NEWS]. If the prediction is up by 3-4% but the technicals show a conflict (e.g., predicting 'Up' when Trend is 'Strong Downtrend'), explain this divergence logically (e.g., as a 'trend reversal' or 'short squeeze') rather than ignoring the data. The prediction result need to be inferred from your analysis at the end, and thus not appearing as a foundational factor of your analysis.","[Positive Developments]:
1. Consistent alpha generation vs. Nasdaq-100 (e.g., +1.82% outperformance), indicating strong relative strength and institutional confidence.
2. Sustained strong uptrend in price action, with cumulative gains over the observed periods despite a recent dip.
3. Normalized mean reversion to 9.9% from SMA50 (from overextended levels), reducing immediate pullback risk after the correction.

[Potential Concerns]:
1. Weekly RSI is severely overbought (peaking at 95.5), historically signaling elevated correction risk despite the uptrend.
2. Daily MACD maintains a bearish crossover across all periods, suggesting weakening short-term momentum.
3. Recent 2.60% decline underperformed the Nasdaq-100 by -1.80% on huge volume (Z-Score 2.7), indicating potential profit-taking or distribution.

[Prediction & Analysis]:
The prediction for the trading week of 2024-03-18 to 2024-03-22 is a 3-4% increase in META's stock price. This is inferred from a combination of factors, despite technical conflicts. The strong uptrend remains intact, and the recent drop to 484.10 on huge volume is interpreted as a healthy correction within a broader bullish structure, alleviating overbought pressures from the weekly RSI. The mean reversion has normalized to 9.9% from SMA50, providing a more stable base for upward movement. With no company-specific news, the price action is driven by market mechanics: the initial outperformance suggests sustained institutional flows or sector rotation into tech, while the correction likely reflected short-term profit-taking rather than fundamental deterioration. The bearish MACD crossover and overbought weekly RSI conflict with the prediction, but this divergence is logical as a trend continuation scenario where momentum pauses before resuming—supported by neutral daily RSI (51.0 to 67.3) and the stock's history of alpha generation. The prediction hinges on a rebound from the correction, fueled by renewed buying interest and broader market strength, with volume likely normalizing post-correction.

[Primary Driver]:
Mixed",up by 3-4%,2024-03-18,2024-03-22,55,Mixed
"[Company Introduction]:\n\nMeta Platforms Inc is a leading entity in the Media sector. Incorporated and publicly traded since 2012-05-18, the company has established its reputation as one of the key players in the market. As of today, Meta Platforms Inc has a market capitalization of 1617119.55 in USD, with 2529.56 shares outstanding.\n\nMeta Platforms Inc operates primarily in the US, trading under the ticker META on the NASDAQ NMS - GLOBAL MARKET. As a dominant force in the Media space, the company continues to innovate and drive progress within the industry.\n\n[QUANT SIGNALS - STRUCTURAL]:\n- Price Move: META increased by 0.59% (503.00 -> 505.95)\n- Alpha vs Nasdaq-100: +1.71% (Outperformed)\n- Market Context (VIX): N/A\n- Volume Status: Normal (Z-Score: 0.4)\n- Volatility (ATR): 12.64 (Normal)\n- Weekly RSI (Trend Strength): 89.3 (Overbought)\n\n[TECHNICALS - DAILY]:\n- Daily RSI: 67.2 (Neutral)\n- Trend: Strong Uptrend\n- MACD: Bearish Crossover\n- Mean Reversion: 18.6% from SMA50 (Overextended)\n\n[NEWS]:\n\nNo relative news reported.\n\n[QUANT SIGNALS - STRUCTURAL]:\n- Price Move: META decreased by 2.60% (497.01 -> 484.10)\n- Alpha vs Nasdaq-100: -1.80% (Underperformed)\n- Market Context (VIX): N/A\n- Volume Status: HUGE (Z-Score: 2.7)\n- Volatility (ATR): 14.30 (Normal)\n- Weekly RSI (Trend Strength): 95.5 (Overbought)\n\n[TECHNICALS - DAILY]:\n- Daily RSI: 51.0 (Neutral)\n- Trend: Strong Uptrend\n- MACD: Bearish Crossover\n- Mean Reversion: 9.9% from SMA50 (Normal)\n\n[NEWS]:\n\nNo relative news reported.\n\n[QUANT SIGNALS - STRUCTURAL]:\n- Price Move: META increased by 3.59% (491.91 -> 509.58)\n- Alpha vs Nasdaq-100: +1.56% (Outperformed)\n- Market Context (VIX): N/A\n- Volume Status: Normal (Z-Score: -1.3)\n- Volatility (ATR): 15.04 (Normal)\n- Weekly RSI (Trend Strength): 85.6 (Overbought)\n\n[TECHNICALS - DAILY]:\n- Daily RSI: 54.9 (Neutral)\n- Trend: Strong Uptrend\n- MACD: Bearish Crossover\n- Mean Reversion: 12.0% from SMA50 (Normal)\n\n[NEWS]:\n\nNo relative news reported.\n\n[QUANT SIGNALS - STRUCTURAL]:\n- Price Move: META decreased by 4.00% (505.79 -> 485.58)\n- Alpha vs Nasdaq-100: -3.83% (Underperformed)\n- Market Context (VIX): N/A\n- Volume Status: Normal (Z-Score: 0.2)\n- Volatility (ATR): 13.16 (Normal)\n- Weekly RSI (Trend Strength): 87.0 (Overbought)\n\n[TECHNICALS - DAILY]:\n- Daily RSI: 40.3 (Neutral)\n- Trend: Strong Uptrend\n- MACD: Bearish Crossover\n- Mean Reversion: 4.4% from SMA50 (Normal)\n\n[NEWS]:\n\nNo relative news reported.\nSome recent basic financials of META, reported at 2024-03-31, are presented below:\n\n[Basic Financials]:\n\nassetTurnoverTTM: 0.6521\nbookValue: 149529\ncashRatio: 1.149674388811786\ncurrentRatio: 2.6807\nebitPerShare: 5.264\neps: 4.712\nev: 1232406.1\nevEbitdaTTM: 18.8814\nevRevenueTTM: 8.6357\nfcfMargin: 0.3524\nfcfPerShareTTM: 19.5258\ngrossMargin: 0.8184\nlongtermDebtTotalAsset: 0.0825\nlongtermDebtTotalCapital: 0.1095\nlongtermDebtTotalEquity: 0.123\nnetDebtToTotalCapital: -0.0829\nnetDebtToTotalEquity: -0.0931\nnetMargin: 0.3393\noperatingMargin: 0.379\npb: 8.335\npeTTM: 27.2379\npfcfTTM: 25.1595\npretaxMargin: 0.3891\npsTTM: 8.7332\nptbv: 8.3815\nquickRatio: 2.5492\nreceivablesTurnoverTTM: 11.6623\nroaTTM: 0.2091\nroeTTM: 0.3158\nroicTTM: 0.2793\nrotcTTM: 0.3256\nsalesPerShare: 13.8876\nsgaToSale: 0.1816\ntangibleBookValue: 148700\ntotalDebtToEquity: 0.123\ntotalDebtToTotalAsset: 0.0825\ntotalDebtToTotalCapital: 0.1095\ntotalRatio: 3.0395\n\nBased on all the information before 2024-04-01, let's first analyze the positive developments and potential concerns for META. Come up with 2-4 most important factors respectively and keep them concise. Integrate both quantitative signals and news to explain the movement. Then let's assume your prediction for the coming trading week (2024-04-01 pre-market to 2024-04-05 close) is up by more than 5%. Pay special attention to [WEEKEND NEWS - PRE-MARKET], because this information is available before Monday open. Provide a summary analysis to support your prediction. Before writing the analysis, cross-reference the [QUANT SIGNALS] with the [NEWS]. If the prediction is up by more than 5% but the technicals show a conflict (e.g., predicting 'Up' when Trend is 'Strong Downtrend'), explain this divergence logically (e.g., as a 'trend reversal' or 'short squeeze') rather than ignoring the data. The prediction result need to be inferred from your analysis at the end, and thus not appearing as a foundational factor of your analysis.","[Positive Developments]:
1.  Exceptionally Strong Financial Health: Basic financials reveal robust profitability (Net Margin: 33.93%, ROE: 31.58%), powerful cash generation (FCF Margin: 35.24%), and a fortress balance sheet with minimal net debt (Net Debt/Equity: -9.31%). This fundamental strength provides a solid foundation for the stock.
2.  Demonstrated Alpha on Up Days: On days when the stock rose, it consistently outperformed the Nasdaq-100 (e.g., +1.71% and +1.56% Alpha). This indicates that buying pressure is specific to META and not just broad market beta.
3.  Resilient Long-Term Trend: Despite daily volatility, the overarching technical structure remains a ""Strong Uptrend,"" with the price consistently above its 50-day SMA (by 4.4% to 18.6%). This trend dominance is a key bullish factor.

[Potential Concerns]:
1.  Severely Overbought Weekly Condition: The Weekly RSI has been persistently and extremely overbought (ranging from 85.6 to 95.5). This is a major warning sign of a stretched rally that is vulnerable to a sharp correction or consolidation.
2.  Bearish Divergence in Momentum: The Daily MACD has shown a consistent ""Bearish Crossover"" even as the price made new highs or held near highs. This divergence suggests underlying momentum is waning and buyers are becoming exhausted.
3.  High Valuation and Volatility on Down Days: The stock trades at elevated multiples (PE ~27, PS ~8.7) and has shown significant drops (e.g., -4.00%) with underperformance versus the index on down days. The large volume (Z-Score: 2.7) on one sell-off day points to institutional distribution.

[Prediction & Analysis]:
**Prediction for the week of 2024-04-01: UP by more than 5%.**

This bullish prediction is made with acute awareness of the significant technical risks outlined above. The rationale is a momentum-driven breakout fueled by institutional flow, overriding short-term overbought signals.

1.  **Technical Reality & Divergence:** While the weekly RSI is severely overbought, this condition can persist in powerful, parabolic trends driven by intense FOMO (Fear Of Missing Out) and systematic buying. The daily RSI has actually cooled into a more neutral zone (40.3-67.2), providing room for another leg higher before the weekly indicator becomes an immediate constraint. The ""Bearish Crossover"" on the MACD is acknowledged but is interpreted here as a pause within a larger uptrend, not a definitive reversal signal, given the intact primary trend and strong fundamentals.

2.  **Flow-Driven Narrative:** The absence of company-specific news shifts the analysis to market mechanics. The pattern of large volume on a down day followed by recovery suggests institutional ""buy-the-dip"" behavior rather than a wholesale exit. META is a core holding in major indices and a primary beneficiary of the ""Magnificent 7"" narrative. We anticipate continued sector-level rotation and momentum-chasing flows into mega-cap tech, with META's strong financials making it a preferred vehicle.

3.  **Relative Performance Catalyst:** META's ability to generate significant Alpha on up days (+1.5-1.7%) indicates it is a leader, not a follower. This relative strength attracts more capital seeking outperformance. A move above the recent high (~$510) could trigger a technical breakout, fueling accelerated buying from trend-following systems and short covering.

4.  **Conclusion:** The prediction for a >5% up week is predicated on a surge of institutional and momentum-driven flows pushing the stock through technical resistance. This is a high-conviction, flow-based call that recognizes the overextended weekly condition but bets on the momentum to continue in the very short term, leading to a breakout. The primary risk is a sharp, volume-driven reversal if the overbought condition finally triggers profit-taking en masse.

[Primary Driver]:
Flow",up by more than 5%,2024-04-01,2024-04-05,57,Flow
"[Company Introduction]:\n\nMeta Platforms Inc is a leading entity in the Media sector. Incorporated and publicly traded since 2012-05-18, the company has established its reputation as one of the key players in the market. As of today, Meta Platforms Inc has a market capitalization of 1617119.55 in USD, with 2529.56 shares outstanding.\n\nMeta Platforms Inc operates primarily in the US, trading under the ticker META on the NASDAQ NMS - GLOBAL MARKET. As a dominant force in the Media space, the company continues to innovate and drive progress within the industry.\n\n[QUANT SIGNALS - STRUCTURAL]:\n- Price Move: META increased by 8.24% (487.20 -> 527.34)\n- Alpha vs Nasdaq-100: +9.25% (Outperformed)\n- Market Context (VIX): N/A\n- Volume Status: Normal (Z-Score: 0.9)\n- Volatility (ATR): 13.09 (Normal)\n- Weekly RSI (Trend Strength): 77.3 (Overbought)\n\n[TECHNICALS - DAILY]:\n- Daily RSI: 73.3 (Overbought)\n- Trend: Strong Uptrend\n- MACD: Bullish Crossover\n- Mean Reversion: 10.5% from SMA50 (Normal)\n\n[NEWS]:\n\nNo relative news reported.\n\n[QUANT SIGNALS - STRUCTURAL]:\n- Price Move: META decreased by 3.28% (529.28 -> 511.90)\n- Alpha vs Nasdaq-100: -2.75% (Underperformed)\n- Market Context (VIX): N/A\n- Volume Status: Normal (Z-Score: -0.2)\n- Volatility (ATR): 13.93 (Normal)\n- Weekly RSI (Trend Strength): 80.6 (Overbought)\n\n[TECHNICALS - DAILY]:\n- Daily RSI: 51.2 (Neutral)\n- Trend: Strong Uptrend\n- MACD: Bearish Crossover\n- Mean Reversion: 4.5% from SMA50 (Normal)\n\n[NEWS]:\n\nNo relative news reported.\n[Basic Financials]:\n\nNo basic financial reported.\n\nBased on all the information before 2024-04-15, let's first analyze the positive developments and potential concerns for META. Come up with 2-4 most important factors respectively and keep them concise. Integrate both quantitative signals and news to explain the movement. Then let's assume your prediction for the coming trading week (2024-04-15 pre-market to 2024-04-19 close) is down by more than 5%. Pay special attention to [WEEKEND NEWS - PRE-MARKET], because this information is available before Monday open. Provide a summary analysis to support your prediction. Before writing the analysis, cross-reference the [QUANT SIGNALS] with the [NEWS]. If the prediction is down by more than 5% but the technicals show a conflict (e.g., predicting 'Up' when Trend is 'Strong Downtrend'), explain this divergence logically (e.g., as a 'trend reversal' or 'short squeeze') rather than ignoring the data. The prediction result need to be inferred from your analysis at the end, and thus not appearing as a foundational factor of your analysis.","[Positive Developments]:
1. Strong prior outperformance with +9.25% Alpha vs. Nasdaq-100 during a significant up week, indicating robust relative strength and positive market conviction.
2. The stock maintains a ""Strong Uptrend"" technical structure and is trading at a normal 4.5% premium to its SMA50, suggesting the primary bullish trend remains intact.
3. The earlier daily MACD Bullish Crossover signaled strong momentum, though this has recently changed.

[Potential Concerns]:
1. Extremely Overbought Conditions: The Weekly RSI of 80.6 is deep into overbought territory, historically signaling a high risk of a pullback or consolidation.
2. Technical Deterioration: The daily MACD has recently shown a Bearish Crossover, and the daily RSI has cooled from overbought to neutral (73.3 to 51.2), suggesting the short-term momentum has decisively shifted negative.
3. Underperformance on Decline: The stock's 3.28% drop came with a -2.75% Alpha vs. the Nasdaq-100, indicating it was leading the market lower, which is a sign of underlying weakness.
4. Narrative Risk (from Weekend News): Escalating geopolitical tensions in the Middle East (Iran's drone/missile attack on Israel) typically trigger broad market risk-off sentiment. High-multiple, growth-oriented technology stocks like Meta are often disproportionately sold in such environments.

[Prediction & Analysis]:
The prediction is for a decline of more than 5% in the coming week. This analysis is driven by a confluence of technical exhaustion and a new, potent narrative shock.
1. **Technical Reality:** The weekly RSI above 80 is a major red flag. This level of overextension defines a boundary where even a strong uptrend is vulnerable to a sharp, sentiment-driven correction. The recent daily MACD bearish crossover and the stock's failure to hold gains (evidenced by the underperforming down day) confirm that selling pressure is emerging. The strong uptrend provides support, but the magnitude of the overbought condition suggests a move to at least test the SMA50 (a ~4.5% drop from current levels) is plausible, with potential for overshoot.
2. **Relative Performance:** The shift from significant outperformance to underperformance on the down day is a critical signal. It shows that when the market turned, Meta was a source of funds, indicating a change in character from a leader to a laggard in the near term.
3. **News Catalyst:** The absence of company-specific news prior to the weekend meant the earlier moves were driven by market flows and technical positioning. However, the **weekend geopolitical escalation is a significant macro shock**. This injects a high level of uncertainty and risk aversion, which directly pressures expensive growth stocks. This narrative catalyst provides the fundamental justification for the technically overdue correction.
4. **Divergence Explanation:** While the primary trend is still labeled ""Strong Uptrend,"" predicting a >5% drop is a call for a significant pullback within that trend, not a full trend reversal. The setup is classic: an extremely overbought condition (Weekly RSI 80.6) meets an unexpected external catalyst. The trend may absorb the shock, but the initial reaction is likely to be a sharp downward repricing to account for increased risk premiums.

[Primary Driver]:
Mixed",down by more than 5%,2024-04-15,2024-04-19,59,Mixed
"[Company Introduction]:\n\nMeta Platforms Inc is a leading entity in the Media sector. Incorporated and publicly traded since 2012-05-18, the company has established its reputation as one of the key players in the market. As of today, Meta Platforms Inc has a market capitalization of 1617119.55 in USD, with 2529.56 shares outstanding.\n\nMeta Platforms Inc operates primarily in the US, trading under the ticker META on the NASDAQ NMS - GLOBAL MARKET. As a dominant force in the Media space, the company continues to innovate and drive progress within the industry.\n\n[QUANT SIGNALS - STRUCTURAL]:\n- Price Move: META increased by 2.82% (439.56 -> 451.96)\n- Alpha vs Nasdaq-100: +2.19% (Outperformed)\n- Market Context (VIX): N/A\n- Volume Status: Normal (Z-Score: -0.2)\n- Volatility (ATR): 21.07 (High)\n- Weekly RSI (Trend Strength): 59.0 (Neutral)\n\n[TECHNICALS - DAILY]:\n- Daily RSI: 32.9 (Neutral)\n- Trend: Bullish\n- MACD: Bearish Crossover\n- Mean Reversion: -7.9% from SMA50 (Normal)\n\n[NEWS]:\n\nNo relative news reported.\n[Basic Financials]:\n\nNo basic financial reported.\n\nBased on all the information before 2024-05-06, let's first analyze the positive developments and potential concerns for META. Come up with 2-4 most important factors respectively and keep them concise. Integrate both quantitative signals and news to explain the movement. Then let's assume your prediction for the coming trading week (2024-05-06 pre-market to 2024-05-10 close) is up by 4-5%. Pay special attention to [WEEKEND NEWS - PRE-MARKET], because this information is available before Monday open. Provide a summary analysis to support your prediction. Before writing the analysis, cross-reference the [QUANT SIGNALS] with the [NEWS]. If the prediction is up by 4-5% but the technicals show a conflict (e.g., predicting 'Up' when Trend is 'Strong Downtrend'), explain this divergence logically (e.g., as a 'trend reversal' or 'short squeeze') rather than ignoring the data. The prediction result need to be inferred from your analysis at the end, and thus not appearing as a foundational factor of your analysis.","[Positive Developments]:
1. Strong Relative Performance: META significantly outperformed the Nasdaq-100 (+2.19% Alpha) on the last trading day, indicating underlying institutional strength and positive sector-specific flow.
2. Technical Oversold Bounce Potential: The daily RSI at 32.9 is approaching oversold territory while the stock remains in a longer-term ""Bullish"" trend. This creates a potential setup for a mean reversion bounce.
3. Healthy Distance from Key Average: Trading -7.9% below its 50-day SMA provides room for a technical rebound without immediately hitting overhead resistance.

[Potential Concerns]:
1. Conflicting Momentum Indicators: Despite a bullish trend and oversold daily RSI, the MACD shows a bearish crossover, signaling near-term momentum weakness that could persist.
2. Lack of Catalytic News: There is an absence of company-specific news to drive a sustained rally, placing greater reliance on broad market or sector sentiment.
3. High Absolute Volatility: An ATR of 21.07 signifies high daily price swings, which can lead to amplified downside risk if market sentiment sours.

[Prediction & Analysis]:
Prediction: The stock is predicted to move up by 4-5% in the coming week (2024-05-06 to 2024-05-10).

Analysis: The prediction for a 4-5% upward move is based on a synthesis of technical positioning and market flow dynamics, rather than fundamental news. The primary conflict is between the bearish MACD signal and the predicted rally. This divergence can be logically resolved by viewing the setup as a technically-driven reversal play within a prevailing bullish trend. The stock's significant underperformance relative to its own 50-day SMA (-7.9%) and its oversold daily RSI create a coiled-spring condition for a rebound. The strong positive Alpha on the last trading day suggests META was already beginning to attract buying interest distinct from the broader tech sector. The absence of company news means the anticipated move is not driven by a specific catalyst but by a combination of technical mean reversion and sector-level institutional flows, particularly into large-cap tech/AI names, which is a persistent market narrative. The high volatility (ATR) supports the premise of a sharp, quick rebound within the weekly timeframe.

[Primary Driver]:
Mixed",up by 4-5%,2024-05-06,2024-05-10,62,Mixed
"[Company Introduction]:\n\nMeta Platforms Inc is a leading entity in the Media sector. Incorporated and publicly traded since 2012-05-18, the company has established its reputation as one of the key players in the market. As of today, Meta Platforms Inc has a market capitalization of 1617119.55 in USD, with 2529.56 shares outstanding.\n\nMeta Platforms Inc operates primarily in the US, trading under the ticker META on the NASDAQ NMS - GLOBAL MARKET. As a dominant force in the Media space, the company continues to innovate and drive progress within the industry.\n\n[QUANT SIGNALS - STRUCTURAL]:\n- Price Move: META increased by 8.24% (487.20 -> 527.34)\n- Alpha vs Nasdaq-100: +9.25% (Outperformed)\n- Market Context (VIX): N/A\n- Volume Status: Normal (Z-Score: 0.9)\n- Volatility (ATR): 13.09 (Normal)\n- Weekly RSI (Trend Strength): 77.3 (Overbought)\n\n[TECHNICALS - DAILY]:\n- Daily RSI: 73.3 (Overbought)\n- Trend: Strong Uptrend\n- MACD: Bullish Crossover\n- Mean Reversion: 10.5% from SMA50 (Normal)\n\n[NEWS]:\n\nNo relative news reported.\n\n[QUANT SIGNALS - STRUCTURAL]:\n- Price Move: META decreased by 3.28% (529.28 -> 511.90)\n- Alpha vs Nasdaq-100: -2.75% (Underperformed)\n- Market Context (VIX): N/A\n- Volume Status: Normal (Z-Score: -0.2)\n- Volatility (ATR): 13.93 (Normal)\n- Weekly RSI (Trend Strength): 80.6 (Overbought)\n\n[TECHNICALS - DAILY]:\n- Daily RSI: 51.2 (Neutral)\n- Trend: Strong Uptrend\n- MACD: Bearish Crossover\n- Mean Reversion: 4.5% from SMA50 (Normal)\n\n[NEWS]:\n\nNo relative news reported.\n\n[QUANT SIGNALS - STRUCTURAL]:\n- Price Move: META decreased by 6.90% (516.72 -> 481.07)\n- Alpha vs Nasdaq-100: -3.09% (Underperformed)\n- Market Context (VIX): N/A\n- Volume Status: HUGE (Z-Score: 2.4)\n- Volatility (ATR): 16.05 (High)\n- Weekly RSI (Trend Strength): 77.0 (Overbought)\n\n[TECHNICALS - DAILY]:\n- Daily RSI: 45.3 (Neutral)\n- Trend: Bullish\n- MACD: Bearish Crossover\n- Mean Reversion: -2.6% from SMA50 (Normal)\n\n[NEWS]:\n\nNo relative news reported.\n\n[QUANT SIGNALS - STRUCTURAL]:\n- Price Move: META decreased by 9.48% (489.72 -> 443.29)\n- Alpha vs Nasdaq-100: -12.39% (Underperformed)\n- Market Context (VIX): N/A\n- Volume Status: Normal (Z-Score: 0.8)\n- Volatility (ATR): 21.49 (High)\n- Weekly RSI (Trend Strength): 67.5 (Neutral)\n\n[TECHNICALS - DAILY]:\n- Daily RSI: 22.4 (Oversold)\n- Trend: Bullish\n- MACD: Bearish Crossover\n- Mean Reversion: -10.3% from SMA50 (Normal)\n\n[NEWS]:\n\nNo relative news reported.\n[Basic Financials]:\n\nNo basic financial reported.\n\nBased on all the information before 2024-04-29, let's first analyze the positive developments and potential concerns for META. Come up with 2-4 most important factors respectively and keep them concise. Integrate both quantitative signals and news to explain the movement. Then let's assume your prediction for the coming trading week (2024-04-29 pre-market to 2024-05-03 close) is up by 2-3%. Pay special attention to [WEEKEND NEWS - PRE-MARKET], because this information is available before Monday open. Provide a summary analysis to support your prediction. Before writing the analysis, cross-reference the [QUANT SIGNALS] with the [NEWS]. If the prediction is up by 2-3% but the technicals show a conflict (e.g., predicting 'Up' when Trend is 'Strong Downtrend'), explain this divergence logically (e.g., as a 'trend reversal' or 'short squeeze') rather than ignoring the data. The prediction result need to be inferred from your analysis at the end, and thus not appearing as a foundational factor of your analysis.","[Positive Developments]:
1. **Extremely Oversold Daily Technical Condition:** The daily RSI has plunged to 22.4, indicating the stock is at its most oversold level in the observed period. This creates a high-probability setup for a technical bounce or short-term mean reversion.
2. **Significant Deviation from 50-Day Moving Average:** The price is currently -10.3% below its SMA50, which is outside the normal range seen in prior weeks. This level often attracts buyers and value-oriented investors looking for a reversion entry point.
3. **High-Volume Washout:** The third week saw a -6.9% drop on HUGE volume (Z-Score 2.4). This can be interpreted as a capitulation event, where weak hands are flushed out, potentially setting a near-term low.

[Potential Concerns]:
1. **Persistent Bearish Momentum Indicators:** The MACD has maintained a bearish crossover through the entire decline, and the weekly RSI, while cooling, is still at a neutral 67.5. This suggests the primary intermediate-term momentum remains down.
2. **Severe Relative Weakness:** META has consistently underperformed the Nasdaq-100 during the sell-off, with the last week showing a dramatic -12.39% Alpha. This indicates the selling is company or sector-specific, not just broad market weakness.
3. **Elevated Volatility and Downtrend Confirmation:** The Average True Range (ATR) has expanded to ""High"" (21.49), confirming elevated selling pressure. The price action of consecutive lower weekly closes confirms a strong corrective downtrend is in place.

[Prediction & Analysis]:
**Technical Analysis & Conflict Resolution:** The prediction of a 2-3% rise for the coming week is based on a **short-term oversold bounce** within a larger corrective trend, not a trend reversal. The primary technical conflict is predicting an ""Up"" week while the stock is in a clear downtrend. This is resolved by recognizing the extreme oversold condition (Daily RSI 22.4) as a boundary that typically precedes a counter-trend rally. The prior week's high-volume decline and massive underperformance likely exhausted immediate selling pressure, creating a vacuum for a bounce.

**Flow & Narrative Analysis:** The absence of company-specific news throughout the sell-off points to a **flow-driven correction**. This was likely driven by sector rotation, profit-taking after a strong run, or institutional reallocation, exacerbated by META's high beta. The lack of negative fundamental news supports the thesis that the sharp drop was disproportionate and primed for a technical rebound. The coming week's expected rise is not predicated on a new narrative but on the market mechanics of an oversold bounce and short-covering.

**Prediction:** For the week of 2024-04-29, META is predicted to rise 2-3%. This move is viewed as a technical rebound from deeply oversold levels. The bounce may face resistance near the $460-$470 level (prior support, now resistance), and the overarching bearish MACD and downtrend suggest any rally is likely to be corrective rather than the resumption of the primary uptrend.

[Primary Driver]:
Technical",up by 2-3%,2024-04-29,2024-05-03,61,Technical
"[Company Introduction]:\n\nMeta Platforms Inc is a leading entity in the Media sector. Incorporated and publicly traded since 2012-05-18, the company has established its reputation as one of the key players in the market. As of today, Meta Platforms Inc has a market capitalization of 1617119.55 in USD, with 2529.56 shares outstanding.\n\nMeta Platforms Inc operates primarily in the US, trading under the ticker META on the NASDAQ NMS - GLOBAL MARKET. As a dominant force in the Media space, the company continues to innovate and drive progress within the industry.\n\n[QUANT SIGNALS - STRUCTURAL]:\n- Price Move: META decreased by 4.00% (505.79 -> 485.58)\n- Alpha vs Nasdaq-100: -3.83% (Underperformed)\n- Market Context (VIX): N/A\n- Volume Status: Normal (Z-Score: 0.2)\n- Volatility (ATR): 13.16 (Normal)\n- Weekly RSI (Trend Strength): 87.0 (Overbought)\n\n[TECHNICALS - DAILY]:\n- Daily RSI: 40.3 (Neutral)\n- Trend: Strong Uptrend\n- MACD: Bearish Crossover\n- Mean Reversion: 4.4% from SMA50 (Normal)\n\n[NEWS]:\n\nNo relative news reported.\n\n[QUANT SIGNALS - STRUCTURAL]:\n- Price Move: META increased by 8.24% (487.20 -> 527.34)\n- Alpha vs Nasdaq-100: +9.25% (Outperformed)\n- Market Context (VIX): N/A\n- Volume Status: Normal (Z-Score: 0.9)\n- Volatility (ATR): 13.09 (Normal)\n- Weekly RSI (Trend Strength): 77.3 (Overbought)\n\n[TECHNICALS - DAILY]:\n- Daily RSI: 73.3 (Overbought)\n- Trend: Strong Uptrend\n- MACD: Bullish Crossover\n- Mean Reversion: 10.5% from SMA50 (Normal)\n\n[NEWS]:\n\nNo relative news reported.\nSome recent basic financials of META, reported at 2024-03-31, are presented below:\n\n[Basic Financials]:\n\nassetTurnoverTTM: 0.6521\nbookValue: 149529\ncashRatio: 1.149674388811786\ncurrentRatio: 2.6807\nebitPerShare: 5.264\neps: 4.712\nev: 1232406.1\nevEbitdaTTM: 18.8814\nevRevenueTTM: 8.6357\nfcfMargin: 0.3524\nfcfPerShareTTM: 19.5258\ngrossMargin: 0.8184\nlongtermDebtTotalAsset: 0.0825\nlongtermDebtTotalCapital: 0.1095\nlongtermDebtTotalEquity: 0.123\nnetDebtToTotalCapital: -0.0829\nnetDebtToTotalEquity: -0.0931\nnetMargin: 0.3393\noperatingMargin: 0.379\npb: 8.335\npeTTM: 27.2379\npfcfTTM: 25.1595\npretaxMargin: 0.3891\npsTTM: 8.7332\nptbv: 8.3815\nquickRatio: 2.5492\nreceivablesTurnoverTTM: 11.6623\nroaTTM: 0.2091\nroeTTM: 0.3158\nroicTTM: 0.2793\nrotcTTM: 0.3256\nsalesPerShare: 13.8876\nsgaToSale: 0.1816\ntangibleBookValue: 148700\ntotalDebtToEquity: 0.123\ntotalDebtToTotalAsset: 0.0825\ntotalDebtToTotalCapital: 0.1095\ntotalRatio: 3.0395\n\nBased on all the information before 2024-04-08, let's first analyze the positive developments and potential concerns for META. Come up with 2-4 most important factors respectively and keep them concise. Integrate both quantitative signals and news to explain the movement. Then let's assume your prediction for the coming trading week (2024-04-08 pre-market to 2024-04-12 close) is down by 3-4%. Pay special attention to [WEEKEND NEWS - PRE-MARKET], because this information is available before Monday open. Provide a summary analysis to support your prediction. Before writing the analysis, cross-reference the [QUANT SIGNALS] with the [NEWS]. If the prediction is down by 3-4% but the technicals show a conflict (e.g., predicting 'Up' when Trend is 'Strong Downtrend'), explain this divergence logically (e.g., as a 'trend reversal' or 'short squeeze') rather than ignoring the data. The prediction result need to be inferred from your analysis at the end, and thus not appearing as a foundational factor of your analysis.","[Positive Developments]:
1. Strong Financial Health: Basic financials show robust profitability with high gross and net margins (0.8184 and 0.3393, respectively), solid returns (ROE 0.3158, ROA 0.2091), and strong liquidity (cash ratio 1.15), supporting long-term growth.
2. Technical Momentum Recovery: In the second period, MACD showed a bullish crossover and the stock outperformed the Nasdaq-100 by +9.25%, indicating renewed upward momentum within a strong uptrend.
3. Efficient Operations: High asset turnover (0.6521) and receivables turnover (11.6623) reflect operational efficiency, while low debt levels (total debt to equity 0.123) reduce financial risk.

[Potential Concerns]:
1. Overbought Conditions: Weekly RSI levels are elevated (87.0 and 77.3), and daily RSI reached 73.3 in the second period, signaling overbought territory that increases susceptibility to a pullback.
2. Price Volatility and Divergence: The stock experienced a 4% decline followed by an 8.24% rally with shifting MACD signals (bearish to bullish), indicating instability and potential for profit-taking amid overextension.
3. High Valuation Multiples: Valuation ratios such as PE TTM (27.24) and PS TTM (8.73) are relatively high, which could pressure the stock if market sentiment shifts or growth expectations moderate.

[Prediction & Analysis]:
Based on the technical indicators, META is primed for a short-term correction. The weekly RSI at 77.3 remains overbought, and the daily RSI at 73.3 suggests limited immediate upside without new catalysts. Despite the strong uptrend and bullish MACD crossover in the second period, overbought conditions historically precede pullbacks as traders secure profits. The absence of company-specific news indicates that recent price movements—including the 8.24% rally—were likely driven by market mechanics, such as beta-driven momentum or sector-level flows, rather than fundamental catalysts. Given the normal volume status (Z-Score 0.9) and the stock's significant outperformance (+9.25% alpha) in the prior period, profit-taking is probable. A downward move of 3-4% in the coming week aligns with mean reversion, as the stock's price is 10.5% above its SMA50, and technical boundaries suggest a cooling-off phase within the broader uptrend.

[Primary Driver]:
Technical",down by 3-4%,2024-04-08,2024-04-12,58,Technical
"[Company Introduction]:\n\nMeta Platforms Inc is a leading entity in the Media sector. Incorporated and publicly traded since 2012-05-18, the company has established its reputation as one of the key players in the market. As of today, Meta Platforms Inc has a market capitalization of 1617119.55 in USD, with 2529.56 shares outstanding.\n\nMeta Platforms Inc operates primarily in the US, trading under the ticker META on the NASDAQ NMS - GLOBAL MARKET. As a dominant force in the Media space, the company continues to innovate and drive progress within the industry.\n\n[QUANT SIGNALS - STRUCTURAL]:\n- Price Move: META increased by 1.76% (469.95 -> 478.22)\n- Alpha vs Nasdaq-100: +1.09% (Outperformed)\n- Market Context (VIX): N/A\n- Volume Status: Normal (Z-Score: -0.5)\n- Volatility (ATR): 10.03 (Normal)\n- Weekly RSI (Trend Strength): 50.7 (Neutral)\n\n[TECHNICALS - DAILY]:\n- Daily RSI: 59.4 (Neutral)\n- Trend: Bullish\n- MACD: Bullish Crossover\n- Mean Reversion: -1.2% from SMA50 (Normal)\n\n[NEWS]:\n\nNo relative news reported.\n[Basic Financials]:\n\nNo basic financial reported.\n\nBased on all the information before 2024-05-28, let's first analyze the positive developments and potential concerns for META. Come up with 2-4 most important factors respectively and keep them concise. Integrate both quantitative signals and news to explain the movement. Then let's assume your prediction for the coming trading week (2024-05-28 pre-market to 2024-05-31 close) is down by 2-3%. Pay special attention to [WEEKEND NEWS - PRE-MARKET], because this information is available before Monday open. Provide a summary analysis to support your prediction. Before writing the analysis, cross-reference the [QUANT SIGNALS] with the [NEWS]. If the prediction is down by 2-3% but the technicals show a conflict (e.g., predicting 'Up' when Trend is 'Strong Downtrend'), explain this divergence logically (e.g., as a 'trend reversal' or 'short squeeze') rather than ignoring the data. The prediction result need to be inferred from your analysis at the end, and thus not appearing as a foundational factor of your analysis.","[Positive Developments]:
1. **Relative Outperformance & Bullish Technical Setup**: META outperformed the Nasdaq-100 (Alpha +1.09%) on a day it rose 1.76%. The daily MACD shows a bullish crossover, and the trend is classified as ""Bullish."" The neutral RSI (59.4) leaves room for further upside before becoming overbought.
2. **Stable Market Context and Neutral Positioning**: Weekly RSI is at a perfectly neutral 50.7, and price is trading close to its 50-day SMA (-1.2%), indicating the stock is not extended in either direction. Normal volume and volatility suggest the move was orderly, not driven by panic or euphoria.

[Potential Concerns]:
1. **Absence of Catalytic News**: There is no company-specific news or financial update to provide a fundamental narrative for sustained buying. The recent positive move lacks a clear fundamental driver, making it vulnerable to reversal.
2. **Weak Momentum vs. Key Average**: Despite a bullish daily trend, the price remains below its 50-day SMA. This indicates the medium-term momentum is still weak, and the SMA could act as resistance. The normal volume (Z-Score: -0.5) also suggests the move lacked strong institutional conviction.

[Prediction & Analysis]:
**Prediction: Down 2-3% for the week of 2024-05-28 to 2024-05-31.**

The analysis points toward a short-term pullback despite recent strength. The 1.76% gain on May 27th, which outperformed the index, appears to be a technical bounce within a neutral range, as evidenced by the neutral RSI levels and proximity to the 50-day SMA. The primary driver of that move was likely **Flow** (beta-driven momentum with the broader market) and **Technical** (MACD bullish crossover triggering short-term buys), given the complete absence of news.

For the coming week, the lack of a fundamental narrative to sustain the move becomes a headwind. The stock's position just below the 50-day SMA (~1.2% away) presents a logical level for sellers and profit-takers to emerge, especially after a day of outperformance without news. This sets up for a classic ""mean reversion"" or failure at resistance. The prediction of a 2-3% decline aligns with a rejection from the SMA50, a reversion to the mean of its recent range, and the market digesting the prior day's gains in a news vacuum.

[Primary Driver]:
Mixed (Technical & Flow)",down by 2-3%,2024-05-28,2024-05-31,65,Mixed (Technical & Flow)
"[Company Introduction]:\n\nMeta Platforms Inc is a leading entity in the Media sector. Incorporated and publicly traded since 2012-05-18, the company has established its reputation as one of the key players in the market. As of today, Meta Platforms Inc has a market capitalization of 1617119.55 in USD, with 2529.56 shares outstanding.\n\nMeta Platforms Inc operates primarily in the US, trading under the ticker META on the NASDAQ NMS - GLOBAL MARKET. As a dominant force in the Media space, the company continues to innovate and drive progress within the industry.\n\n[QUANT SIGNALS - STRUCTURAL]:\n- Price Move: META decreased by 0.18% (472.75 -> 471.91)\n- Alpha vs Nasdaq-100: -2.14% (Underperformed)\n- Market Context (VIX): N/A\n- Volume Status: Normal (Z-Score: -0.6)\n- Volatility (ATR): 11.50 (Normal)\n- Weekly RSI (Trend Strength): 50.2 (Neutral)\n\n[TECHNICALS - DAILY]:\n- Daily RSI: 74.6 (Overbought)\n- Trend: Bullish\n- MACD: Bullish Crossover\n- Mean Reversion: -3.0% from SMA50 (Normal)\n\n[NEWS]:\n\nNo relative news reported.\n[Basic Financials]:\n\nNo basic financial reported.\n\nBased on all the information before 2024-05-20, let's first analyze the positive developments and potential concerns for META. Come up with 2-4 most important factors respectively and keep them concise. Integrate both quantitative signals and news to explain the movement. Then let's assume your prediction for the coming trading week (2024-05-20 pre-market to 2024-05-24 close) is up by 1-2%. Pay special attention to [WEEKEND NEWS - PRE-MARKET], because this information is available before Monday open. Provide a summary analysis to support your prediction. Before writing the analysis, cross-reference the [QUANT SIGNALS] with the [NEWS]. If the prediction is up by 1-2% but the technicals show a conflict (e.g., predicting 'Up' when Trend is 'Strong Downtrend'), explain this divergence logically (e.g., as a 'trend reversal' or 'short squeeze') rather than ignoring the data. The prediction result need to be inferred from your analysis at the end, and thus not appearing as a foundational factor of your analysis.","[Positive Developments]:
1. **Bullish Technical Structure**: The daily MACD shows a bullish crossover, and the trend is classified as bullish. The stock is only 3% above its 50-day moving average, leaving room for upside before becoming excessively extended from a mean reversion perspective.
2. **Neutral Weekly Momentum**: The weekly RSI at 50.2 is neutral, indicating the longer-term trend is not overbought and has not exhausted its momentum, providing a healthier base than the daily overbought reading alone.

[Potential Concerns]:
1. **Overbought Daily Condition**: The daily RSI of 74.6 is in overbought territory, signaling a heightened risk of a short-term pullback or consolidation as the stock digests recent gains.
2. **Relative Weakness**: META underperformed the Nasdaq-100 by -2.14% during the period, suggesting it is losing momentum relative to its mega-cap tech peers, which could be an early sign of sector rotation or profit-taking.

[Prediction & Analysis]:
My prediction for the trading week of 2024-05-20 to 2024-05-24 is that META's stock price will increase by 1-2%. This forecast requires reconciling the conflicting signals between the bullish structure and the overbought daily RSI. The analysis proceeds as follows:

1. **Technical Reality**: The overbought daily RSI (74.6) is the primary technical headwind and typically precedes a pause or a minor pullback. However, the bullish MACD crossover and the stock's position just 3% above the SMA50 suggest the underlying uptrend remains intact. A 1-2% gain is a modest expectation that can be achieved through consolidation near current levels or a brief dip followed by a recovery, rather than a sharp, continuous rally.
2. **Relative Performance**: The recent underperformance versus the Nasdaq-100 (-2.14% Alpha) is a concern but can be interpreted in two ways. It may be a short-term corrective breather after strong performance, or it may indicate fading leadership. Given the absence of negative company-specific news, this is more likely driven by **flow**—specifically, a rotation within the tech sector where funds are temporarily taking profits in META to allocate to other names. If the broader market (NDX) remains stable or positive, META's solid trend and neutral weekly RSI position it to catch up and participate in any upward move.
3. **News Catalyst**: There is a notable absence of company-specific news. Therefore, the price movement must be analyzed through market mechanics. The slight price decrease (-0.18%) on normal volume amidst broader market movements points to **beta-driven momentum** and **technical structure** as the primary forces. The coming week's price action will likely be determined by similar macro flows and the stock's attempt to resolve its overbought condition.
4. **Weekend News & Pre-Market Context**: No new information is provided for the pre-market of 2024-05-20. The analysis therefore must stand on the existing technical and flow-based setup. The lack of a negative catalyst over the weekend removes a potential source of downward pressure, allowing the prevailing technical bias to play out.

**Conclusion**: The prediction for a 1-2% gain is predicated on the stock managing its overbought condition through sideways consolidation or a shallow dip that finds support, followed by a resumption of its broader bullish trend. The mixed signals suggest volatility within the week, but the net bias is slightly positive, aligning with the ongoing bullish momentum indicated by the MACD and the lack of a breakdown in trend structure.

[Primary Driver]:
Mixed",up by 1-2%,2024-05-20,2024-05-24,64,Mixed
"[Company Introduction]:\n\nMeta Platforms Inc is a leading entity in the Media sector. Incorporated and publicly traded since 2012-05-18, the company has established its reputation as one of the key players in the market. As of today, Meta Platforms Inc has a market capitalization of 1617119.55 in USD, with 2529.56 shares outstanding.\n\nMeta Platforms Inc operates primarily in the US, trading under the ticker META on the NASDAQ NMS - GLOBAL MARKET. As a dominant force in the Media space, the company continues to innovate and drive progress within the industry.\n\n[QUANT SIGNALS - STRUCTURAL]:\n- Price Move: META decreased by 2.05% (476.58 -> 466.83)\n- Alpha vs Nasdaq-100: -0.09% (Underperformed)\n- Market Context (VIX): N/A\n- Volume Status: High (Z-Score: 1.9)\n- Volatility (ATR): 9.85 (Normal)\n- Weekly RSI (Trend Strength): 50.9 (Neutral)\n\n[TECHNICALS - DAILY]:\n- Daily RSI: 43.4 (Neutral)\n- Trend: Bullish\n- MACD: Bullish Crossover\n- Mean Reversion: -3.2% from SMA50 (Normal)\n\n[NEWS]:\n\nNo relative news reported.\n[Basic Financials]:\n\nNo basic financial reported.\n\nBased on all the information before 2024-06-03, let's first analyze the positive developments and potential concerns for META. Come up with 2-4 most important factors respectively and keep them concise. Integrate both quantitative signals and news to explain the movement. Then let's assume your prediction for the coming trading week (2024-06-03 pre-market to 2024-06-07 close) is up by 4-5%. Pay special attention to [WEEKEND NEWS - PRE-MARKET], because this information is available before Monday open. Provide a summary analysis to support your prediction. Before writing the analysis, cross-reference the [QUANT SIGNALS] with the [NEWS]. If the prediction is up by 4-5% but the technicals show a conflict (e.g., predicting 'Up' when Trend is 'Strong Downtrend'), explain this divergence logically (e.g., as a 'trend reversal' or 'short squeeze') rather than ignoring the data. The prediction result need to be inferred from your analysis at the end, and thus not appearing as a foundational factor of your analysis.","[Positive Developments]:
1. Strong Institutional Flow Indication: The high volume (Z-Score 1.9) accompanying the price decline suggests significant institutional activity, which can often precede a reversal if the selling is being absorbed.
2. Bullish Technical Setup Intact: The daily MACD shows a bullish crossover, and the stock is in a ""Bullish"" trend overall. Being only -3.2% from its SMA50 presents a classic mean reversion opportunity within an uptrend.
3. Neutral Momentum Providing a Base: Both the Weekly RSI (50.9) and Daily RSI (43.4) are in neutral territory, indicating the stock is not overbought or severely oversold, leaving room for a move in either direction without immediate technical exhaustion.

[Potential Concerns]:
1. Relative Weakness and Price Drop: The stock underperformed the Nasdaq-100 (Alpha: -0.09%) on a down day with high volume, which could indicate it was a source of funds or faced stock-specific selling pressure absent any public news.
2. Absence of a Fundamental Catalyst: With no relative news or financial updates, the predicted rally lacks a clear narrative driver, making it reliant on broader market sentiment and technical flows.
3. High Volume on Decline: While it can indicate absorption, the high volume sell-off is initially a bearish signal that needs to be decisively reversed to confirm a bullish thesis.

[Prediction & Analysis]:
The prediction for a 4-5% rise in the coming week is based on a confluence of technical and flow factors, despite the lack of a news catalyst. The 2.05% drop on high volume, while concerning, occurred within the context of a still-bullish daily trend and a MACD bullish crossover. This creates a ""bear trap"" or reversal setup: the decline may have shaken out weak hands, with the high volume reflecting a transfer of shares to stronger buyers. The neutral RSI levels and the -3.2% distance from the SMA50 provide ample technical runway for a snap-back rally towards the moving average and beyond. The underperformance vs. the NDX is a minor concern but is common for a large-cap stock on a down day and does not negate the constructive technical picture. The primary driver for the anticipated move will be technical mean reversion, amplified by the institutional flows hinted at by the volume spike. The move is expected to be a flow-driven technical rebound within the prevailing bullish trend.

[Primary Driver]:
Mixed (Technical & Flow)",up by 4-5%,2024-06-03,2024-06-07,66,Mixed (Technical & Flow)
"[Company Introduction]:\n\nMeta Platforms Inc is a leading entity in the Media sector. Incorporated and publicly traded since 2012-05-18, the company has established its reputation as one of the key players in the market. As of today, Meta Platforms Inc has a market capitalization of 1617119.55 in USD, with 2529.56 shares outstanding.\n\nMeta Platforms Inc operates primarily in the US, trading under the ticker META on the NASDAQ NMS - GLOBAL MARKET. As a dominant force in the Media space, the company continues to innovate and drive progress within the industry.\n\n[QUANT SIGNALS - STRUCTURAL]:\n- Price Move: META increased by 8.24% (487.20 -> 527.34)\n- Alpha vs Nasdaq-100: +9.25% (Outperformed)\n- Market Context (VIX): N/A\n- Volume Status: Normal (Z-Score: 0.9)\n- Volatility (ATR): 13.09 (Normal)\n- Weekly RSI (Trend Strength): 77.3 (Overbought)\n\n[TECHNICALS - DAILY]:\n- Daily RSI: 73.3 (Overbought)\n- Trend: Strong Uptrend\n- MACD: Bullish Crossover\n- Mean Reversion: 10.5% from SMA50 (Normal)\n\n[NEWS]:\n\nNo relative news reported.\n\n[QUANT SIGNALS - STRUCTURAL]:\n- Price Move: META decreased by 3.28% (529.28 -> 511.90)\n- Alpha vs Nasdaq-100: -2.75% (Underperformed)\n- Market Context (VIX): N/A\n- Volume Status: Normal (Z-Score: -0.2)\n- Volatility (ATR): 13.93 (Normal)\n- Weekly RSI (Trend Strength): 80.6 (Overbought)\n\n[TECHNICALS - DAILY]:\n- Daily RSI: 51.2 (Neutral)\n- Trend: Strong Uptrend\n- MACD: Bearish Crossover\n- Mean Reversion: 4.5% from SMA50 (Normal)\n\n[NEWS]:\n\nNo relative news reported.\n\n[QUANT SIGNALS - STRUCTURAL]:\n- Price Move: META decreased by 6.90% (516.72 -> 481.07)\n- Alpha vs Nasdaq-100: -3.09% (Underperformed)\n- Market Context (VIX): N/A\n- Volume Status: HUGE (Z-Score: 2.4)\n- Volatility (ATR): 16.05 (High)\n- Weekly RSI (Trend Strength): 77.0 (Overbought)\n\n[TECHNICALS - DAILY]:\n- Daily RSI: 45.3 (Neutral)\n- Trend: Bullish\n- MACD: Bearish Crossover\n- Mean Reversion: -2.6% from SMA50 (Normal)\n\n[NEWS]:\n\nNo relative news reported.\n[Basic Financials]:\n\nNo basic financial reported.\n\nBased on all the information before 2024-04-22, let's first analyze the positive developments and potential concerns for META. Come up with 2-4 most important factors respectively and keep them concise. Integrate both quantitative signals and news to explain the movement. Then let's assume your prediction for the coming trading week (2024-04-22 pre-market to 2024-04-26 close) is down by more than 5%. Pay special attention to [WEEKEND NEWS - PRE-MARKET], because this information is available before Monday open. Provide a summary analysis to support your prediction. Before writing the analysis, cross-reference the [QUANT SIGNALS] with the [NEWS]. If the prediction is down by more than 5% but the technicals show a conflict (e.g., predicting 'Up' when Trend is 'Strong Downtrend'), explain this divergence logically (e.g., as a 'trend reversal' or 'short squeeze') rather than ignoring the data. The prediction result need to be inferred from your analysis at the end, and thus not appearing as a foundational factor of your analysis.","[Positive Developments]:
1. Strong Relative Outperformance: In the first period, META surged 8.24% with a +9.25% alpha versus the Nasdaq-100, demonstrating robust relative strength and bullish momentum, likely driven by sector rotation or technical breakout in the absence of news.
2. Bullish Trend Structure: Despite recent declines, the overall trend remains bullish (labeled as ""Bullish"" in the third period), and mean reversion to the 50-day SMA is within normal ranges (-2.6% in the third period), suggesting the broader uptrend may still be intact and providing potential support.

[Potential Concerns]:
1. Extended Overbought Conditions: Weekly RSI has persistently been in overbought territory (77.3, 80.6, and 77.0 across periods), indicating the stock is technically extended and vulnerable to a corrective pullback.
2. Deteriorating Momentum and Underperformance: In the last two periods, META underperformed the Nasdaq-100 (with -2.75% and -3.09% alpha) and exhibited bearish MACD crossovers, signaling weakening momentum and increasing selling pressure relative to the market.
3. High-Volume Sell-Off: The 6.90% price drop in the third period occurred on HUGE volume (Z-Score: 2.4) and elevated volatility (ATR: 16.05), suggesting intense institutional selling or panic-driven flows, which could foreshadow further downside.

[Prediction & Analysis]:
The quant signals reveal a stock caught in a technical correction after a prolonged overbought rally. Despite the absence of company-specific news, META's price action shows clear signs of fatigue: the weekly RSI has been overbought for weeks, and recent sessions have seen bearish MACD crossovers, underperformance versus the Nasdaq-100, and a high-volume decline. This sequence indicates that the initial outperformance in period 1 was likely driven by beta-driven momentum or flow-based buying, which has since reversed due to profit-taking and risk-off flows. The huge volume spike during the 6.90% drop suggests capitulation or institutional redistribution, often a precursor to continued weakness. Although the overall trend is still labeled as bullish, the technical reality of overbought conditions and bearish momentum indicators supports a near-term downside scenario. For the coming week (2024-04-22 to 2024-04-26), with no positive catalysts indicated and the potential for continued selling pressure, a decline of more than 5% is anticipated as the stock undergoes a corrective phase to alleviate overbought conditions. The divergence between the bullish trend and the prediction is logical as a short-term trend reversal within a longer-term uptrend, driven by technical mean reversion and flow dynamics.

[Primary Driver]:
Mixed",down by more than 5%,2024-04-22,2024-04-26,60,Mixed
"[Company Introduction]:\n\nMeta Platforms Inc is a leading entity in the Media sector. Incorporated and publicly traded since 2012-05-18, the company has established its reputation as one of the key players in the market. As of today, Meta Platforms Inc has a market capitalization of 1617119.55 in USD, with 2529.56 shares outstanding.\n\nMeta Platforms Inc operates primarily in the US, trading under the ticker META on the NASDAQ NMS - GLOBAL MARKET. As a dominant force in the Media space, the company continues to innovate and drive progress within the industry.\n\n[QUANT SIGNALS - STRUCTURAL]:\n- Price Move: META decreased by 9.48% (489.72 -> 443.29)\n- Alpha vs Nasdaq-100: -12.39% (Underperformed)\n- Market Context (VIX): N/A\n- Volume Status: Normal (Z-Score: 0.8)\n- Volatility (ATR): 21.49 (High)\n- Weekly RSI (Trend Strength): 67.5 (Neutral)\n\n[TECHNICALS - DAILY]:\n- Daily RSI: 22.4 (Oversold)\n- Trend: Bullish\n- MACD: Bearish Crossover\n- Mean Reversion: -10.3% from SMA50 (Normal)\n\n[NEWS]:\n\nNo relative news reported.\n\n[QUANT SIGNALS - STRUCTURAL]:\n- Price Move: META increased by 2.82% (439.56 -> 451.96)\n- Alpha vs Nasdaq-100: +2.19% (Outperformed)\n- Market Context (VIX): N/A\n- Volume Status: Normal (Z-Score: -0.2)\n- Volatility (ATR): 21.07 (High)\n- Weekly RSI (Trend Strength): 59.0 (Neutral)\n\n[TECHNICALS - DAILY]:\n- Daily RSI: 32.9 (Neutral)\n- Trend: Bullish\n- MACD: Bearish Crossover\n- Mean Reversion: -7.9% from SMA50 (Normal)\n\n[NEWS]:\n\nNo relative news reported.\n\n[QUANT SIGNALS - STRUCTURAL]:\n- Price Move: META increased by 4.53% (455.58 -> 476.20)\n- Alpha vs Nasdaq-100: +4.11% (Outperformed)\n- Market Context (VIX): N/A\n- Volume Status: Normal (Z-Score: -0.6)\n- Volatility (ATR): 18.64 (High)\n- Weekly RSI (Trend Strength): 58.7 (Neutral)\n\n[TECHNICALS - DAILY]:\n- Daily RSI: 47.9 (Neutral)\n- Trend: Bullish\n- MACD: Bullish Crossover\n- Mean Reversion: -2.7% from SMA50 (Normal)\n\n[NEWS]:\n\nNo relative news reported.\n[Basic Financials]:\n\nNo basic financial reported.\n\nBased on all the information before 2024-05-13, let's first analyze the positive developments and potential concerns for META. Come up with 2-4 most important factors respectively and keep them concise. Integrate both quantitative signals and news to explain the movement. Then let's assume your prediction for the coming trading week (2024-05-13 pre-market to 2024-05-17 close) is down by 0-1%. Pay special attention to [WEEKEND NEWS - PRE-MARKET], because this information is available before Monday open. Provide a summary analysis to support your prediction. Before writing the analysis, cross-reference the [QUANT SIGNALS] with the [NEWS]. If the prediction is down by 0-1% but the technicals show a conflict (e.g., predicting 'Up' when Trend is 'Strong Downtrend'), explain this divergence logically (e.g., as a 'trend reversal' or 'short squeeze') rather than ignoring the data. The prediction result need to be inferred from your analysis at the end, and thus not appearing as a foundational factor of your analysis.","[Positive Developments]:
1. **Relative Outperformance and Price Recovery**: META has posted consecutive weekly gains of 2.82% and 4.53%, both outperforming the Nasdaq-100 with positive alpha (+2.19% and +4.11%), indicating resilience after an earlier 9.48% drop.
2. **Technical Rebound from Oversold Conditions**: Daily RSI improved sharply from oversold (22.4) to neutral (47.9), accompanied by a bullish MACD crossover and reduced deviation from the SMA50 (-10.3% to -2.7%), supporting a short-term recovery.

[Potential Concerns]:
1. **Prior Sharp Underperformance**: The initial 9.48% decline with -12.39% alpha vs. Nasdaq-100 highlights underlying sensitivity, possibly due to sector rotation or broad market pressures, despite no specific negative news.
2. **High Volatility and Lack of Catalysts**: Elevated ATR (18.64–21.49) signals ongoing price instability, and the absence of company-specific news suggests moves are driven by market mechanics rather than fundamental strength, raising sustainability concerns.

[Prediction & Analysis]:
META's recent rally is primarily a technical rebound from oversold levels, fueled by market flows (e.g., beta-driven momentum and mean reversion) in the absence of news catalysts. While daily indicators like bullish MACD and neutral RSI (47.9) suggest upward potential, the stock has quickly recovered from oversold without fundamental support, and high volatility indicates susceptibility to swings. The weekly RSI (58.7) remains neutral, reflecting muted longer-term momentum. For the coming week, a slight decline of 0-1% is anticipated as the stock consolidates after rapid gains, with profit-taking likely due to overextension and the lack of positive catalysts. This divergence from bullish technicals is logical as short-term overbought conditions invite minor pullbacks in a volatile, news-void environment.

[Primary Driver]:
Technical",down by 0-1%,2024-05-13,2024-05-17,63,Technical
"[Company Introduction]:\n\nMeta Platforms Inc is a leading entity in the Media sector. Incorporated and publicly traded since 2012-05-18, the company has established its reputation as one of the key players in the market. As of today, Meta Platforms Inc has a market capitalization of 1617119.55 in USD, with 2529.56 shares outstanding.\n\nMeta Platforms Inc operates primarily in the US, trading under the ticker META on the NASDAQ NMS - GLOBAL MARKET. As a dominant force in the Media space, the company continues to innovate and drive progress within the industry.\n\n[QUANT SIGNALS - STRUCTURAL]:\n- Price Move: META increased by 2.09% (493.86 -> 504.16)\n- Alpha vs Nasdaq-100: -1.00% (Underperformed)\n- Market Context (VIX): N/A\n- Volume Status: Normal (Z-Score: -0.4)\n- Volatility (ATR): 9.88 (Normal)\n- Weekly RSI (Trend Strength): 48.3 (Neutral)\n\n[TECHNICALS - DAILY]:\n- Daily RSI: 69.4 (Neutral)\n- Trend: Strong Uptrend\n- MACD: Bullish Crossover\n- Mean Reversion: 4.7% from SMA50 (Normal)\n\n[NEWS]:\n\nNo relative news reported.\n[Basic Financials]:\n\nNo basic financial reported.\n\nBased on all the information before 2024-06-17, let's first analyze the positive developments and potential concerns for META. Come up with 2-4 most important factors respectively and keep them concise. Integrate both quantitative signals and news to explain the movement. Then let's assume your prediction for the coming trading week (2024-06-17 pre-market to 2024-06-21 close) is down by 1-2%. Pay special attention to [WEEKEND NEWS - PRE-MARKET], because this information is available before Monday open. Provide a summary analysis to support your prediction. Before writing the analysis, cross-reference the [QUANT SIGNALS] with the [NEWS]. If the prediction is down by 1-2% but the technicals show a conflict (e.g., predicting 'Up' when Trend is 'Strong Downtrend'), explain this divergence logically (e.g., as a 'trend reversal' or 'short squeeze') rather than ignoring the data. The prediction result need to be inferred from your analysis at the end, and thus not appearing as a foundational factor of your analysis.","[Positive Developments]:
1. Strong technical uptrend with bullish MACD crossover, indicating sustained positive momentum on the daily chart.
2. Price remains in a normal range relative to its 50-day moving average (4.7% above), suggesting the uptrend is not yet overextended and has room to run.

[Potential Concerns]:
1. Underperformance vs. the Nasdaq-100 (-1.00% Alpha) despite a positive price move, indicating relative weakness and a lack of conviction from institutional money.
2. Lack of fundamental news or catalysts to justify the move, raising questions about its sustainability. The price increase appears driven by market mechanics rather than a strong narrative.
3. Neutral Weekly RSI (48.3) and Daily RSI (69.4) suggest the trend lacks strong momentum and may be susceptible to a reversal or consolidation.

[Prediction & Analysis]:
My analysis predicts META's stock price will be down 1-2% for the trading week of 2024-06-17 to 2024-06-21. This prediction is made in the context of a conflicting technical picture. While the daily chart shows a strong uptrend and bullish MACD, the weekly RSI is neutral and, more importantly, the stock exhibited negative alpha on its most recent up day. This divergence—rising price paired with underperformance against its benchmark—is a classic sign of hidden weakness and distribution. The complete absence of company-specific news to drive the move further undermines its credibility, framing last week's gain as a beta-driven lift or technical bounce within a larger range. Given the normal volume and volatility, there is no evidence of a powerful new inflow of capital. The most likely scenario is a reversion to the mean or a consolidation phase as the market digests the recent move without fresh catalysts. The neutral RSI levels provide the room for this mild pullback.

[Primary Driver]:
Mixed (Technical momentum meeting flow-based resistance)",down by 1-2%,2024-06-17,2024-06-21,68,Mixed (Technical momentum meeting flow-based resistance)
"[Company Introduction]:\n\nMeta Platforms Inc is a leading entity in the Media sector. Incorporated and publicly traded since 2012-05-18, the company has established its reputation as one of the key players in the market. As of today, Meta Platforms Inc has a market capitalization of 1617119.55 in USD, with 2529.56 shares outstanding.\n\nMeta Platforms Inc operates primarily in the US, trading under the ticker META on the NASDAQ NMS - GLOBAL MARKET. As a dominant force in the Media space, the company continues to innovate and drive progress within the industry.\n\n[QUANT SIGNALS - STRUCTURAL]:\n- Price Move: META decreased by 8.02% (542.35 -> 498.87)\n- Alpha vs Nasdaq-100: -7.51% (Underperformed)\n- Market Context (VIX): N/A\n- Volume Status: High (Z-Score: 1.6)\n- Volatility (ATR): 14.84 (Normal)\n- Weekly RSI (Trend Strength): 60.0 (Neutral)\n\n[TECHNICALS - DAILY]:\n- Daily RSI: 51.6 (Neutral)\n- Trend: Strong Uptrend\n- MACD: Bearish Crossover\n- Mean Reversion: 1.9% from SMA50 (Normal)\n\n[NEWS]:\n\nNo relative news reported.\n[Basic Financials]:\n\nNo basic financial reported.\n\nBased on all the information before 2024-07-15, let's first analyze the positive developments and potential concerns for META. Come up with 2-4 most important factors respectively and keep them concise. Integrate both quantitative signals and news to explain the movement. Then let's assume your prediction for the coming trading week (2024-07-15 pre-market to 2024-07-19 close) is down by 4-5%. Pay special attention to [WEEKEND NEWS - PRE-MARKET], because this information is available before Monday open. Provide a summary analysis to support your prediction. Before writing the analysis, cross-reference the [QUANT SIGNALS] with the [NEWS]. If the prediction is down by 4-5% but the technicals show a conflict (e.g., predicting 'Up' when Trend is 'Strong Downtrend'), explain this divergence logically (e.g., as a 'trend reversal' or 'short squeeze') rather than ignoring the data. The prediction result need to be inferred from your analysis at the end, and thus not appearing as a foundational factor of your analysis.","[Positive Developments]:
1. Structural Uptrend Intact: Despite the recent drop, the stock remains in a ""Strong Uptrend"" on the daily timeframe and is only 1.9% above its SMA50, indicating the primary bullish structure is not broken.
2. Neutral Daily RSI: The Daily RSI of 51.6 is in neutral territory, suggesting the stock is not oversold and has room to stabilize without an immediate technical bounce.

[Potential Concerns]:
1. High-Volume Breakdown & Significant Underperformance: The stock fell 8.02% on high volume (Z-Score: 1.6) and severely underperformed the Nasdaq-100 by -7.51%. This combination strongly suggests aggressive institutional selling or sector rotation, not just routine profit-taking.
2. Bearish Momentum Shift: The daily MACD has triggered a bearish crossover, indicating near-term momentum has turned negative despite the longer-term uptrend.
3. No Fundamental Catalyst for Support: The absence of company-specific news to explain the sharp decline leaves the stock vulnerable to continued selling pressure based on market flows and technical deterioration.

[Prediction & Analysis]:
The prediction for a further 4-5% decline in the coming week is based on a confluence of flow-driven and technical factors. The core of the analysis is the high-volume, alpha-negative breakdown that occurred without a fundamental news catalyst. This pattern is characteristic of institutional repositioning or a sector-level repricing, which often unfolds over several sessions as orders are worked through.

Technically, the ""Strong Uptrend"" label conflicts with the predicted move, but this divergence is logical. The sharp sell-off and bearish MACD crossover represent a significant momentum failure within that uptrend. The neutral RSI provides no immediate support, and the high volume confirms the move's significance. The stock is likely testing the lower bounds of its uptrend channel or the SMA50 support. Given the magnitude of the underperformance and lack of a positive narrative to halt the selling, a breach of these levels and a continuation down towards the $475-$480 range (a 4-5% decline from $498.87) is probable as the market digests the recent flow activity.

[Primary Driver]:
Flow",down by 4-5%,2024-07-15,2024-07-19,72,Flow
"[Company Introduction]:\n\nMeta Platforms Inc is a leading entity in the Media sector. Incorporated and publicly traded since 2012-05-18, the company has established its reputation as one of the key players in the market. As of today, Meta Platforms Inc has a market capitalization of 1617119.55 in USD, with 2529.56 shares outstanding.\n\nMeta Platforms Inc operates primarily in the US, trading under the ticker META on the NASDAQ NMS - GLOBAL MARKET. As a dominant force in the Media space, the company continues to innovate and drive progress within the industry.\n\n[QUANT SIGNALS - STRUCTURAL]:\n- Price Move: META decreased by 2.05% (476.58 -> 466.83)\n- Alpha vs Nasdaq-100: -0.09% (Underperformed)\n- Market Context (VIX): N/A\n- Volume Status: High (Z-Score: 1.9)\n- Volatility (ATR): 9.85 (Normal)\n- Weekly RSI (Trend Strength): 50.9 (Neutral)\n\n[TECHNICALS - DAILY]:\n- Daily RSI: 43.4 (Neutral)\n- Trend: Bullish\n- MACD: Bullish Crossover\n- Mean Reversion: -3.2% from SMA50 (Normal)\n\n[NEWS]:\n\nNo relative news reported.\n\n[QUANT SIGNALS - STRUCTURAL]:\n- Price Move: META increased by 4.69% (470.86 -> 492.96)\n- Alpha vs Nasdaq-100: +2.52% (Outperformed)\n- Market Context (VIX): N/A\n- Volume Status: Normal (Z-Score: -0.9)\n- Volatility (ATR): 10.42 (Normal)\n- Weekly RSI (Trend Strength): 46.9 (Neutral)\n\n[TECHNICALS - DAILY]:\n- Daily RSI: 64.8 (Neutral)\n- Trend: Strong Uptrend\n- MACD: Bullish Crossover\n- Mean Reversion: 2.6% from SMA50 (Normal)\n\n[NEWS]:\n\nNo relative news reported.\n[Basic Financials]:\n\nNo basic financial reported.\n\nBased on all the information before 2024-06-10, let's first analyze the positive developments and potential concerns for META. Come up with 2-4 most important factors respectively and keep them concise. Integrate both quantitative signals and news to explain the movement. Then let's assume your prediction for the coming trading week (2024-06-10 pre-market to 2024-06-14 close) is up by 2-3%. Pay special attention to [WEEKEND NEWS - PRE-MARKET], because this information is available before Monday open. Provide a summary analysis to support your prediction. Before writing the analysis, cross-reference the [QUANT SIGNALS] with the [NEWS]. If the prediction is up by 2-3% but the technicals show a conflict (e.g., predicting 'Up' when Trend is 'Strong Downtrend'), explain this divergence logically (e.g., as a 'trend reversal' or 'short squeeze') rather than ignoring the data. The prediction result need to be inferred from your analysis at the end, and thus not appearing as a foundational factor of your analysis.","[Positive Developments]:
1. **Technical Momentum Strengthening:** The daily chart shows a strong uptrend with a MACD bullish crossover, and the price has moved from 3.2% below to 2.6% above the SMA50, indicating a healthy recovery and alignment with the moving average, supporting further upside.
2. **Relative Outperformance:** During the 4.69% price increase, META outperformed the Nasdaq-100 by 2.52%, suggesting renewed institutional or market confidence relative to peers, which can attract additional buying.
3. **Stable Volatility and Neutral RSI:** Weekly RSI remains neutral (46.9 to 50.9), and ATR is normal, indicating no extreme overextension and room for controlled price movement without sharp reversals.

[Potential Concerns]:
1. **High Volume on Decline:** The initial 2.05% price decrease occurred with high volume (Z-Score 1.9), which may signal distribution or selling pressure, potentially lingering as resistance if the price retraces.
2. **Approaching Overbought Conditions:** Daily RSI increased to 64.8 during the rally, nearing overbought levels (70+), which could limit short-term gains and invite profit-taking if momentum wanes.
3. **Intermittent Underperformance:** META underperformed the Nasdaq-100 by 0.09% during the decline, highlighting sensitivity to broader market flows and potential vulnerability if market sentiment shifts.

[Prediction & Analysis]:
For the trading week of June 10-14, 2024, META is predicted to rise by 2-3%. This forecast is based on technical continuity rather than fundamental catalysts, as no company-specific news was reported. The strong uptrend and MACD bullish crossover from the prior period provide a foundation for upward momentum, while the mean reversion to above SMA50 suggests institutional support. However, the daily RSI at 64.8 requires monitoring for overbought signals; a 2-3% move is reasonable without breaching extreme levels. The absence of news implies the move will be driven by market mechanics, specifically technical follow-through and sector-level flows, as indicated by the prior alpha outperformance. The initial high-volume decline may have been a flush-out event, setting the stage for this recovery. Cross-referencing quant signals, the neutral weekly RSI and normal ATR support a steady advance, with the primary risk being profit-taking near RSI 70. Overall, the technical setup favors a moderate rally, assuming no negative macro surprises.

[Primary Driver]:
Technical",up by 2-3%,2024-06-10,2024-06-14,67,Technical
"[Company Introduction]:\n\nMeta Platforms Inc is a leading entity in the Media sector. Incorporated and publicly traded since 2012-05-18, the company has established its reputation as one of the key players in the market. As of today, Meta Platforms Inc has a market capitalization of 1617119.55 in USD, with 2529.56 shares outstanding.\n\nMeta Platforms Inc operates primarily in the US, trading under the ticker META on the NASDAQ NMS - GLOBAL MARKET. As a dominant force in the Media space, the company continues to innovate and drive progress within the industry.\n\n[QUANT SIGNALS - STRUCTURAL]:\n- Price Move: META increased by 4.69% (470.86 -> 492.96)\n- Alpha vs Nasdaq-100: +2.52% (Outperformed)\n- Market Context (VIX): N/A\n- Volume Status: Normal (Z-Score: -0.9)\n- Volatility (ATR): 10.42 (Normal)\n- Weekly RSI (Trend Strength): 46.9 (Neutral)\n\n[TECHNICALS - DAILY]:\n- Daily RSI: 64.8 (Neutral)\n- Trend: Strong Uptrend\n- MACD: Bullish Crossover\n- Mean Reversion: 2.6% from SMA50 (Normal)\n\n[NEWS]:\n\nNo relative news reported.\n\n[QUANT SIGNALS - STRUCTURAL]:\n- Price Move: META increased by 2.09% (493.86 -> 504.16)\n- Alpha vs Nasdaq-100: -1.00% (Underperformed)\n- Market Context (VIX): N/A\n- Volume Status: Normal (Z-Score: -0.4)\n- Volatility (ATR): 9.88 (Normal)\n- Weekly RSI (Trend Strength): 48.3 (Neutral)\n\n[TECHNICALS - DAILY]:\n- Daily RSI: 69.4 (Neutral)\n- Trend: Strong Uptrend\n- MACD: Bullish Crossover\n- Mean Reversion: 4.7% from SMA50 (Normal)\n\n[NEWS]:\n\nNo relative news reported.\n\n[QUANT SIGNALS - STRUCTURAL]:\n- Price Move: META decreased by 1.37% (501.67 -> 494.78)\n- Alpha vs Nasdaq-100: -0.37% (Underperformed)\n- Market Context (VIX): N/A\n- Volume Status: HUGE (Z-Score: 3.2)\n- Volatility (ATR): 10.43 (Normal)\n- Weekly RSI (Trend Strength): 49.7 (Neutral)\n\n[TECHNICALS - DAILY]:\n- Daily RSI: 69.8 (Neutral)\n- Trend: Strong Uptrend\n- MACD: Bullish Crossover\n- Mean Reversion: 3.1% from SMA50 (Normal)\n\n[NEWS]:\n\nNo relative news reported.\n[Basic Financials]:\n\nNo basic financial reported.\n\nBased on all the information before 2024-06-24, let's first analyze the positive developments and potential concerns for META. Come up with 2-4 most important factors respectively and keep them concise. Integrate both quantitative signals and news to explain the movement. Then let's assume your prediction for the coming trading week (2024-06-24 pre-market to 2024-06-28 close) is up by 1-2%. Pay special attention to [WEEKEND NEWS - PRE-MARKET], because this information is available before Monday open. Provide a summary analysis to support your prediction. Before writing the analysis, cross-reference the [QUANT SIGNALS] with the [NEWS]. If the prediction is up by 1-2% but the technicals show a conflict (e.g., predicting 'Up' when Trend is 'Strong Downtrend'), explain this divergence logically (e.g., as a 'trend reversal' or 'short squeeze') rather than ignoring the data. The prediction result need to be inferred from your analysis at the end, and thus not appearing as a foundational factor of your analysis.","[Positive Developments]:
1. Sustained strong uptrend with bullish MACD crossover, indicating continued positive momentum and alignment with broader market upward movements.
2. Initial outperformance against the Nasdaq-100 (+2.52% alpha), demonstrating relative strength and investor confidence in the absence of news.
3. High volume spike (Z-Score 3.2) in the recent period, suggesting increased institutional interest or liquidity influx, which can provide support for price stability or recovery.

[Potential Concerns]:
1. Recent underperformance versus the Nasdaq-100 (-1.00% and -0.37% alpha), signaling potential weakening of relative strength or sector rotation pressures.
2. Daily RSI approaching overbought levels (69.8), which may introduce short-term resistance or increase vulnerability to a pullback if bullish momentum falters.
3. Price decline of 1.37% on huge volume, indicating possible distribution or selling pressure that could challenge the uptrend if sustained.

[Prediction & Analysis]:
For the upcoming trading week (2024-06-24 to 2024-06-28), META is predicted to increase by 1-2%. This forecast is based on a technical and flow-driven analysis, as no company-specific news was reported. The stock remains in a strong uptrend with a bullish MACD crossover, providing a foundation for further gains. The recent price decrease on huge volume is interpreted as a consolidation within the uptrend—likely driven by profit-taking or institutional rebalancing—rather than a reversal, given the lack of negative catalysts. While daily RSI is near overbought, limiting upside potential, weekly RSI is neutral (49.7), and the mean reversion from SMA50 is normal (3.1%), indicating room for moderate appreciation. The volume spike suggests active market participation, possibly from sector rotation or beta-driven flows, which could support a rebound. Although underperformance in recent periods raises concerns, the overall technical structure and absence of bearish news favor a modest upward move. Thus, a 1-2% rise aligns with continued momentum, tempered by overbought conditions.

[Primary Driver]:
Mixed (combination of technical indicators like trend and MACD, along with flow dynamics indicated by volume spikes, in the absence of narrative catalysts).",up by 1-2%,2024-06-24,2024-06-28,69,"Mixed (combination of technical indicators like trend and MACD, along with flow dynamics indicated by volume spikes, in the absence of narrative catalysts)."
"[Company Introduction]:\n\nMeta Platforms Inc is a leading entity in the Media sector. Incorporated and publicly traded since 2012-05-18, the company has established its reputation as one of the key players in the market. As of today, Meta Platforms Inc has a market capitalization of 1617119.55 in USD, with 2529.56 shares outstanding.\n\nMeta Platforms Inc operates primarily in the US, trading under the ticker META on the NASDAQ NMS - GLOBAL MARKET. As a dominant force in the Media space, the company continues to innovate and drive progress within the industry.\n\n[QUANT SIGNALS - STRUCTURAL]:\n- Price Move: META increased by 1.01% (499.20 -> 504.22)\n- Alpha vs Nasdaq-100: -0.08% (Underperformed)\n- Market Context (VIX): N/A\n- Volume Status: High (Z-Score: 1.1)\n- Volatility (ATR): 10.92 (Normal)\n- Weekly RSI (Trend Strength): 51.9 (Neutral)\n\n[TECHNICALS - DAILY]:\n- Daily RSI: 57.1 (Neutral)\n- Trend: Strong Uptrend\n- MACD: Bullish Crossover\n- Mean Reversion: 5.0% from SMA50 (Normal)\n\n[NEWS]:\n\nNo relative news reported.\nSome recent basic financials of META, reported at 2024-06-30, are presented below:\n\n[Basic Financials]:\n\nassetTurnoverTTM: 0.6665\nbookValue: 156763\ncashRatio: 1.18667604799289\ncurrentRatio: 2.8304\nebitPerShare: 5.6885\neps: 5.159\nev: 1266482.1\nevEbitdaTTM: 17.6106\nevRevenueTTM: 8.4554\nfcfMargin: 0.2866\nfcfPerShareTTM: 19.5977\ngrossMargin: 0.813\nlongtermDebtTotalAsset: 0.0799\nlongtermDebtTotalCapital: 0.105\nlongtermDebtTotalEquity: 0.1173\nnetDebtToTotalCapital: -0.078\nnetDebtToTotalEquity: -0.0871\nnetMargin: 0.3446\noperatingMargin: 0.38\npb: 8.1661\npeTTM: 24.8889\npfcfTTM: 25.7879\npretaxMargin: 0.3866\npsTTM: 8.5466\nptbv: 8.2177\nquickRatio: 2.6916\nreceivablesTurnoverTTM: 11.0885\nroaTTM: 0.2289\nroeTTM: 0.3416\nroicTTM: 0.3038\nrotcTTM: 0.3473\nsalesPerShare: 14.9697\nsgaToSale: 0.187\ntangibleBookValue: 155779\ntotalDebtToEquity: 0.1173\ntotalDebtToTotalAsset: 0.0799\ntotalDebtToTotalCapital: 0.105\ntotalRatio: 3.1336\n\nBased on all the information before 2024-07-01, let's first analyze the positive developments and potential concerns for META. Come up with 2-4 most important factors respectively and keep them concise. Integrate both quantitative signals and news to explain the movement. Then let's assume your prediction for the coming trading week (2024-07-01 pre-market to 2024-07-05 close) is up by more than 5%. Pay special attention to [WEEKEND NEWS - PRE-MARKET], because this information is available before Monday open. Provide a summary analysis to support your prediction. Before writing the analysis, cross-reference the [QUANT SIGNALS] with the [NEWS]. If the prediction is up by more than 5% but the technicals show a conflict (e.g., predicting 'Up' when Trend is 'Strong Downtrend'), explain this divergence logically (e.g., as a 'trend reversal' or 'short squeeze') rather than ignoring the data. The prediction result need to be inferred from your analysis at the end, and thus not appearing as a foundational factor of your analysis.","[Positive Developments]:
1. Strong Technical Momentum: The daily chart shows a Strong Uptrend with a Bullish MACD Crossover, indicating continued upward momentum and potential for further gains without being overextended (Daily RSI: 57.1, neutral).
2. Robust Financial Health: Key metrics like ROE TTM (34.16%), net margin (34.46%), and free cash flow per share TTM ($19.60) demonstrate high profitability and cash generation, supporting fundamental strength.
3. Healthy Liquidity and Low Leverage: The current ratio of 2.83 and total debt to equity of 0.1173 reflect strong liquidity and minimal debt, reducing financial risk.

[Potential Concerns]:
1. Relative Underperformance: Alpha vs Nasdaq-100 is -0.08%, indicating underperformance compared to the tech index, which may signal hidden weaknesses or lack of investor enthusiasm relative to peers.
2. Elevated Valuations: P/E TTM of 24.89 and PS TTM of 8.55 suggest premium pricing, which could limit upside if growth expectations are not met or if market sentiment sours.
3. Absence of Recent Catalysts: No specific company news reported, which might result in muted price action unless driven by broader market factors or technical breaks.

[Prediction & Analysis]:
Assuming a prediction of up by more than 5% for the trading week from 2024-07-01 pre-market to 2024-07-05 close, the analysis supports this based on the following integrated factors:
- Technical Reality: The stock is in a Strong Uptrend with a Bullish MACD Crossover, and the weekly RSI (51.9) and daily RSI (57.1) are neutral, not overbought, allowing room for a significant upward move without immediate mean reversion pressure. The mean reversion from SMA50 is normal at 5.0%, indicating stability within the trend.
- Relative Performance: Despite underperforming the Nasdaq-100 by -0.08%, this could represent a catch-up opportunity if technical momentum accelerates or if sector-wide flows improve, especially given the high volume Z-score of 1.1 suggesting institutional interest.
- News Catalyst: With no relative news reported, the previous price increase of 1.01% is attributed to market mechanics—specifically, sector-level repricing and institutional flows indicated by the high volume Z-score. For the predicted >5% up move, this could be driven by a technical breakout above key resistance levels, compounded by beta-driven momentum if the broader market rallies.
- Conflict Explanation: There is no technical conflict; the Strong Uptrend and bullish indicators align with a potential up move. The underperformance vs the index is a concern but may be offset by strong technicals and flows.
- Summary: The combination of a solid technical setup, high volume suggesting sustained buying interest, and strong financial fundamentals provides a foundation for a sharp upward move. In the absence of negative catalysts, continued institutional inflows or a technical breakout could propel the stock higher by more than 5% in the coming week.

[Primary Driver]:
Mixed",up by more than 5%,2024-07-01,2024-07-05,70,Mixed
"[Company Introduction]:\n\nMeta Platforms Inc is a leading entity in the Media sector. Incorporated and publicly traded since 2012-05-18, the company has established its reputation as one of the key players in the market. As of today, Meta Platforms Inc has a market capitalization of 1617119.55 in USD, with 2529.56 shares outstanding.\n\nMeta Platforms Inc operates primarily in the US, trading under the ticker META on the NASDAQ NMS - GLOBAL MARKET. As a dominant force in the Media space, the company continues to innovate and drive progress within the industry.\n\n[QUANT SIGNALS - STRUCTURAL]:\n- Price Move: META increased by 6.92% (504.95 -> 539.91)\n- Alpha vs Nasdaq-100: +3.97% (Outperformed)\n- Market Context (VIX): N/A\n- Volume Status: HUGE (Z-Score: 2.4)\n- Volatility (ATR): 12.64 (Normal)\n- Weekly RSI (Trend Strength): 49.0 (Neutral)\n\n[TECHNICALS - DAILY]:\n- Daily RSI: 68.9 (Neutral)\n- Trend: Strong Uptrend\n- MACD: Bullish Crossover\n- Mean Reversion: 12.0% from SMA50 (Normal)\n\n[NEWS]:\n\nNo relative news reported.\nSome recent basic financials of META, reported at 2024-06-30, are presented below:\n\n[Basic Financials]:\n\nassetTurnoverTTM: 0.6665\nbookValue: 156763\ncashRatio: 1.18667604799289\ncurrentRatio: 2.8304\nebitPerShare: 5.6885\neps: 5.159\nev: 1266482.1\nevEbitdaTTM: 17.6106\nevRevenueTTM: 8.4554\nfcfMargin: 0.2866\nfcfPerShareTTM: 19.5977\ngrossMargin: 0.813\nlongtermDebtTotalAsset: 0.0799\nlongtermDebtTotalCapital: 0.105\nlongtermDebtTotalEquity: 0.1173\nnetDebtToTotalCapital: -0.078\nnetDebtToTotalEquity: -0.0871\nnetMargin: 0.3446\noperatingMargin: 0.38\npb: 8.1661\npeTTM: 24.8889\npfcfTTM: 25.7879\npretaxMargin: 0.3866\npsTTM: 8.5466\nptbv: 8.2177\nquickRatio: 2.6916\nreceivablesTurnoverTTM: 11.0885\nroaTTM: 0.2289\nroeTTM: 0.3416\nroicTTM: 0.3038\nrotcTTM: 0.3473\nsalesPerShare: 14.9697\nsgaToSale: 0.187\ntangibleBookValue: 155779\ntotalDebtToEquity: 0.1173\ntotalDebtToTotalAsset: 0.0799\ntotalDebtToTotalCapital: 0.105\ntotalRatio: 3.1336\n\nBased on all the information before 2024-07-08, let's first analyze the positive developments and potential concerns for META. Come up with 2-4 most important factors respectively and keep them concise. Integrate both quantitative signals and news to explain the movement. Then let's assume your prediction for the coming trading week (2024-07-08 pre-market to 2024-07-12 close) is down by more than 5%. Pay special attention to [WEEKEND NEWS - PRE-MARKET], because this information is available before Monday open. Provide a summary analysis to support your prediction. Before writing the analysis, cross-reference the [QUANT SIGNALS] with the [NEWS]. If the prediction is down by more than 5% but the technicals show a conflict (e.g., predicting 'Up' when Trend is 'Strong Downtrend'), explain this divergence logically (e.g., as a 'trend reversal' or 'short squeeze') rather than ignoring the data. The prediction result need to be inferred from your analysis at the end, and thus not appearing as a foundational factor of your analysis.","[Positive Developments]:
1. Strong financial health with high profitability margins (net margin of 34.46%, ROE of 34.16%) and robust free cash flow generation (FCF per share of $19.60), supported by low debt levels.
2. Recent outperformance with a 6.92% price increase and positive alpha of +3.97% vs. the Nasdaq-100, indicating relative strength in the market.
3. Bullish technical indicators, including a strong uptrend, bullish MACD crossover, and neutral weekly RSI (49.0) with room for potential upside.

[Potential Concerns]:
1. No recent company-specific news to justify the significant price surge, suggesting the move may be driven by market mechanics rather than fundamental catalysts, raising sustainability concerns.
2. Daily RSI at 68.9 approaches overbought territory, increasing the risk of a technical pullback, especially given the 12% premium above the SMA50, which, while normal, indicates extended price levels.
3. High volume surge (Z-Score: 2.4) without clear news could signal an exhaustion move or institutional profit-taking, as volume often precedes reversals in overextended stocks.

[Prediction & Analysis]:
Based on the analysis, META is predicted to decline by more than 5% during the trading week from July 8 to July 12, 2024. This forecast conflicts with the bullish technical signals, such as the strong uptrend and MACD crossover, but is logically explained by a potential trend reversal driven by overbought conditions and flow dynamics. The recent 6.92% price increase occurred on huge volume without any news, indicating it was likely fueled by market flows (e.g., sector rotation or beta-driven momentum) rather than fundamental strength. The daily RSI at 68.9 is near overbought levels, and the stock's outperformance may have attracted profit-taking, especially in the absence of new catalysts. Additionally, the high volume surge often precedes exhaustion, suggesting a climax run that could lead to a sharp pullback. While the financials remain solid, the technical overextension and lack of narrative support create a scenario where mean reversion or institutional selling could drive a downward correction. Thus, despite the bullish backdrop, the stock is poised for a decline exceeding 5% as it consolidates from overbought levels.

[Primary Driver]:
Mixed (combination of technical overextension and flow-driven exhaustion, with no narrative catalyst)",down by more than 5%,2024-07-08,2024-07-12,71,"Mixed (combination of technical overextension and flow-driven exhaustion, with no narrative catalyst)"
"[Company Introduction]:\n\nMeta Platforms Inc is a leading entity in the Media sector. Incorporated and publicly traded since 2012-05-18, the company has established its reputation as one of the key players in the market. As of today, Meta Platforms Inc has a market capitalization of 1617119.55 in USD, with 2529.56 shares outstanding.\n\nMeta Platforms Inc operates primarily in the US, trading under the ticker META on the NASDAQ NMS - GLOBAL MARKET. As a dominant force in the Media space, the company continues to innovate and drive progress within the industry.\n\n[QUANT SIGNALS - STRUCTURAL]:\n- Price Move: META increased by 3.89% (469.88 -> 488.14)\n- Alpha vs Nasdaq-100: +7.15% (Outperformed)\n- Market Context (VIX): N/A\n- Volume Status: Normal (Z-Score: 0.8)\n- Volatility (ATR): 20.08 (High)\n- Weekly RSI (Trend Strength): 47.0 (Neutral)\n\n[TECHNICALS - DAILY]:\n- Daily RSI: 47.4 (Neutral)\n- Trend: Bullish\n- MACD: Bullish Crossover\n- Mean Reversion: -0.9% from SMA50 (Normal)\n\n[NEWS]:\n\nNo relative news reported.\n[Basic Financials]:\n\nNo basic financial reported.\n\nBased on all the information before 2024-08-05, let's first analyze the positive developments and potential concerns for META. Come up with 2-4 most important factors respectively and keep them concise. Integrate both quantitative signals and news to explain the movement. Then let's assume your prediction for the coming trading week (2024-08-05 pre-market to 2024-08-09 close) is up by more than 5%. Pay special attention to [WEEKEND NEWS - PRE-MARKET], because this information is available before Monday open. Provide a summary analysis to support your prediction. Before writing the analysis, cross-reference the [QUANT SIGNALS] with the [NEWS]. If the prediction is up by more than 5% but the technicals show a conflict (e.g., predicting 'Up' when Trend is 'Strong Downtrend'), explain this divergence logically (e.g., as a 'trend reversal' or 'short squeeze') rather than ignoring the data. The prediction result need to be inferred from your analysis at the end, and thus not appearing as a foundational factor of your analysis.","[Positive Developments]:
1. **Strong Alpha Generation**: META significantly outperformed the Nasdaq-100 by +7.15%, indicating strong relative strength and investor preference for the stock despite a lack of company-specific news. This suggests underlying institutional accumulation or sector rotation favoring META.
2. **Bullish Technical Setup**: The daily chart shows a Bullish MACD Crossover and a price trending upward, positioned just -0.9% below its 50-day Simple Moving Average (SMA50). This proximity to a key moving average, combined with the bullish MACD signal, suggests potential for an upward breakout and continuation of the trend.

[Potential Concerns]:
1. **High Volatility in a News Vacuum**: The Average True Range (ATR) is flagged as ""High"" at 20.08, indicating significant daily price swings. The absence of fundamental news to justify such volatility suggests the stock is being moved by broader market mechanics, which can lead to unpredictable, whipsaw action.
2. **Lack of Fundamental Catalyst**: With no recent company news or basic financial updates, the current price appreciation is not supported by a fresh narrative. This makes the rally susceptible to reversal if market sentiment shifts or if broader sector flows change direction.

[Prediction & Analysis]:
**Prediction for the week of 2024-08-05 to 2024-08-09: Up by more than 5%.**

**Analysis:**
The prediction of a >5% move is predicated on a technical breakout scenario, supported by flow dynamics. While the weekly and daily RSI readings are neutral (47.0 and 47.4 respectively), this is not a conflict but a setup. Neutral RSI indicates the stock is not overbought, leaving ample room for an upward move. The key bullish signals are the Bullish MACD Crossover and the stock's position just below the SMA50. A decisive break and close above the SMA50, fueled by the existing positive alpha momentum, could trigger algorithmic buying and attract trend-following capital.

The move to date, characterized by outperformance without news, is best analyzed as being driven by **market mechanics**. This points to institutional or sector-level flows into large-cap tech/media names, with META being a prime beneficiary. The ""Normal"" volume Z-score (0.8) suggests the rally has been orderly, not driven by panic or speculative frenzy, which supports a sustainable move. The high ATR implies the stock has the capacity for large daily moves; a convergence of technical breakout signals and continued sector favor could easily catalyze a multi-percentage gain in a single session, propelling the weekly performance beyond 5%.

[Primary Driver]:
Mixed",up by more than 5%,2024-08-05,2024-08-09,75,Mixed
"[Company Introduction]:\n\nMeta Platforms Inc is a leading entity in the Media sector. Incorporated and publicly traded since 2012-05-18, the company has established its reputation as one of the key players in the market. As of today, Meta Platforms Inc has a market capitalization of 1617119.55 in USD, with 2529.56 shares outstanding.\n\nMeta Platforms Inc operates primarily in the US, trading under the ticker META on the NASDAQ NMS - GLOBAL MARKET. As a dominant force in the Media space, the company continues to innovate and drive progress within the industry.\n\n[QUANT SIGNALS - STRUCTURAL]:\n- Price Move: META increased by 6.92% (504.95 -> 539.91)\n- Alpha vs Nasdaq-100: +3.97% (Outperformed)\n- Market Context (VIX): N/A\n- Volume Status: HUGE (Z-Score: 2.4)\n- Volatility (ATR): 12.64 (Normal)\n- Weekly RSI (Trend Strength): 49.0 (Neutral)\n\n[TECHNICALS - DAILY]:\n- Daily RSI: 68.9 (Neutral)\n- Trend: Strong Uptrend\n- MACD: Bullish Crossover\n- Mean Reversion: 12.0% from SMA50 (Normal)\n\n[NEWS]:\n\nNo relative news reported.\n\n[QUANT SIGNALS - STRUCTURAL]:\n- Price Move: META decreased by 8.02% (542.35 -> 498.87)\n- Alpha vs Nasdaq-100: -7.51% (Underperformed)\n- Market Context (VIX): N/A\n- Volume Status: High (Z-Score: 1.6)\n- Volatility (ATR): 14.84 (Normal)\n- Weekly RSI (Trend Strength): 60.0 (Neutral)\n\n[TECHNICALS - DAILY]:\n- Daily RSI: 51.6 (Neutral)\n- Trend: Strong Uptrend\n- MACD: Bearish Crossover\n- Mean Reversion: 1.9% from SMA50 (Normal)\n\n[NEWS]:\n\nNo relative news reported.\n\n[QUANT SIGNALS - STRUCTURAL]:\n- Price Move: META decreased by 4.38% (498.63 -> 476.79)\n- Alpha vs Nasdaq-100: -0.17% (Underperformed)\n- Market Context (VIX): N/A\n- Volume Status: Normal (Z-Score: 0.1)\n- Volatility (ATR): 16.61 (High)\n- Weekly RSI (Trend Strength): 44.8 (Neutral)\n\n[TECHNICALS - DAILY]:\n- Daily RSI: 40.1 (Neutral)\n- Trend: Bullish\n- MACD: Bearish Crossover\n- Mean Reversion: -3.1% from SMA50 (Normal)\n\n[NEWS]:\n\nNo relative news reported.\n[Basic Financials]:\n\nNo basic financial reported.\n\nBased on all the information before 2024-07-22, let's first analyze the positive developments and potential concerns for META. Come up with 2-4 most important factors respectively and keep them concise. Integrate both quantitative signals and news to explain the movement. Then let's assume your prediction for the coming trading week (2024-07-22 pre-market to 2024-07-26 close) is down by 4-5%. Pay special attention to [WEEKEND NEWS - PRE-MARKET], because this information is available before Monday open. Provide a summary analysis to support your prediction. Before writing the analysis, cross-reference the [QUANT SIGNALS] with the [NEWS]. If the prediction is down by 4-5% but the technicals show a conflict (e.g., predicting 'Up' when Trend is 'Strong Downtrend'), explain this divergence logically (e.g., as a 'trend reversal' or 'short squeeze') rather than ignoring the data. The prediction result need to be inferred from your analysis at the end, and thus not appearing as a foundational factor of your analysis.","[Positive Developments]:
1. **Technical Uptrend Intact**: Despite recent declines, the overall technical structure remains in a ""Strong Uptrend"" to ""Bullish"" framework. The price is now slightly below its 50-day SMA (-3.1%), a normal mean reversion that can provide a support level for a potential bounce.
2. **Approaching Oversold Conditions**: The daily RSI has declined from 68.9 to 40.1, moving toward oversold territory (<30). This reduces downside momentum and increases the probability of a short-term technical rebound, especially from key moving average support.
3. **Absence of Negative Fundamental News**: There is no company-specific negative news reported to drive the sell-off, suggesting the price action is more related to broader market or sector flows rather than a deterioration in Meta's core business narrative.

[Potential Concerns]:
1. **Sustained Underperformance & Bearish Momentum**: META has underperformed the Nasdaq-100 in two of the last three periods, most notably by -7.51% in the second period. This suggests relative weakness and potential institutional selling. The bearish MACD crossover confirms negative short-term momentum.
2. **High Volatility on Declines**: The Average True Range (ATR) spiked to ""High"" (16.61) during the most recent sell-off, indicating increased uncertainty and forceful selling pressure. This elevated volatility environment can exacerbate downward moves.
3. **Flow-Driven Selling in a News Vacuum**: The most significant declines occurred on ""High"" and ""HUGE"" volume (Z-Scores of 1.6 and 2.4), pointing to institutional or programmatic selling. Without positive catalysts to counter it, this flow-driven pressure can persist as the stock acts as a source of funds for sector rotation or portfolio de-risking.

[Prediction & Analysis]:
The prediction for a 4-5% decline in the coming week, despite the stock being in a longer-term uptrend and nearing oversold daily RSI levels, is primarily based on flow dynamics and the technical damage from the recent breakdown.

**Technical Reality**: While the weekly RSI (44.8) and daily RSI (40.1) are neutral-to-approaching-oversold, the price has broken below its 50-day SMA—a key support level in a strong uptrend. This breakdown, confirmed by a bearish MACD crossover, often leads to further selling as momentum traders exit. The ""Normal"" distance from the SMA50 (-3.1%) offers little immediate support, and the next significant support may be lower.

**Relative Performance**: The clear underperformance vs. the Nasdaq-100 during down moves is a red flag. It indicates that META is being selectively sold off harder than the broader tech basket, likely due to its prior outperformance and high valuation. This relative weakness can be self-reinforcing as it triggers further reallocation away from the stock.

**News Catalyst & Market Mechanics**: The complete absence of company-specific news during these sharp moves is highly instructive. It points decisively to **market mechanics** as the driver. The sequence—a high-volume rally followed by even higher-volume selling—is characteristic of institutional positioning shifts, likely profit-taking or sector rotation out of mega-cap tech following their massive YTD run. In such an environment, the lack of a positive narrative catalyst leaves the stock vulnerable to continued flow-based selling.

Given the high volatility (ATR) and the stock's demonstrated sensitivity to these flows, another leg down to test lower support levels is plausible before buyers step in more aggressively. The prediction of a 4-5% drop aligns with a continuation of this flow-driven correction, potentially bringing the daily RSI into oversold territory and setting the stage for a more durable bounce later.

[Primary Driver]:
Flow",down by 4-5%,2024-07-22,2024-07-26,73,Flow
"[Company Introduction]:\n\nMeta Platforms Inc is a leading entity in the Media sector. Incorporated and publicly traded since 2012-05-18, the company has established its reputation as one of the key players in the market. As of today, Meta Platforms Inc has a market capitalization of 1617119.55 in USD, with 2529.56 shares outstanding.\n\nMeta Platforms Inc operates primarily in the US, trading under the ticker META on the NASDAQ NMS - GLOBAL MARKET. As a dominant force in the Media space, the company continues to innovate and drive progress within the industry.\n\n[QUANT SIGNALS - STRUCTURAL]:\n- Price Move: META decreased by 8.02% (542.35 -> 498.87)\n- Alpha vs Nasdaq-100: -7.51% (Underperformed)\n- Market Context (VIX): N/A\n- Volume Status: High (Z-Score: 1.6)\n- Volatility (ATR): 14.84 (Normal)\n- Weekly RSI (Trend Strength): 60.0 (Neutral)\n\n[TECHNICALS - DAILY]:\n- Daily RSI: 51.6 (Neutral)\n- Trend: Strong Uptrend\n- MACD: Bearish Crossover\n- Mean Reversion: 1.9% from SMA50 (Normal)\n\n[NEWS]:\n\nNo relative news reported.\n\n[QUANT SIGNALS - STRUCTURAL]:\n- Price Move: META decreased by 4.38% (498.63 -> 476.79)\n- Alpha vs Nasdaq-100: -0.17% (Underperformed)\n- Market Context (VIX): N/A\n- Volume Status: Normal (Z-Score: 0.1)\n- Volatility (ATR): 16.61 (High)\n- Weekly RSI (Trend Strength): 44.8 (Neutral)\n\n[TECHNICALS - DAILY]:\n- Daily RSI: 40.1 (Neutral)\n- Trend: Bullish\n- MACD: Bearish Crossover\n- Mean Reversion: -3.1% from SMA50 (Normal)\n\n[NEWS]:\n\nNo relative news reported.\n\n[QUANT SIGNALS - STRUCTURAL]:\n- Price Move: META decreased by 4.29% (486.58 -> 465.70)\n- Alpha vs Nasdaq-100: -0.28% (Underperformed)\n- Market Context (VIX): N/A\n- Volume Status: Normal (Z-Score: -0.1)\n- Volatility (ATR): 17.44 (High)\n- Weekly RSI (Trend Strength): 43.7 (Neutral)\n\n[TECHNICALS - DAILY]:\n- Daily RSI: 29.1 (Oversold)\n- Trend: Bullish\n- MACD: Bearish Crossover\n- Mean Reversion: -5.3% from SMA50 (Normal)\n\n[NEWS]:\n\nNo relative news reported.\n[Basic Financials]:\n\nNo basic financial reported.\n\nBased on all the information before 2024-07-29, let's first analyze the positive developments and potential concerns for META. Come up with 2-4 most important factors respectively and keep them concise. Integrate both quantitative signals and news to explain the movement. Then let's assume your prediction for the coming trading week (2024-07-29 pre-market to 2024-08-02 close) is up by 3-4%. Pay special attention to [WEEKEND NEWS - PRE-MARKET], because this information is available before Monday open. Provide a summary analysis to support your prediction. Before writing the analysis, cross-reference the [QUANT SIGNALS] with the [NEWS]. If the prediction is up by 3-4% but the technicals show a conflict (e.g., predicting 'Up' when Trend is 'Strong Downtrend'), explain this divergence logically (e.g., as a 'trend reversal' or 'short squeeze') rather than ignoring the data. The prediction result need to be inferred from your analysis at the end, and thus not appearing as a foundational factor of your analysis.","[Positive Developments]:
1. Technical trend structure remains bullish despite recent declines, indicating underlying long-term strength.
2. Daily RSI has reached oversold levels (29.1) in the latest period, creating potential for a near-term technical bounce or mean reversion.
3. Underperformance vs. Nasdaq-100 has diminished significantly (from -7.51% to -0.28%), suggesting relative weakness is stabilizing and may reverse.

[Potential Concerns]:
1. Persistent price declines (cumulative ~16% over three periods) with consistent MACD bearish crossovers signal weakening momentum and potential further downside pressure.
2. High volatility (ATR increasing to 17.44, labeled High) indicates elevated market uncertainty and selling pressure, even in the absence of news.
3. Volume was high during the initial sharp drop (Z-Score: 1.6), pointing to institutional or heavy selling flows that may not have fully abated.

[Prediction & Analysis]:
Analysis: The price movement over the past weeks shows a clear downward trajectory without company-specific news, indicating it is driven by market mechanics. The initial 8.02% drop on high volume likely reflects sector rotation or broad institutional selling, possibly due to macroeconomic factors or profit-taking in tech stocks. Subsequent declines on normal volume suggest technical follow-through and a lack of immediate buying interest. However, technical indicators now support a reversal: daily RSI is oversold at 29.1, which often precedes short-term rebounds, and the stock is trading -5.3% below its SMA50, nearing oversold territory despite the ""normal"" classification. The weekly RSI remains neutral (43.7), not confirming extreme bearishness. While MACD bearish crossovers and underperformance vs. Nasdaq-100 are concerns, the improving alpha and oversold conditions set the stage for a relief rally. Assuming no negative weekend news pre-market to disrupt this setup, the stock is poised for a technical bounce as selling pressure exhausts.

Prediction: For the upcoming trading week (2024-07-29 pre-market to 2024-08-02 close), META is predicted to increase by 3-4%, driven by a technical reversal from oversold levels.

[Primary Driver]:
Technical",up by 3-4%,2024-07-29,2024-08-02,74,Technical
"[Company Introduction]:\n\nMeta Platforms Inc is a leading entity in the Media sector. Incorporated and publicly traded since 2012-05-18, the company has established its reputation as one of the key players in the market. As of today, Meta Platforms Inc has a market capitalization of 1617119.55 in USD, with 2529.56 shares outstanding.\n\nMeta Platforms Inc operates primarily in the US, trading under the ticker META on the NASDAQ NMS - GLOBAL MARKET. As a dominant force in the Media space, the company continues to innovate and drive progress within the industry.\n\n[QUANT SIGNALS - STRUCTURAL]:\n- Price Move: META increased by 3.89% (469.88 -> 488.14)\n- Alpha vs Nasdaq-100: +7.15% (Outperformed)\n- Market Context (VIX): N/A\n- Volume Status: Normal (Z-Score: 0.8)\n- Volatility (ATR): 20.08 (High)\n- Weekly RSI (Trend Strength): 47.0 (Neutral)\n\n[TECHNICALS - DAILY]:\n- Daily RSI: 47.4 (Neutral)\n- Trend: Bullish\n- MACD: Bullish Crossover\n- Mean Reversion: -0.9% from SMA50 (Normal)\n\n[NEWS]:\n\nNo relative news reported.\n\n[QUANT SIGNALS - STRUCTURAL]:\n- Price Move: META increased by 14.72% (451.35 -> 517.77)\n- Alpha vs Nasdaq-100: +11.26% (Outperformed)\n- Market Context (VIX): N/A\n- Volume Status: Normal (Z-Score: -0.6)\n- Volatility (ATR): 22.14 (High)\n- Weekly RSI (Trend Strength): 59.2 (Neutral)\n\n[TECHNICALS - DAILY]:\n- Daily RSI: 59.5 (Neutral)\n- Trend: Strong Uptrend\n- MACD: Bullish Crossover\n- Mean Reversion: 4.6% from SMA50 (Normal)\n\n[NEWS]:\n\nNo relative news reported.\n\n[QUANT SIGNALS - STRUCTURAL]:\n- Price Move: META increased by 2.04% (516.86 -> 527.42)\n- Alpha vs Nasdaq-100: -3.20% (Underperformed)\n- Market Context (VIX): N/A\n- Volume Status: Normal (Z-Score: -0.3)\n- Volatility (ATR): 20.64 (High)\n- Weekly RSI (Trend Strength): 62.4 (Neutral)\n\n[TECHNICALS - DAILY]:\n- Daily RSI: 70.8 (Overbought)\n- Trend: Strong Uptrend\n- MACD: Bullish Crossover\n- Mean Reversion: 5.5% from SMA50 (Normal)\n\n[NEWS]:\n\nNo relative news reported.\n\n[QUANT SIGNALS - STRUCTURAL]:\n- Price Move: META increased by 0.21% (526.87 -> 528.00)\n- Alpha vs Nasdaq-100: +0.48% (Outperformed)\n- Market Context (VIX): N/A\n- Volume Status: Normal (Z-Score: -0.6)\n- Volatility (ATR): 14.44 (Normal)\n- Weekly RSI (Trend Strength): 60.3 (Neutral)\n\n[TECHNICALS - DAILY]:\n- Daily RSI: 74.0 (Overbought)\n- Trend: Strong Uptrend\n- MACD: Bullish Crossover\n- Mean Reversion: 5.0% from SMA50 (Normal)\n\n[NEWS]:\n\nNo relative news reported.\n[Basic Financials]:\n\nNo basic financial reported.\n\nBased on all the information before 2024-08-26, let's first analyze the positive developments and potential concerns for META. Come up with 2-4 most important factors respectively and keep them concise. Integrate both quantitative signals and news to explain the movement. Then let's assume your prediction for the coming trading week (2024-08-26 pre-market to 2024-08-30 close) is down by 1-2%. Pay special attention to [WEEKEND NEWS - PRE-MARKET], because this information is available before Monday open. Provide a summary analysis to support your prediction. Before writing the analysis, cross-reference the [QUANT SIGNALS] with the [NEWS]. If the prediction is down by 1-2% but the technicals show a conflict (e.g., predicting 'Up' when Trend is 'Strong Downtrend'), explain this divergence logically (e.g., as a 'trend reversal' or 'short squeeze') rather than ignoring the data. The prediction result need to be inferred from your analysis at the end, and thus not appearing as a foundational factor of your analysis.","[Positive Developments]:
1. **Sustained Outperformance vs. Nasdaq-100**: META demonstrated significant positive alpha (+11.26% and +7.15%) in two of the four reported weeks, indicating strong relative strength and institutional favor over its benchmark index.
2. **Bullish Technical Momentum**: The daily charts show a ""Strong Uptrend"" confirmed by multiple ""Bullish Crossover"" signals on the MACD. The price is consistently above its 50-day moving average (SMA50).
3. **High Volatility Stabilizing**: While Average True Range (ATR) was initially high, it has decreased to a ""Normal"" level in the most recent data point (14.44), suggesting the prior explosive move may be consolidating into a more sustainable trend.

[Potential Concerns]:
1. **Overbought Daily Conditions**: The most recent daily RSI reading of 74.0 is in ""Overbought"" territory. This technical indicator suggests the stock is vulnerable to a short-term pullback or consolidation as momentum buyers become exhausted.
2. **Recent Relative Weakness**: In the third weekly period, META underperformed the Nasdaq-100 by -3.20% despite a price increase. This divergence could signal the start of a relative strength breakdown or profit-taking.
3. **Absence of Fundamental Catalysts**: There was ""No relative news reported"" throughout the period. The entire rally from ~$451 to ~$528 appears driven by market mechanics (flows, sector rotation, technical breakouts) rather than new positive fundamentals, making it susceptible to a reversal if the broader market sentiment shifts.

[Prediction & Analysis]:
For the upcoming week (2024-08-26 to 2024-08-30), a downward movement of 1-2% is predicted. This analysis is based on a confluence of factors despite the prevailing bullish trend. The primary reason is the **severely overbought daily RSI (74.0) within a news vacuum**. Technically, an RSI at this level signals a high probability of a short-term pullback or consolidation to relieve buying pressure. The trend and MACD remain bullish, which argues against a major crash, but a minor retracement is a typical market mechanism following such an extended move without fresh catalysts. The prediction of a small decline represents a logical **mean reversion** within the context of a still-intact uptrend. The stock's ability to slightly outperform (+0.48% Alpha) on a near-flat day in the last period further suggests bullish exhaustion rather than acceleration. The lack of company-specific news means there is no immediate narrative to counteract the technical overextension, leaving the price action vulnerable to broader market flows and profit-taking.

[Primary Driver]:
Mixed",down by 1-2%,2024-08-26,2024-08-30,78,Mixed
"[Company Introduction]:\n\nMeta Platforms Inc is a leading entity in the Media sector. Incorporated and publicly traded since 2012-05-18, the company has established its reputation as one of the key players in the market. As of today, Meta Platforms Inc has a market capitalization of 1617119.55 in USD, with 2529.56 shares outstanding.\n\nMeta Platforms Inc operates primarily in the US, trading under the ticker META on the NASDAQ NMS - GLOBAL MARKET. As a dominant force in the Media space, the company continues to innovate and drive progress within the industry.\n\n[QUANT SIGNALS - STRUCTURAL]:\n- Price Move: META increased by 14.72% (451.35 -> 517.77)\n- Alpha vs Nasdaq-100: +11.26% (Outperformed)\n- Market Context (VIX): N/A\n- Volume Status: Normal (Z-Score: -0.6)\n- Volatility (ATR): 22.14 (High)\n- Weekly RSI (Trend Strength): 59.2 (Neutral)\n\n[TECHNICALS - DAILY]:\n- Daily RSI: 59.5 (Neutral)\n- Trend: Strong Uptrend\n- MACD: Bullish Crossover\n- Mean Reversion: 4.6% from SMA50 (Normal)\n\n[NEWS]:\n\nNo relative news reported.\n[Basic Financials]:\n\nNo basic financial reported.\n\nBased on all the information before 2024-08-12, let's first analyze the positive developments and potential concerns for META. Come up with 2-4 most important factors respectively and keep them concise. Integrate both quantitative signals and news to explain the movement. Then let's assume your prediction for the coming trading week (2024-08-12 pre-market to 2024-08-16 close) is up by 2-3%. Pay special attention to [WEEKEND NEWS - PRE-MARKET], because this information is available before Monday open. Provide a summary analysis to support your prediction. Before writing the analysis, cross-reference the [QUANT SIGNALS] with the [NEWS]. If the prediction is up by 2-3% but the technicals show a conflict (e.g., predicting 'Up' when Trend is 'Strong Downtrend'), explain this divergence logically (e.g., as a 'trend reversal' or 'short squeeze') rather than ignoring the data. The prediction result need to be inferred from your analysis at the end, and thus not appearing as a foundational factor of your analysis.","[Positive Developments]:
1. Significant price appreciation of 14.72% with strong alpha outperformance vs. the Nasdaq-100 (+11.26%), indicating robust relative strength and investor confidence.
2. Technical indicators support continued bullish momentum: daily chart shows a strong uptrend, MACD bullish crossover, and neutral RSI levels (weekly 59.2, daily 59.5), providing room for further gains without immediate overbought conditions.

[Potential Concerns]:
1. High volatility with an ATR of 22.14 suggests elevated price swings, increasing near-term risk and potential for sharp pullbacks.
2. Absence of catalytic company-specific news raises questions about the sustainability of the rally, as it may rely heavily on technicals and market flows rather than fundamental drivers.

[Prediction & Analysis]:
For the upcoming trading week (2024-08-12 to 2024-08-16), a 2-3% upward movement is anticipated. This prediction is inferred from the following analysis: First, the technical reality remains favorable—the daily trend is a strong uptrend with a bullish MACD crossover, and RSI levels are neutral, not yet signaling overextension. The mean reversion of 4.6% from the SMA50 is within normal bounds, reducing immediate mean-reversion pressure. Second, relative performance is strong, with META outperforming its index, which often attracts follow-through buying from momentum and institutional investors. Third, despite no company-specific news, the prior week's significant price move is likely driven by market mechanics, specifically flow-based factors such as sector rotation within Media or beta-driven momentum, as indicated by the normal volume (Z-Score: -0.6) and high volatility. The absence of news does not negate the technical setup; instead, it points to a market-driven repricing. However, high volatility necessitates caution, as it could lead to larger intraweek swings. Overall, the confluence of technical strength and flow-driven alpha supports a modest continued ascent, barring any negative macroeconomic developments over the weekend.

[Primary Driver]:
Mixed – the move is driven by a combination of technical momentum (strong uptrend, bullish indicators) and flow factors (alpha outperformance, possible sector rotation).",up by 2-3%,2024-08-12,2024-08-16,76,"Mixed – the move is driven by a combination of technical momentum (strong uptrend, bullish indicators) and flow factors (alpha outperformance, possible sector rotation)."
"[Company Introduction]:\n\nMeta Platforms Inc is a leading entity in the Media sector. Incorporated and publicly traded since 2012-05-18, the company has established its reputation as one of the key players in the market. As of today, Meta Platforms Inc has a market capitalization of 1617119.55 in USD, with 2529.56 shares outstanding.\n\nMeta Platforms Inc operates primarily in the US, trading under the ticker META on the NASDAQ NMS - GLOBAL MARKET. As a dominant force in the Media space, the company continues to innovate and drive progress within the industry.\n\n[QUANT SIGNALS - STRUCTURAL]:\n- Price Move: META decreased by 3.73% (519.64 -> 500.27)\n- Alpha vs Nasdaq-100: -0.89% (Underperformed)\n- Market Context (VIX): N/A\n- Volume Status: High (Z-Score: 1.3)\n- Volatility (ATR): 12.41 (Normal)\n- Weekly RSI (Trend Strength): 58.7 (Neutral)\n\n[TECHNICALS - DAILY]:\n- Daily RSI: 29.7 (Oversold)\n- Trend: Bullish\n- MACD: Bearish Crossover\n- Mean Reversion: -0.9% from SMA50 (Normal)\n\n[NEWS]:\n\nNo relative news reported.\n[Basic Financials]:\n\nNo basic financial reported.\n\nBased on all the information before 2024-09-09, let's first analyze the positive developments and potential concerns for META. Come up with 2-4 most important factors respectively and keep them concise. Integrate both quantitative signals and news to explain the movement. Then let's assume your prediction for the coming trading week (2024-09-09 pre-market to 2024-09-13 close) is up by 3-4%. Pay special attention to [WEEKEND NEWS - PRE-MARKET], because this information is available before Monday open. Provide a summary analysis to support your prediction. Before writing the analysis, cross-reference the [QUANT SIGNALS] with the [NEWS]. If the prediction is up by 3-4% but the technicals show a conflict (e.g., predicting 'Up' when Trend is 'Strong Downtrend'), explain this divergence logically (e.g., as a 'trend reversal' or 'short squeeze') rather than ignoring the data. The prediction result need to be inferred from your analysis at the end, and thus not appearing as a foundational factor of your analysis.","[Positive Developments]:
1. Daily RSI at 29.7 indicates an oversold condition, often a precursor to a technical bounce.
2. High volume (Z-Score: 1.3) on the down move suggests capitulation, potentially exhausting selling pressure and setting a near-term floor.
3. The stock is trading close to its 50-day SMA (only -0.9% deviation), providing a logical level for technical support and mean reversion.
4. The weekly RSI remains in neutral territory (58.7), indicating the longer-term uptrend is intact and not overextended.

[Potential Concerns]:
1. Bearish MACD Crossover on the daily chart signals deteriorating short-term momentum that could persist.
2. The stock underperformed the Nasdaq-100 (Alpha: -0.89%) on a down week, showing relative weakness that may continue if market sentiment sours.
3. The absence of a positive fundamental catalyst (no relative news) leaves the stock vulnerable to being driven by broader market sentiment and technical flows.

[Prediction & Analysis]:
We predict META's stock price will move up by 3-4% in the coming week (2024-09-09 to 2024-09-13). The core of this prediction is a technical rebound from an oversold condition, supported by market flow dynamics. The daily RSI of 29.7 is deeply oversold, a level from which sharp bounces are common, especially for a large-cap leader like Meta. The high volume on the decline indicates that the selling was significant and may have flushed out weak hands, reducing immediate downside pressure. While the MACD is bearish, this is a lagging indicator, and the oversold RSI is a more immediate signal for a potential short-term reversal. The absence of any company-specific negative news over the weekend suggests the drop was not driven by a deteriorating fundamental narrative, but rather by sector rotation or broad market profit-taking (a flow-driven move). With the price near its 50-day SMA and no new negative catalysts pre-market, the path of least resistance for the upcoming week is a relief rally back towards recent consolidation levels. This move would represent a mean reversion within the context of the still-bullish longer-term trend.

[Primary Driver]:
Technical",up by 3-4%,2024-09-09,2024-09-13,80,Technical
"[Company Introduction]:\n\nMeta Platforms Inc is a leading entity in the Media sector. Incorporated and publicly traded since 2012-05-18, the company has established its reputation as one of the key players in the market. As of today, Meta Platforms Inc has a market capitalization of 1617119.55 in USD, with 2529.56 shares outstanding.\n\nMeta Platforms Inc operates primarily in the US, trading under the ticker META on the NASDAQ NMS - GLOBAL MARKET. As a dominant force in the Media space, the company continues to innovate and drive progress within the industry.\n\n[QUANT SIGNALS - STRUCTURAL]:\n- Price Move: META increased by 14.72% (451.35 -> 517.77)\n- Alpha vs Nasdaq-100: +11.26% (Outperformed)\n- Market Context (VIX): N/A\n- Volume Status: Normal (Z-Score: -0.6)\n- Volatility (ATR): 22.14 (High)\n- Weekly RSI (Trend Strength): 59.2 (Neutral)\n\n[TECHNICALS - DAILY]:\n- Daily RSI: 59.5 (Neutral)\n- Trend: Strong Uptrend\n- MACD: Bullish Crossover\n- Mean Reversion: 4.6% from SMA50 (Normal)\n\n[NEWS]:\n\nNo relative news reported.\n\n[QUANT SIGNALS - STRUCTURAL]:\n- Price Move: META increased by 2.04% (516.86 -> 527.42)\n- Alpha vs Nasdaq-100: -3.20% (Underperformed)\n- Market Context (VIX): N/A\n- Volume Status: Normal (Z-Score: -0.3)\n- Volatility (ATR): 20.64 (High)\n- Weekly RSI (Trend Strength): 62.4 (Neutral)\n\n[TECHNICALS - DAILY]:\n- Daily RSI: 70.8 (Overbought)\n- Trend: Strong Uptrend\n- MACD: Bullish Crossover\n- Mean Reversion: 5.5% from SMA50 (Normal)\n\n[NEWS]:\n\nNo relative news reported.\n\n[QUANT SIGNALS - STRUCTURAL]:\n- Price Move: META increased by 0.21% (526.87 -> 528.00)\n- Alpha vs Nasdaq-100: +0.48% (Outperformed)\n- Market Context (VIX): N/A\n- Volume Status: Normal (Z-Score: -0.6)\n- Volatility (ATR): 14.44 (Normal)\n- Weekly RSI (Trend Strength): 60.3 (Neutral)\n\n[TECHNICALS - DAILY]:\n- Daily RSI: 74.0 (Overbought)\n- Trend: Strong Uptrend\n- MACD: Bullish Crossover\n- Mean Reversion: 5.0% from SMA50 (Normal)\n\n[NEWS]:\n\nNo relative news reported.\n\n[QUANT SIGNALS - STRUCTURAL]:\n- Price Move: META decreased by 1.19% (527.60 -> 521.31)\n- Alpha vs Nasdaq-100: -1.39% (Underperformed)\n- Market Context (VIX): N/A\n- Volume Status: Normal (Z-Score: -0.8)\n- Volatility (ATR): 11.40 (Normal)\n- Weekly RSI (Trend Strength): 61.4 (Neutral)\n\n[TECHNICALS - DAILY]:\n- Daily RSI: 53.8 (Neutral)\n- Trend: Strong Uptrend\n- MACD: Bearish Crossover\n- Mean Reversion: 3.3% from SMA50 (Normal)\n\n[NEWS]:\n\nNo relative news reported.\n[Basic Financials]:\n\nNo basic financial reported.\n\nBased on all the information before 2024-09-03, let's first analyze the positive developments and potential concerns for META. Come up with 2-4 most important factors respectively and keep them concise. Integrate both quantitative signals and news to explain the movement. Then let's assume your prediction for the coming trading week (2024-09-03 pre-market to 2024-09-06 close) is down by 3-4%. Pay special attention to [WEEKEND NEWS - PRE-MARKET], because this information is available before Monday open. Provide a summary analysis to support your prediction. Before writing the analysis, cross-reference the [QUANT SIGNALS] with the [NEWS]. If the prediction is down by 3-4% but the technicals show a conflict (e.g., predicting 'Up' when Trend is 'Strong Downtrend'), explain this divergence logically (e.g., as a 'trend reversal' or 'short squeeze') rather than ignoring the data. The prediction result need to be inferred from your analysis at the end, and thus not appearing as a foundational factor of your analysis.","[Positive Developments]:
1. Sustained strong uptrend across all observed periods, indicating robust bullish momentum.
2. Significant outperformance vs. Nasdaq-100 in Period 1 (+11.26% alpha) and Period 3 (+0.48% alpha), reflecting relative strength during parts of the rally.
3. Bullish MACD crossovers in the first three periods, confirming upward momentum.
4. Overall price appreciation from 451.35 to 521.31, driven by market flows in the absence of news, suggesting institutional or sector-level support.

[Potential Concerns]:
1. Recent underperformance vs. Nasdaq-100 in Periods 2 and 4 (-3.20% and -1.39% alpha), signaling weakening relative strength as the rally matured.
2. Daily RSI reached overbought levels (70.8 and 74.0) in Periods 2 and 3, increasing vulnerability to a technical pullback.
3. Bearish MACD crossover in the latest period (Period 4), coupled with a price decline of 1.19%, indicating potential downward momentum shift.
4. High volatility (ATR) in earlier periods, though normalized later, may have contributed to instability and profit-taking behavior.

[Prediction & Analysis]:
META is predicted to decline by 3-4% in the coming trading week (2024-09-03 pre-market to 2024-09-06 close). This forecast is based on a technical analysis of the provided data, with no news catalysts reported. The stock exhibited a strong uptrend but shows clear signs of exhaustion: the daily RSI peaked in overbought territory and has cooled to neutral (53.8), while the MACD generated a bearish crossover in the most recent period. Although the weekly RSI remains neutral and the trend is classified as ""Strong Uptrend,"" the divergence with daily indicators suggests a short-term correction within the broader uptrend. The underperformance vs. the Nasdaq-100 in latter periods, alongside normal volume and no fundamental news, implies this move is driven by market mechanics—specifically, profit-taking after a significant rally (e.g., the 14.72% surge in Period 1) and mean reversion from overextended levels. The prediction of a down move acknowledges this technical reality, where a pullback of 3-4% would align with historical volatility and bring the price closer to its SMA50 (mean reversion was 3.3% in Period 4, within normal range).

[Primary Driver]:
Technical",down by 3-4%,2024-09-03,2024-09-06,79,Technical
"[Company Introduction]:\n\nMeta Platforms Inc is a leading entity in the Media sector. Incorporated and publicly traded since 2012-05-18, the company has established its reputation as one of the key players in the market. As of today, Meta Platforms Inc has a market capitalization of 1617119.55 in USD, with 2529.56 shares outstanding.\n\nMeta Platforms Inc operates primarily in the US, trading under the ticker META on the NASDAQ NMS - GLOBAL MARKET. As a dominant force in the Media space, the company continues to innovate and drive progress within the industry.\n\n[QUANT SIGNALS - STRUCTURAL]:\n- Price Move: META decreased by 4.29% (486.58 -> 465.70)\n- Alpha vs Nasdaq-100: -0.28% (Underperformed)\n- Market Context (VIX): N/A\n- Volume Status: Normal (Z-Score: -0.1)\n- Volatility (ATR): 17.44 (High)\n- Weekly RSI (Trend Strength): 43.7 (Neutral)\n\n[TECHNICALS - DAILY]:\n- Daily RSI: 29.1 (Oversold)\n- Trend: Bullish\n- MACD: Bearish Crossover\n- Mean Reversion: -5.3% from SMA50 (Normal)\n\n[NEWS]:\n\nNo relative news reported.\n\n[QUANT SIGNALS - STRUCTURAL]:\n- Price Move: META increased by 3.89% (469.88 -> 488.14)\n- Alpha vs Nasdaq-100: +7.15% (Outperformed)\n- Market Context (VIX): N/A\n- Volume Status: Normal (Z-Score: 0.8)\n- Volatility (ATR): 20.08 (High)\n- Weekly RSI (Trend Strength): 47.0 (Neutral)\n\n[TECHNICALS - DAILY]:\n- Daily RSI: 47.4 (Neutral)\n- Trend: Bullish\n- MACD: Bullish Crossover\n- Mean Reversion: -0.9% from SMA50 (Normal)\n\n[NEWS]:\n\nNo relative news reported.\n\n[QUANT SIGNALS - STRUCTURAL]:\n- Price Move: META increased by 14.72% (451.35 -> 517.77)\n- Alpha vs Nasdaq-100: +11.26% (Outperformed)\n- Market Context (VIX): N/A\n- Volume Status: Normal (Z-Score: -0.6)\n- Volatility (ATR): 22.14 (High)\n- Weekly RSI (Trend Strength): 59.2 (Neutral)\n\n[TECHNICALS - DAILY]:\n- Daily RSI: 59.5 (Neutral)\n- Trend: Strong Uptrend\n- MACD: Bullish Crossover\n- Mean Reversion: 4.6% from SMA50 (Normal)\n\n[NEWS]:\n\nNo relative news reported.\n\n[QUANT SIGNALS - STRUCTURAL]:\n- Price Move: META increased by 2.04% (516.86 -> 527.42)\n- Alpha vs Nasdaq-100: -3.20% (Underperformed)\n- Market Context (VIX): N/A\n- Volume Status: Normal (Z-Score: -0.3)\n- Volatility (ATR): 20.64 (High)\n- Weekly RSI (Trend Strength): 62.4 (Neutral)\n\n[TECHNICALS - DAILY]:\n- Daily RSI: 70.8 (Overbought)\n- Trend: Strong Uptrend\n- MACD: Bullish Crossover\n- Mean Reversion: 5.5% from SMA50 (Normal)\n\n[NEWS]:\n\nNo relative news reported.\n[Basic Financials]:\n\nNo basic financial reported.\n\nBased on all the information before 2024-08-19, let's first analyze the positive developments and potential concerns for META. Come up with 2-4 most important factors respectively and keep them concise. Integrate both quantitative signals and news to explain the movement. Then let's assume your prediction for the coming trading week (2024-08-19 pre-market to 2024-08-23 close) is up by 0-1%. Pay special attention to [WEEKEND NEWS - PRE-MARKET], because this information is available before Monday open. Provide a summary analysis to support your prediction. Before writing the analysis, cross-reference the [QUANT SIGNALS] with the [NEWS]. If the prediction is up by 0-1% but the technicals show a conflict (e.g., predicting 'Up' when Trend is 'Strong Downtrend'), explain this divergence logically (e.g., as a 'trend reversal' or 'short squeeze') rather than ignoring the data. The prediction result need to be inferred from your analysis at the end, and thus not appearing as a foundational factor of your analysis.","[Positive Developments]:
1. Strong Relative Performance: META demonstrated significant alpha generation in two of the four periods, outperforming the Nasdaq-100 by +7.15% and +11.26%, indicating robust investor confidence and momentum during the recovery phases.
2. Technical Recovery and Momentum: The daily RSI improved from deeply oversold (29.1) to neutral and then overbought (70.8), accompanied by a shift from bearish to bullish MACD crossovers and a sustained bullish to strong uptrend, signaling a healthy technical rebound.
3. Resilient Price Action: Despite high volatility (ATR consistently high), the stock achieved substantial cumulative gains (e.g., +14.72% in one period), reflecting strong buying interest and absorption of selling pressure.

[Potential Concerns]:
1. Overbought Conditions and Slowing Momentum: The most recent data shows daily RSI at 70.8 (overbought), coupled with alpha underperformance of -3.20%, suggesting potential exhaustion and increased vulnerability to a pullback or consolidation.
2. Lack of Fundamental Catalysts: No company-specific news was reported throughout the periods, meaning recent price moves are driven purely by technicals or market flows, which may lack sustainability if fundamentals do not catch up.
3. Elevated Volatility: High ATR values (ranging 17.44–22.14) indicate heightened price swings, which could lead to abrupt corrections if market sentiment shifts, especially in the absence of supportive news.

[Prediction & Analysis]:
For the upcoming trading week (2024-08-19 to 2024-08-23), META is predicted to experience a modest increase of 0–1%. This outlook balances the conflicting technical signals: the strong uptrend and bullish MACD support continued upward movement, but the overbought daily RSI (70.8) and recent alpha underperformance suggest limited upside and potential for consolidation. Since no fundamental news or weekend pre-market catalysts are present, the price action is likely driven by market mechanics—specifically, technical momentum from the prior week's breakout and institutional flows indicated by normal volume patterns (Z-Scores near zero). The small predicted gain reflects a scenario where bullish technical structure is offset by overextension, leading to a grind higher rather than a sharp rally. Divergence from the overbought condition is explained as a temporary pause or minor advance within the broader uptrend, possibly fueled by residual buying interest or sector-level support, rather than a reversal.

[Primary Driver]:
Mixed (combination of technical momentum and flow-driven factors, given the absence of narrative catalysts).",up by 0-1%,2024-08-19,2024-08-23,77,"Mixed (combination of technical momentum and flow-driven factors, given the absence of narrative catalysts)."
"[Company Introduction]:\n\nMeta Platforms Inc is a leading entity in the Media sector. Incorporated and publicly traded since 2012-05-18, the company has established its reputation as one of the key players in the market. As of today, Meta Platforms Inc has a market capitalization of 1617119.55 in USD, with 2529.56 shares outstanding.\n\nMeta Platforms Inc operates primarily in the US, trading under the ticker META on the NASDAQ NMS - GLOBAL MARKET. As a dominant force in the Media space, the company continues to innovate and drive progress within the industry.\n\n[QUANT SIGNALS - STRUCTURAL]:\n- Price Move: META decreased by 1.19% (527.60 -> 521.31)\n- Alpha vs Nasdaq-100: -1.39% (Underperformed)\n- Market Context (VIX): N/A\n- Volume Status: Normal (Z-Score: -0.8)\n- Volatility (ATR): 11.40 (Normal)\n- Weekly RSI (Trend Strength): 61.4 (Neutral)\n\n[TECHNICALS - DAILY]:\n- Daily RSI: 53.8 (Neutral)\n- Trend: Strong Uptrend\n- MACD: Bearish Crossover\n- Mean Reversion: 3.3% from SMA50 (Normal)\n\n[NEWS]:\n\nNo relative news reported.\n\n[QUANT SIGNALS - STRUCTURAL]:\n- Price Move: META decreased by 3.73% (519.64 -> 500.27)\n- Alpha vs Nasdaq-100: -0.89% (Underperformed)\n- Market Context (VIX): N/A\n- Volume Status: High (Z-Score: 1.3)\n- Volatility (ATR): 12.41 (Normal)\n- Weekly RSI (Trend Strength): 58.7 (Neutral)\n\n[TECHNICALS - DAILY]:\n- Daily RSI: 29.7 (Oversold)\n- Trend: Bullish\n- MACD: Bearish Crossover\n- Mean Reversion: -0.9% from SMA50 (Normal)\n\n[NEWS]:\n\nNo relative news reported.\n\n[QUANT SIGNALS - STRUCTURAL]:\n- Price Move: META increased by 3.65% (506.16 -> 524.62)\n- Alpha vs Nasdaq-100: -0.95% (Underperformed)\n- Market Context (VIX): N/A\n- Volume Status: Normal (Z-Score: -0.1)\n- Volatility (ATR): 13.18 (Normal)\n- Weekly RSI (Trend Strength): 56.5 (Neutral)\n\n[TECHNICALS - DAILY]:\n- Daily RSI: 47.7 (Neutral)\n- Trend: Strong Uptrend\n- MACD: Bearish Crossover\n- Mean Reversion: 3.8% from SMA50 (Normal)\n\n[NEWS]:\n\nNo relative news reported.\n\n[QUANT SIGNALS - STRUCTURAL]:\n- Price Move: META increased by 7.02% (524.54 -> 561.35)\n- Alpha vs Nasdaq-100: +5.07% (Outperformed)\n- Market Context (VIX): N/A\n- Volume Status: HUGE (Z-Score: 3.3)\n- Volatility (ATR): 14.65 (Normal)\n- Weekly RSI (Trend Strength): 56.2 (Neutral)\n\n[TECHNICALS - DAILY]:\n- Daily RSI: 71.2 (Overbought)\n- Trend: Strong Uptrend\n- MACD: Bullish Crossover\n- Mean Reversion: 10.7% from SMA50 (Normal)\n\n[NEWS]:\n\nNo relative news reported.\n[Basic Financials]:\n\nNo basic financial reported.\n\nBased on all the information before 2024-09-23, let's first analyze the positive developments and potential concerns for META. Come up with 2-4 most important factors respectively and keep them concise. Integrate both quantitative signals and news to explain the movement. Then let's assume your prediction for the coming trading week (2024-09-23 pre-market to 2024-09-27 close) is down by 0-1%. Pay special attention to [WEEKEND NEWS - PRE-MARKET], because this information is available before Monday open. Provide a summary analysis to support your prediction. Before writing the analysis, cross-reference the [QUANT SIGNALS] with the [NEWS]. If the prediction is down by 0-1% but the technicals show a conflict (e.g., predicting 'Up' when Trend is 'Strong Downtrend'), explain this divergence logically (e.g., as a 'trend reversal' or 'short squeeze') rather than ignoring the data. The prediction result need to be inferred from your analysis at the end, and thus not appearing as a foundational factor of your analysis.","[Positive Developments]:
1. **Strong Uptrend Intact**: The daily trend is consistently classified as ""Strong Uptrend"" or ""Bullish,"" and the price maintains a healthy premium above the SMA50, indicating a robust underlying bullish structure.
2. **Significant Bullish Momentum Signal**: In the most recent week, the stock recorded a 7.02% surge on ""HUGE"" volume (Z-Score 3.3), accompanied by a bullish MACD crossover, signaling powerful buying pressure and a potential acceleration of the uptrend.
3. **Recent Outperformance Break**: During the large rally, META posted a strong +5.07% Alpha vs. the Nasdaq-100, breaking a pattern of underperformance and suggesting it can lead the market when momentum is favorable.

[Potential Concerns]:
1. **Persistent Underperformance Pattern**: Prior to the final week, META consistently underperformed the Nasdaq-100 (negative Alpha) on both down and up days, indicating relative weakness and a lack of leadership during that period.
2. **Overbought Short-Term Condition**: Following the 7% rally, the Daily RSI reached 71.2 (Overbought). This creates a vulnerability to a near-term pullback or consolidation as the move becomes extended.
3. **Intermittent Bearish Divergence**: The MACD showed bearish crossovers during the consolidation phase, and the trend, while strong, has shown recent volatility with sharp declines on high volume, suggesting periods of aggressive profit-taking.

[Prediction & Analysis]:
The prediction for a slight decline of 0-1% in the coming week is a call for consolidation following an overbought, high-volume surge. Technically, the stock is in a clear ""Strong Uptrend,"" which would typically favor further upside. However, the move to an overbought daily RSI (71.2) after a +7% weekly gain on massive volume is a classic signal for a pause or a minor pullback. The huge volume indicates a potential climax move where a large amount of buying was exhausted in a short period, often leading to a temporary equilibrium or retracement.

The analysis must reconcile the bullish trend with the bearish prediction. The key is the lack of company-specific news. All significant price moves, including the large rally, occurred in an ""absence of news."" This suggests the recent action is driven primarily by market and sector-level flows (e.g., rotation into mega-cap tech, ETF rebalancing, or beta-driven momentum) rather than a fundamental re-rating. Flow-driven rallies can reverse or stall just as quickly as they begin, especially when they leave the stock technically extended.

While the weekly RSI remains neutral, suggesting the longer-term trend is not exhausted, the short-term overbought condition and the absence of a new narrative catalyst make an immediate continuation of the rally less probable. The most likely scenario is a digestion of the recent gains, resulting in a slight downward drift or sideways action as the market seeks a new equilibrium.

[Primary Driver]:
Mixed",down by 0-1%,2024-09-23,2024-09-27,82,Mixed
"[Company Introduction]:\n\nMeta Platforms Inc is a leading entity in the Media sector. Incorporated and publicly traded since 2012-05-18, the company has established its reputation as one of the key players in the market. As of today, Meta Platforms Inc has a market capitalization of 1617119.55 in USD, with 2529.56 shares outstanding.\n\nMeta Platforms Inc operates primarily in the US, trading under the ticker META on the NASDAQ NMS - GLOBAL MARKET. As a dominant force in the Media space, the company continues to innovate and drive progress within the industry.\n\n[QUANT SIGNALS - STRUCTURAL]:\n- Price Move: META decreased by 0.38% (569.50 -> 567.36)\n- Alpha vs Nasdaq-100: -1.14% (Underperformed)\n- Market Context (VIX): N/A\n- Volume Status: Normal (Z-Score: -0.8)\n- Volatility (ATR): 13.50 (Normal)\n- Weekly RSI (Trend Strength): 60.2 (Neutral)\n\n[TECHNICALS - DAILY]:\n- Daily RSI: 95.6 (Overbought)\n- Trend: Strong Uptrend\n- MACD: Bullish Crossover\n- Mean Reversion: 10.1% from SMA50 (Normal)\n\n[NEWS]:\n\nNo relative news reported.\n\n[QUANT SIGNALS - STRUCTURAL]:\n- Price Move: META increased by 4.97% (567.70 -> 595.94)\n- Alpha vs Nasdaq-100: +5.13% (Outperformed)\n- Market Context (VIX): N/A\n- Volume Status: Normal (Z-Score: 0.5)\n- Volatility (ATR): 12.52 (Normal)\n- Weekly RSI (Trend Strength): 63.1 (Neutral)\n\n[TECHNICALS - DAILY]:\n- Daily RSI: 92.3 (Overbought)\n- Trend: Strong Uptrend\n- MACD: Bullish Crossover\n- Mean Reversion: 13.3% from SMA50 (Normal)\n\n[NEWS]:\n\nNo relative news reported.\nSome recent basic financials of META, reported at 2024-09-30, are presented below:\n\n[Basic Financials]:\n\nassetTurnoverTTM: 0.6654\nbookValue: 164529\ncashRatio: 1.3156915691569158\ncurrentRatio: 2.7323\nebitPerShare: 6.6731\neps: 6.0338\nev: 1433139.2\nevEbitdaTTM: 18.6804\nevRevenueTTM: 9.1735\nfcfMargin: 0.4057\nfcfPerShareTTM: 20.7005\ngrossMargin: 0.8183\nlongtermDebtTotalAsset: 0.1124\nlongtermDebtTotalCapital: 0.1491\nlongtermDebtTotalEquity: 0.1752\nnetDebtToTotalCapital: -0.0777\nnetDebtToTotalEquity: -0.0913\nnetMargin: 0.3865\noperatingMargin: 0.4275\npb: 8.8019\npeTTM: 26.0748\npfcfTTM: 27.7172\npretaxMargin: 0.4391\npsTTM: 9.2697\nptbv: 8.8543\nquickRatio: 2.571\nreceivablesTurnoverTTM: 11.3027\nroaTTM: 0.2366\nroeTTM: 0.356\nroicTTM: 0.3135\nrotcTTM: 0.3522\nsalesPerShare: 15.6112\nsgaToSale: 0.1817\ntangibleBookValue: 163556\ntotalDebtToEquity: 0.1752\ntotalDebtToTotalAsset: 0.1124\ntotalDebtToTotalCapital: 0.1491\ntotalRatio: 2.7907\n\nBased on all the information before 2024-10-07, let's first analyze the positive developments and potential concerns for META. Come up with 2-4 most important factors respectively and keep them concise. Integrate both quantitative signals and news to explain the movement. Then let's assume your prediction for the coming trading week (2024-10-07 pre-market to 2024-10-11 close) is down by 1-2%. Pay special attention to [WEEKEND NEWS - PRE-MARKET], because this information is available before Monday open. Provide a summary analysis to support your prediction. Before writing the analysis, cross-reference the [QUANT SIGNALS] with the [NEWS]. If the prediction is down by 1-2% but the technicals show a conflict (e.g., predicting 'Up' when Trend is 'Strong Downtrend'), explain this divergence logically (e.g., as a 'trend reversal' or 'short squeeze') rather than ignoring the data. The prediction result need to be inferred from your analysis at the end, and thus not appearing as a foundational factor of your analysis.","[Positive Developments]:
1. **Strong Financial Health & Profitability:** The latest financials show exceptional metrics, with a net margin of 38.65%, ROE of 35.6%, and a robust FCF margin of 40.57%. The balance sheet is a fortress with a cash ratio >1 and negative net debt, providing significant flexibility.
2. **Sustained Technical Uptrend:** The stock is in a strong uptrend with a bullish MACD crossover and consistent outperformance against the Nasdaq-100 (+5.13% Alpha in the second period), indicating strong relative momentum.
3. **Efficient Operations:** High gross (81.83%) and operating (42.75%) margins demonstrate the core business's continued efficiency and pricing power.

[Potential Concerns]:
1. **Extreme Overbought Conditions:** The daily RSI readings of 95.6 and 92.3 are at severely overbought levels, historically signaling a high probability of a near-term pullback or consolidation.
2. **Elevated Valuations:** Key valuation multiples are at premium levels (PE ~26, P/FCF ~28, PS ~9.3). This leaves limited room for multiple expansion and increases sensitivity to any negative news or shifts in sentiment.
3. **Lack of Fresh Catalysts:** The absence of recent company-specific news during the observed price surge suggests the move may be driven by momentum and market flows rather than new fundamental developments, making it vulnerable to a reversal.

[Prediction & Analysis]:
Prediction for the week of 2024-10-07 to 2024-10-11: Down 1-2%.

The prediction of a slight decline is primarily a technical call based on extreme overextension, despite overwhelmingly positive fundamentals and a strong bullish trend. The daily RSI above 95 is a rare and powerful signal of short-term exhaustion. While the weekly RSI remains neutral, suggesting the primary uptrend is intact, such extreme daily readings typically precede a period of consolidation or profit-taking. The stock's recent 4.97% surge on normal volume, without a specific catalyst, fits the pattern of a momentum-driven move reaching a climax. The strong financials and trend will likely act as a floor, preventing a deep correction, but the overbought condition is unsustainable in the very near term. The predicted 1-2% pullback represents a mild mean reversion within the ongoing uptrend, offering a healthier base for potential future moves.

[Primary Driver]:
Technical",down by 1-2%,2024-10-07,2024-10-11,84,Technical
"[Company Introduction]:\n\nMeta Platforms Inc is a leading entity in the Media sector. Incorporated and publicly traded since 2012-05-18, the company has established its reputation as one of the key players in the market. As of today, Meta Platforms Inc has a market capitalization of 1617119.55 in USD, with 2529.56 shares outstanding.\n\nMeta Platforms Inc operates primarily in the US, trading under the ticker META on the NASDAQ NMS - GLOBAL MARKET. As a dominant force in the Media space, the company continues to innovate and drive progress within the industry.\n\n[QUANT SIGNALS - STRUCTURAL]:\n- Price Move: META increased by 0.21% (526.87 -> 528.00)\n- Alpha vs Nasdaq-100: +0.48% (Outperformed)\n- Market Context (VIX): N/A\n- Volume Status: Normal (Z-Score: -0.6)\n- Volatility (ATR): 14.44 (Normal)\n- Weekly RSI (Trend Strength): 60.3 (Neutral)\n\n[TECHNICALS - DAILY]:\n- Daily RSI: 74.0 (Overbought)\n- Trend: Strong Uptrend\n- MACD: Bullish Crossover\n- Mean Reversion: 5.0% from SMA50 (Normal)\n\n[NEWS]:\n\nNo relative news reported.\n\n[QUANT SIGNALS - STRUCTURAL]:\n- Price Move: META decreased by 1.19% (527.60 -> 521.31)\n- Alpha vs Nasdaq-100: -1.39% (Underperformed)\n- Market Context (VIX): N/A\n- Volume Status: Normal (Z-Score: -0.8)\n- Volatility (ATR): 11.40 (Normal)\n- Weekly RSI (Trend Strength): 61.4 (Neutral)\n\n[TECHNICALS - DAILY]:\n- Daily RSI: 53.8 (Neutral)\n- Trend: Strong Uptrend\n- MACD: Bearish Crossover\n- Mean Reversion: 3.3% from SMA50 (Normal)\n\n[NEWS]:\n\nNo relative news reported.\n\n[QUANT SIGNALS - STRUCTURAL]:\n- Price Move: META decreased by 3.73% (519.64 -> 500.27)\n- Alpha vs Nasdaq-100: -0.89% (Underperformed)\n- Market Context (VIX): N/A\n- Volume Status: High (Z-Score: 1.3)\n- Volatility (ATR): 12.41 (Normal)\n- Weekly RSI (Trend Strength): 58.7 (Neutral)\n\n[TECHNICALS - DAILY]:\n- Daily RSI: 29.7 (Oversold)\n- Trend: Bullish\n- MACD: Bearish Crossover\n- Mean Reversion: -0.9% from SMA50 (Normal)\n\n[NEWS]:\n\nNo relative news reported.\n\n[QUANT SIGNALS - STRUCTURAL]:\n- Price Move: META increased by 3.65% (506.16 -> 524.62)\n- Alpha vs Nasdaq-100: -0.95% (Underperformed)\n- Market Context (VIX): N/A\n- Volume Status: Normal (Z-Score: -0.1)\n- Volatility (ATR): 13.18 (Normal)\n- Weekly RSI (Trend Strength): 56.5 (Neutral)\n\n[TECHNICALS - DAILY]:\n- Daily RSI: 47.7 (Neutral)\n- Trend: Strong Uptrend\n- MACD: Bearish Crossover\n- Mean Reversion: 3.8% from SMA50 (Normal)\n\n[NEWS]:\n\nNo relative news reported.\n[Basic Financials]:\n\nNo basic financial reported.\n\nBased on all the information before 2024-09-16, let's first analyze the positive developments and potential concerns for META. Come up with 2-4 most important factors respectively and keep them concise. Integrate both quantitative signals and news to explain the movement. Then let's assume your prediction for the coming trading week (2024-09-16 pre-market to 2024-09-20 close) is up by more than 5%. Pay special attention to [WEEKEND NEWS - PRE-MARKET], because this information is available before Monday open. Provide a summary analysis to support your prediction. Before writing the analysis, cross-reference the [QUANT SIGNALS] with the [NEWS]. If the prediction is up by more than 5% but the technicals show a conflict (e.g., predicting 'Up' when Trend is 'Strong Downtrend'), explain this divergence logically (e.g., as a 'trend reversal' or 'short squeeze') rather than ignoring the data. The prediction result need to be inferred from your analysis at the end, and thus not appearing as a foundational factor of your analysis.","[Positive Developments]:
1. **Technical Recovery Signal**: Daily RSI rebounded from an oversold level of 29.7 to a neutral 47.7, indicating reduced selling pressure and potential for a short-term bounce.
2. **Strong Underlying Trend**: The overall trend remains classified as ""Strong Uptrend"" across multiple days, suggesting persistent bullish momentum despite recent volatility.
3. **Resilient Price Action**: A 3.65% increase on the last observed day, following a significant drop, demonstrates buying interest and resilience, possibly marking a reversal from oversold conditions.
4. **Normalized Volume Post-Sell-off**: Volume returned to normal levels after a high-volume sell-off (Z-Score 1.3), which may indicate capitulation and subsequent stabilization, reducing downward pressure.

[Potential Concerns]:
1. **Relative Underperformance**: META underperformed the Nasdaq-100 on three of the four observed days (negative alpha), signaling weakness relative to the broader tech sector and potential loss of investor confidence.
2. **Bearish Momentum Indicators**: MACD showed bearish crossovers on most days, suggesting slowing upward momentum and a risk of further consolidation or decline.
3. **Overbought Vulnerability**: Earlier overbought conditions (Daily RSI 74.0) preceded price corrections, highlighting sensitivity to technical pullbacks in the absence of catalysts.
4. **Elevated Volatility**: Significant price swings, including a 3.73% drop on high volume, reflect heightened volatility and uncertainty, which could persist in the short term.

[Prediction & Analysis]:
Assuming a prediction of up by more than 5% for the coming week (2024-09-16 to 2024-09-20), this outlook is primarily driven by a technical rebound scenario, despite mixed signals. The analysis cross-references quant signals with the absence of news:

- **Technical Reality**: The daily RSI's recovery from oversold levels (29.7 to 47.7) provides room for upward movement, as the stock is no longer extended to the downside. The ""Strong Uptrend"" classification on the last day suggests the broader trend remains intact, but the bearish MACD crossover indicates potential resistance. A 5%+ rally would require overcoming this divergence, likely through a momentum shift fueled by market flows or a technical breakout from the recent consolidation.

- **Relative Performance**: While META underperformed the Nasdaq-100 recently, this underperformance could set the stage for a catch-up rally if broader market conditions improve. The neutral weekly RSI (56.5) and normal volatility (ATR 13.18) imply stability, reducing the risk of sharp declines.

- **News Catalyst**: No company-specific news was reported, so the predicted move cannot be attributed to fundamental catalysts. Instead, it must be explained by market mechanics.

- **Dealing with ""No News""**: The recent price movements—including the sell-off and rebound—are best interpreted as driven by **technical corrections and institutional flows**. The high-volume drop on Day 3 likely represented profit-taking or sector rotation, followed by a rebound as buyers entered at oversold levels. For the upcoming week, the absence of news means the anticipated 5%+ gain would stem from a **technical reversal pattern**, such as a bounce from support near the SMA50 (mean reversion was normal at 3.8%), combined with potential **beta-driven momentum** if the tech sector rallies. The prediction assumes that the oversold condition has primed the stock for a short squeeze or trend resumption, overriding the bearish MACD signals.

[Primary Driver]:
Technical",up by more than 5%,2024-09-16,2024-09-20,81,Technical
"[Company Introduction]:\n\nMeta Platforms Inc is a leading entity in the Media sector. Incorporated and publicly traded since 2012-05-18, the company has established its reputation as one of the key players in the market. As of today, Meta Platforms Inc has a market capitalization of 1617119.55 in USD, with 2529.56 shares outstanding.\n\nMeta Platforms Inc operates primarily in the US, trading under the ticker META on the NASDAQ NMS - GLOBAL MARKET. As a dominant force in the Media space, the company continues to innovate and drive progress within the industry.\n\n[QUANT SIGNALS - STRUCTURAL]:\n- Price Move: META decreased by 0.38% (569.50 -> 567.36)\n- Alpha vs Nasdaq-100: -1.14% (Underperformed)\n- Market Context (VIX): N/A\n- Volume Status: Normal (Z-Score: -0.8)\n- Volatility (ATR): 13.50 (Normal)\n- Weekly RSI (Trend Strength): 60.2 (Neutral)\n\n[TECHNICALS - DAILY]:\n- Daily RSI: 95.6 (Overbought)\n- Trend: Strong Uptrend\n- MACD: Bullish Crossover\n- Mean Reversion: 10.1% from SMA50 (Normal)\n\n[NEWS]:\n\nNo relative news reported.\nSome recent basic financials of META, reported at 2024-09-30, are presented below:\n\n[Basic Financials]:\n\nassetTurnoverTTM: 0.6654\nbookValue: 164529\ncashRatio: 1.3156915691569158\ncurrentRatio: 2.7323\nebitPerShare: 6.6731\neps: 6.0338\nev: 1433139.2\nevEbitdaTTM: 18.6804\nevRevenueTTM: 9.1735\nfcfMargin: 0.4057\nfcfPerShareTTM: 20.7005\ngrossMargin: 0.8183\nlongtermDebtTotalAsset: 0.1124\nlongtermDebtTotalCapital: 0.1491\nlongtermDebtTotalEquity: 0.1752\nnetDebtToTotalCapital: -0.0777\nnetDebtToTotalEquity: -0.0913\nnetMargin: 0.3865\noperatingMargin: 0.4275\npb: 8.8019\npeTTM: 26.0748\npfcfTTM: 27.7172\npretaxMargin: 0.4391\npsTTM: 9.2697\nptbv: 8.8543\nquickRatio: 2.571\nreceivablesTurnoverTTM: 11.3027\nroaTTM: 0.2366\nroeTTM: 0.356\nroicTTM: 0.3135\nrotcTTM: 0.3522\nsalesPerShare: 15.6112\nsgaToSale: 0.1817\ntangibleBookValue: 163556\ntotalDebtToEquity: 0.1752\ntotalDebtToTotalAsset: 0.1124\ntotalDebtToTotalCapital: 0.1491\ntotalRatio: 2.7907\n\nBased on all the information before 2024-09-30, let's first analyze the positive developments and potential concerns for META. Come up with 2-4 most important factors respectively and keep them concise. Integrate both quantitative signals and news to explain the movement. Then let's assume your prediction for the coming trading week (2024-09-30 pre-market to 2024-10-04 close) is up by 4-5%. Pay special attention to [WEEKEND NEWS - PRE-MARKET], because this information is available before Monday open. Provide a summary analysis to support your prediction. Before writing the analysis, cross-reference the [QUANT SIGNALS] with the [NEWS]. If the prediction is up by 4-5% but the technicals show a conflict (e.g., predicting 'Up' when Trend is 'Strong Downtrend'), explain this divergence logically (e.g., as a 'trend reversal' or 'short squeeze') rather than ignoring the data. The prediction result need to be inferred from your analysis at the end, and thus not appearing as a foundational factor of your analysis.","[Positive Developments]:
1. Strong Financial Health: Meta exhibits robust profitability with high gross margin (81.83%), net margin (38.65%), and operating margin (42.75%), supported by a solid balance sheet with no net debt (negative net debt ratios) and strong free cash flow (FCF margin of 40.57%).
2. Technical Momentum: The daily MACD shows a bullish crossover, and the stock is in a strong uptrend, indicating sustained buying interest and positive momentum despite recent slight price decrease.
3. Operational Efficiency: Key efficiency metrics are healthy, including asset turnover (0.6654) and receivables turnover (11.3027), reflecting effective management and potential for sustained growth.

[Potential Concerns]:
1. Extreme Overbought Condition: Daily RSI at 95.6 is deeply overbought, signaling a high probability of a near-term correction or consolidation, which could limit upside potential.
2. Relative Underperformance: META underperformed the Nasdaq-100 by 1.14% during the period, suggesting weakness relative to peers or broader market trends, possibly due to profit-taking after recent gains.
3. Absence of Catalysts: No recent company-specific news reported, which may lead to reliance on technicals or market flows for direction, increasing vulnerability to sentiment shifts.

[Prediction & Analysis]:
Assuming a prediction of up 4-5% for the trading week from 2024-09-30 pre-market to 2024-10-04 close, this move conflicts with the extreme daily RSI of 95.6, which typically indicates overextension. However, the analysis supports this prediction through the following logic:

- **Technical Reality**: While daily RSI is overbought, the weekly RSI at 60.2 remains neutral, suggesting that the longer-term trend is not exhausted. The strong uptrend and bullish MACD crossover imply that momentum could persist, especially if the stock experiences a brief consolidation followed by a breakout. Overbought conditions can sustain in powerful trends, and a 4-5% rally might occur as part of a ""melt-up"" scenario, driven by institutional flows or short covering.
- **Relative Performance**: The underperformance vs. Nasdaq-100 (-1.14% Alpha) may set the stage for a catch-up rally if broader market sentiment improves, particularly given Meta's strong financials. With no net debt and high profitability, it is well-positioned to attract buyers during market strength.
- **News Catalyst**: No specific news is reported, including over the weekend pre-market. Therefore, any price movement must be attributed to market mechanics rather than fundamental catalysts. The anticipated rally is likely driven by technical factors (e.g., continuation of the uptrend) or flow dynamics (e.g., sector rotation into media/tech stocks, as indicated by normal volume and volatility).
- **Dealing with ""No News""**: The slight decrease of 0.38% and underperformance in the prior period, despite no news, can be explained by profit-taking after a strong run. For the upcoming week, the predicted up move is ascribed to a technical breakout above resistance levels, supported by the bullish MACD and strong uptrend, potentially fueled by institutional inflows (as volume Z-score is normal but could spike) or beta-driven momentum if the Nasdaq rallies.

Given the overbought daily RSI, a 4-5% rally would require either a brief dip to relieve overbought conditions before surging, or a forceful move that defies mean reversion temporarily. This is plausible in a low-volatility environment (ATR normal) and with strong underlying fundamentals.

[Primary Driver]:
Mixed (combination of technical setup and flow dynamics, as no narrative catalyst is present, but technical momentum and market flows could drive the move).",up by 4-5%,2024-09-30,2024-10-04,83,"Mixed (combination of technical setup and flow dynamics, as no narrative catalyst is present, but technical momentum and market flows could drive the move)."
"[Company Introduction]:\n\nMeta Platforms Inc is a leading entity in the Media sector. Incorporated and publicly traded since 2012-05-18, the company has established its reputation as one of the key players in the market. As of today, Meta Platforms Inc has a market capitalization of 1617119.55 in USD, with 2529.56 shares outstanding.\n\nMeta Platforms Inc operates primarily in the US, trading under the ticker META on the NASDAQ NMS - GLOBAL MARKET. As a dominant force in the Media space, the company continues to innovate and drive progress within the industry.\n\n[QUANT SIGNALS - STRUCTURAL]:\n- Price Move: META decreased by 1.38% (598.22 -> 589.95)\n- Alpha vs Nasdaq-100: -3.72% (Underperformed)\n- Market Context (VIX): N/A\n- Volume Status: Normal (Z-Score: -0.9)\n- Volatility (ATR): 11.82 (Normal)\n- Weekly RSI (Trend Strength): 65.5 (Neutral)\n\n[TECHNICALS - DAILY]:\n- Daily RSI: 66.5 (Neutral)\n- Trend: Strong Uptrend\n- MACD: Bullish Crossover\n- Mean Reversion: 9.8% from SMA50 (Normal)\n\n[NEWS]:\n\nNo relative news reported.\n[WEEKEND NEWS - PRE-MARKET]:\n[Headline]: Apple Headset Stalls, Struggles to Attract Killer Apps in First Year\n[Summary]: Many of the most successful virtual-reality software developers haven’t built apps for the Vision Pro headset, leading some users to opt out.\n\nSome recent basic financials of META, reported at 2024-09-30, are presented below:\n\n[Basic Financials]:\n\nassetTurnoverTTM: 0.6654\nbookValue: 164529\ncashRatio: 1.3156915691569158\ncurrentRatio: 2.7323\nebitPerShare: 6.6731\neps: 6.0338\nev: 1433139.2\nevEbitdaTTM: 18.6804\nevRevenueTTM: 9.1735\nfcfMargin: 0.4057\nfcfPerShareTTM: 20.7005\ngrossMargin: 0.8183\nlongtermDebtTotalAsset: 0.1124\nlongtermDebtTotalCapital: 0.1491\nlongtermDebtTotalEquity: 0.1752\nnetDebtToTotalCapital: -0.0777\nnetDebtToTotalEquity: -0.0913\nnetMargin: 0.3865\noperatingMargin: 0.4275\npb: 8.8019\npeTTM: 26.0748\npfcfTTM: 27.7172\npretaxMargin: 0.4391\npsTTM: 9.2697\nptbv: 8.8543\nquickRatio: 2.571\nreceivablesTurnoverTTM: 11.3027\nroaTTM: 0.2366\nroeTTM: 0.356\nroicTTM: 0.3135\nrotcTTM: 0.3522\nsalesPerShare: 15.6112\nsgaToSale: 0.1817\ntangibleBookValue: 163556\ntotalDebtToEquity: 0.1752\ntotalDebtToTotalAsset: 0.1124\ntotalDebtToTotalCapital: 0.1491\ntotalRatio: 2.7907\n\nBased on all the information before 2024-10-14, let's first analyze the positive developments and potential concerns for META. Come up with 2-4 most important factors respectively and keep them concise. Integrate both quantitative signals and news to explain the movement. Then let's assume your prediction for the coming trading week (2024-10-14 pre-market to 2024-10-18 close) is down by 2-3%. Pay special attention to [WEEKEND NEWS - PRE-MARKET], because this information is available before Monday open. Provide a summary analysis to support your prediction. Before writing the analysis, cross-reference the [QUANT SIGNALS] with the [NEWS]. If the prediction is down by 2-3% but the technicals show a conflict (e.g., predicting 'Up' when Trend is 'Strong Downtrend'), explain this divergence logically (e.g., as a 'trend reversal' or 'short squeeze') rather than ignoring the data. The prediction result need to be inferred from your analysis at the end, and thus not appearing as a foundational factor of your analysis.","[Positive Developments]:
1. Strong bullish technical structure with a daily Strong Uptrend, MACD Bullish Crossover, and neutral RSI (66.5), indicating sustained momentum without overextension.
2. Excellent financial health evidenced by high profitability (net margin of 38.65%), robust free cash flow (FCF margin of 40.57%), and a net debt to total capital of -7.77%, signaling strong liquidity and low financial risk.
3. Consistent operational efficiency with high ROE (35.6%) and ROIC (31.35%), supporting long-term growth prospects in the media and technology sectors.

[Potential Concerns]:
1. Significant relative underperformance with an Alpha of -3.72% vs. the Nasdaq-100, suggesting hidden weakness or sector-specific outflows despite no company-specific negative news.
2. Negative industry sentiment spillover from the weekend news about Apple's Vision Pro headset struggling to attract apps, which may dampen investor optimism around the VR/AR market, a key area for META's metaverse investments.
3. Elevated valuation metrics (P/E TTM of 26.07 and P/S TTM of 9.27) that could limit near-term upside without immediate catalysts, increasing susceptibility to profit-taking.

[Prediction & Analysis]:
The prediction for META's stock price to decline by 2-3% in the coming week is based on a confluence of factors despite its strong technical uptrend. First, the technical reality shows a neutral RSI and a mean reversion of 9.8% from the SMA50, which aligns with a potential short-term pullback within the broader uptrend—such corrections are common and healthy. Second, the relative underperformance (-3.72% Alpha) indicates persistent selling pressure or sector rotation, likely exacerbated by the weekend news about Apple's VR challenges. This news, while not directly about META, introduces a negative narrative for the VR ecosystem, potentially affecting sentiment toward META's metaverse initiatives. With no positive company-specific news to counter this, market mechanics such as sector-level repricing and institutional flows (evidenced by the underperformance) are expected to drive the decline. The normal volume and volatility further suggest an orderly move rather than a panic sell-off. Thus, the predicted down move represents a technical correction fueled by narrative-driven concerns and relative weakness.

[Primary Driver]:
Mixed",down by 2-3%,2024-10-14,2024-10-18,85,Mixed
"[Company Introduction]:\n\nMeta Platforms Inc is a leading entity in the Media sector. Incorporated and publicly traded since 2012-05-18, the company has established its reputation as one of the key players in the market. As of today, Meta Platforms Inc has a market capitalization of 1617119.55 in USD, with 2529.56 shares outstanding.\n\nMeta Platforms Inc operates primarily in the US, trading under the ticker META on the NASDAQ NMS - GLOBAL MARKET. As a dominant force in the Media space, the company continues to innovate and drive progress within the industry.\n\n[QUANT SIGNALS - STRUCTURAL]:\n- Price Move: META increased by 4.97% (567.70 -> 595.94)\n- Alpha vs Nasdaq-100: +5.13% (Outperformed)\n- Market Context (VIX): N/A\n- Volume Status: Normal (Z-Score: 0.5)\n- Volatility (ATR): 12.52 (Normal)\n- Weekly RSI (Trend Strength): 63.1 (Neutral)\n\n[TECHNICALS - DAILY]:\n- Daily RSI: 92.3 (Overbought)\n- Trend: Strong Uptrend\n- MACD: Bullish Crossover\n- Mean Reversion: 13.3% from SMA50 (Normal)\n\n[NEWS]:\n\nNo relative news reported.\n\n[QUANT SIGNALS - STRUCTURAL]:\n- Price Move: META decreased by 1.38% (598.22 -> 589.95)\n- Alpha vs Nasdaq-100: -3.72% (Underperformed)\n- Market Context (VIX): N/A\n- Volume Status: Normal (Z-Score: -0.9)\n- Volatility (ATR): 11.82 (Normal)\n- Weekly RSI (Trend Strength): 65.5 (Neutral)\n\n[TECHNICALS - DAILY]:\n- Daily RSI: 66.5 (Neutral)\n- Trend: Strong Uptrend\n- MACD: Bullish Crossover\n- Mean Reversion: 9.8% from SMA50 (Normal)\n\n[NEWS]:\n\nNo relative news reported.\n\n[QUANT SIGNALS - STRUCTURAL]:\n- Price Move: META decreased by 2.99% (594.22 -> 576.47)\n- Alpha vs Nasdaq-100: -2.38% (Underperformed)\n- Market Context (VIX): N/A\n- Volume Status: Normal (Z-Score: -1.1)\n- Volatility (ATR): 11.32 (Normal)\n- Weekly RSI (Trend Strength): 59.4 (Neutral)\n\n[TECHNICALS - DAILY]:\n- Daily RSI: 52.5 (Neutral)\n- Trend: Strong Uptrend\n- MACD: Bearish Crossover\n- Mean Reversion: 5.5% from SMA50 (Normal)\n\n[NEWS]:\n\nNo relative news reported.\n\n[QUANT SIGNALS - STRUCTURAL]:\n- Price Move: META decreased by 0.48% (576.03 -> 573.25)\n- Alpha vs Nasdaq-100: -0.46% (Underperformed)\n- Market Context (VIX): N/A\n- Volume Status: Normal (Z-Score: 0.5)\n- Volatility (ATR): 10.88 (Normal)\n- Weekly RSI (Trend Strength): 66.3 (Neutral)\n\n[TECHNICALS - DAILY]:\n- Daily RSI: 42.2 (Neutral)\n- Trend: Strong Uptrend\n- MACD: Bearish Crossover\n- Mean Reversion: 4.0% from SMA50 (Normal)\n\n[NEWS]:\n\nNo relative news reported.\n[Basic Financials]:\n\nNo basic financial reported.\n\nBased on all the information before 2024-10-28, let's first analyze the positive developments and potential concerns for META. Come up with 2-4 most important factors respectively and keep them concise. Integrate both quantitative signals and news to explain the movement. Then let's assume your prediction for the coming trading week (2024-10-28 pre-market to 2024-11-01 close) is down by 2-3%. Pay special attention to [WEEKEND NEWS - PRE-MARKET], because this information is available before Monday open. Provide a summary analysis to support your prediction. Before writing the analysis, cross-reference the [QUANT SIGNALS] with the [NEWS]. If the prediction is down by 2-3% but the technicals show a conflict (e.g., predicting 'Up' when Trend is 'Strong Downtrend'), explain this divergence logically (e.g., as a 'trend reversal' or 'short squeeze') rather than ignoring the data. The prediction result need to be inferred from your analysis at the end, and thus not appearing as a foundational factor of your analysis.","[Positive Developments]:
1. Sustained strong uptrend across all observed periods, indicating underlying bullish momentum.
2. Initial outperformance vs. Nasdaq-100 (+5.13%) demonstrating relative strength and alpha generation.
3. Weekly RSI remains in neutral territory (59.4–66.3), avoiding overbought conditions on a longer timeframe and leaving room for stability.

[Potential Concerns]:
1. Consistent underperformance vs. Nasdaq-100 in subsequent periods (-3.72%, -2.38%, -0.46%), signaling relative weakness and loss of momentum.
2. Extreme overbought daily RSI (92.3) followed by bearish MACD crossovers, suggesting a technical pullback is underway.
3. Price action shifted from a 4.97% gain to consecutive declines (-1.38%, -2.99%, -0.48%), reflecting profit-taking and selling pressure without fundamental catalysts.

[Prediction & Analysis]:
The prediction for the upcoming week is a decline of 2–3%. This is primarily driven by technical factors: the daily RSI hit an extreme overbought level of 92.3, which historically precedes corrections, and the subsequent bearish MACD crossovers confirm weakening short-term momentum. Despite the strong uptrend, the stock has underperformed the Nasdaq-100 in recent periods, indicating hidden weakness likely due to profit-taking and mean reversion after the overextended rally. With no company-specific news to alter the narrative, the move is attributed to market mechanics—specifically, technical decompression and institutional flows as volume remained normal but price action deteriorated. The weekly RSI is neutral, so a 2–3% drop would represent a healthy pullback within the broader uptrend, potentially offering a buying opportunity once oversold conditions emerge.

[Primary Driver]:
Technical",down by 2-3%,2024-10-28,2024-11-01,87,Technical
"[Company Introduction]:\n\nMeta Platforms Inc is a leading entity in the Media sector. Incorporated and publicly traded since 2012-05-18, the company has established its reputation as one of the key players in the market. As of today, Meta Platforms Inc has a market capitalization of 1617119.55 in USD, with 2529.56 shares outstanding.\n\nMeta Platforms Inc operates primarily in the US, trading under the ticker META on the NASDAQ NMS - GLOBAL MARKET. As a dominant force in the Media space, the company continues to innovate and drive progress within the industry.\n\n[QUANT SIGNALS - STRUCTURAL]:\n- Price Move: META decreased by 0.38% (569.50 -> 567.36)\n- Alpha vs Nasdaq-100: -1.14% (Underperformed)\n- Market Context (VIX): N/A\n- Volume Status: Normal (Z-Score: -0.8)\n- Volatility (ATR): 13.50 (Normal)\n- Weekly RSI (Trend Strength): 60.2 (Neutral)\n\n[TECHNICALS - DAILY]:\n- Daily RSI: 95.6 (Overbought)\n- Trend: Strong Uptrend\n- MACD: Bullish Crossover\n- Mean Reversion: 10.1% from SMA50 (Normal)\n\n[NEWS]:\n\nNo relative news reported.\n\n[QUANT SIGNALS - STRUCTURAL]:\n- Price Move: META increased by 4.97% (567.70 -> 595.94)\n- Alpha vs Nasdaq-100: +5.13% (Outperformed)\n- Market Context (VIX): N/A\n- Volume Status: Normal (Z-Score: 0.5)\n- Volatility (ATR): 12.52 (Normal)\n- Weekly RSI (Trend Strength): 63.1 (Neutral)\n\n[TECHNICALS - DAILY]:\n- Daily RSI: 92.3 (Overbought)\n- Trend: Strong Uptrend\n- MACD: Bullish Crossover\n- Mean Reversion: 13.3% from SMA50 (Normal)\n\n[NEWS]:\n\nNo relative news reported.\n\n[QUANT SIGNALS - STRUCTURAL]:\n- Price Move: META decreased by 1.38% (598.22 -> 589.95)\n- Alpha vs Nasdaq-100: -3.72% (Underperformed)\n- Market Context (VIX): N/A\n- Volume Status: Normal (Z-Score: -0.9)\n- Volatility (ATR): 11.82 (Normal)\n- Weekly RSI (Trend Strength): 65.5 (Neutral)\n\n[TECHNICALS - DAILY]:\n- Daily RSI: 66.5 (Neutral)\n- Trend: Strong Uptrend\n- MACD: Bullish Crossover\n- Mean Reversion: 9.8% from SMA50 (Normal)\n\n[NEWS]:\n\nNo relative news reported.\n\n[QUANT SIGNALS - STRUCTURAL]:\n- Price Move: META decreased by 2.99% (594.22 -> 576.47)\n- Alpha vs Nasdaq-100: -2.38% (Underperformed)\n- Market Context (VIX): N/A\n- Volume Status: Normal (Z-Score: -1.1)\n- Volatility (ATR): 11.32 (Normal)\n- Weekly RSI (Trend Strength): 59.4 (Neutral)\n\n[TECHNICALS - DAILY]:\n- Daily RSI: 52.5 (Neutral)\n- Trend: Strong Uptrend\n- MACD: Bearish Crossover\n- Mean Reversion: 5.5% from SMA50 (Normal)\n\n[NEWS]:\n\nNo relative news reported.\n[WEEKEND NEWS - PRE-MARKET]:\n[Headline] (Sentiment: -0.10): Consumer Tech News (Oct 14-18): Biden Administration Considers Imposing Restrictions On Chip Sales, Apple Inks Secret Deal With BYD & More\n[Summary]:  \n\n[Basic Financials]:\n\nNo basic financial reported.\n\nBased on all the information before 2024-10-21, let's first analyze the positive developments and potential concerns for META. Come up with 2-4 most important factors respectively and keep them concise. Integrate both quantitative signals and news to explain the movement. Then let's assume your prediction for the coming trading week (2024-10-21 pre-market to 2024-10-25 close) is down by 0-1%. Pay special attention to [WEEKEND NEWS - PRE-MARKET], because this information is available before Monday open. Provide a summary analysis to support your prediction. Before writing the analysis, cross-reference the [QUANT SIGNALS] with the [NEWS]. If the prediction is down by 0-1% but the technicals show a conflict (e.g., predicting 'Up' when Trend is 'Strong Downtrend'), explain this divergence logically (e.g., as a 'trend reversal' or 'short squeeze') rather than ignoring the data. The prediction result need to be inferred from your analysis at the end, and thus not appearing as a foundational factor of your analysis.","[Positive Developments]:
1. **Strong Underlying Uptrend**: Technical analysis consistently indicates a ""Strong Uptrend,"" suggesting sustained bullish momentum despite recent pullbacks, with mean reversion from the SMA50 remaining normal.
2. **Weekly RSI Neutrality**: The weekly RSI is in neutral territory (59.4 to 65.5), indicating no long-term overextension and providing room for potential stability or recovery.
3. **Historical Outperformance Capability**: In one period, META outperformed the Nasdaq-100 by +5.13%, demonstrating its ability to generate alpha during favorable market conditions.

[Potential Concerns]:
1. **Recent Momentum Deterioration**: The MACD has shifted to a Bearish Crossover, and daily RSI has cooled rapidly from overbought levels to neutral (52.5), signaling weakening short-term momentum and possible profit-taking.
2. **Consistent Underperformance vs. Index**: META underperformed the Nasdaq-100 in three of the four observed periods, highlighting relative weakness that may reflect sector rotation or investor caution.
3. **Negative Sector Catalyst**: Weekend news with negative sentiment (-0.10) mentions potential chip sales restrictions by the Biden Administration, which could impact tech sector sentiment and Meta's AI/data center operations, adding fundamental uncertainty.
4. **Price Decline Pattern**: Sequential price decreases (e.g., -1.38% and -2.99% in recent periods) on normal volume suggest increasing selling pressure without company-specific news.

[Prediction & Analysis]:
The prediction for the upcoming week (2024-10-21 pre-market to 2024-10-25 close) is a slight decline of 0-1%, driven by a confluence of technical and narrative factors. 

- **Technical Reality**: While the daily trend remains labeled as a ""Strong Uptrend,"" the daily RSI has normalized from extreme overbought conditions, and the MACD shows a Bearish Crossover. This divergence indicates that short-term overheating has been corrected, but the bearish crossover and recent underperformance suggest limited upside in the near term. The neutral weekly RSI (59.4) supports a consolidation phase rather than a sharp downturn, aligning with a minor pullback within the broader uptrend.

- **Relative Performance**: META's alpha vs. the Nasdaq-100 has been negative in recent periods, underperforming by up to -3.72%. This underperformance, despite no company-specific news, points to hidden weaknesses or capital flows away from Meta relative to peers, likely due to broader tech sector dynamics.

- **News Catalyst**: The weekend news introduces a negative narrative for the tech sector, with potential chip restrictions posing indirect risks to Meta's operations. Although not directly about Meta, this could dampen investor sentiment and exacerbate technical softness. The absence of positive company-specific news fails to counterbalance this, leaving the stock vulnerable to sector-wide headwinds.

- **Dealing with ""No News""**: For the periods with no relative news, price movements are attributed to market mechanics. The 4.97% increase likely resulted from a technical breakout or beta-driven momentum during a bullish phase, while subsequent declines reflect profit-taking after overbought conditions and institutional flows indicated by normal volume Z-scores. The latest drop of -2.99% aligns with this pattern, driven by technical correction rather than fundamentals.

Given these factors, the predicted down move of 0-1% reflects a cautious consolidation. The technical setup allows for a modest decline without breaking the uptrend, supported by sector negativity and momentum indicators. This is not a reversal but a healthy pullback within the ongoing trend.

[Primary Driver]:
Mixed",down by 0-1%,2024-10-21,2024-10-25,86,Mixed
"[Company Introduction]:\n\nMeta Platforms Inc is a leading entity in the Media sector. Incorporated and publicly traded since 2012-05-18, the company has established its reputation as one of the key players in the market. As of today, Meta Platforms Inc has a market capitalization of 1617119.55 in USD, with 2529.56 shares outstanding.\n\nMeta Platforms Inc operates primarily in the US, trading under the ticker META on the NASDAQ NMS - GLOBAL MARKET. As a dominant force in the Media space, the company continues to innovate and drive progress within the industry.\n\n[QUANT SIGNALS - STRUCTURAL]:\n- Price Move: META increased by 4.47% (564.10 -> 589.34)\n- Alpha vs Nasdaq-100: -1.31% (Underperformed)\n- Market Context (VIX): N/A\n- Volume Status: Normal (Z-Score: -0.6)\n- Volatility (ATR): 14.86 (Normal)\n- Weekly RSI (Trend Strength): 73.7 (Overbought)\n\n[TECHNICALS - DAILY]:\n- Daily RSI: 55.8 (Neutral)\n- Trend: Strong Uptrend\n- MACD: Bearish Crossover\n- Mean Reversion: 4.9% from SMA50 (Normal)\n\n[NEWS]:\n\nNo relative news reported.\n\n[QUANT SIGNALS - STRUCTURAL]:\n- Price Move: META decreased by 5.51% (586.36 -> 554.08)\n- Alpha vs Nasdaq-100: -2.14% (Underperformed)\n- Market Context (VIX): N/A\n- Volume Status: Normal (Z-Score: 0.7)\n- Volatility (ATR): 15.62 (Normal)\n- Weekly RSI (Trend Strength): 73.6 (Overbought)\n\n[TECHNICALS - DAILY]:\n- Daily RSI: 40.0 (Neutral)\n- Trend: Bullish\n- MACD: Bearish Crossover\n- Mean Reversion: -2.5% from SMA50 (Normal)\n\n[NEWS]:\n\nNo relative news reported.\n[Basic Financials]:\n\nNo basic financial reported.\n\nBased on all the information before 2024-11-18, let's first analyze the positive developments and potential concerns for META. Come up with 2-4 most important factors respectively and keep them concise. Integrate both quantitative signals and news to explain the movement. Then let's assume your prediction for the coming trading week (2024-11-18 pre-market to 2024-11-22 close) is up by 0-1%. Pay special attention to [WEEKEND NEWS - PRE-MARKET], because this information is available before Monday open. Provide a summary analysis to support your prediction. Before writing the analysis, cross-reference the [QUANT SIGNALS] with the [NEWS]. If the prediction is up by 0-1% but the technicals show a conflict (e.g., predicting 'Up' when Trend is 'Strong Downtrend'), explain this divergence logically (e.g., as a 'trend reversal' or 'short squeeze') rather than ignoring the data. The prediction result need to be inferred from your analysis at the end, and thus not appearing as a foundational factor of your analysis.","[Positive Developments]:
1. **Strong Uptrend Intact**: Despite recent volatility, the overall daily trend structure is still classified as ""Bullish"" and ""Strong Uptrend."" The price remains in a normal range relative to its 50-day moving average (-2.5% to 4.9%), indicating the core upward momentum has not broken.
2. **Healthy Pullback Relief**: The sharp 5.51% decline brought the daily RSI down from a neutral 55.8 to 40.0, alleviating some overbought pressure on the shorter time frame and potentially creating a more sustainable base for movement.

[Potential Concerns]:
1. **Persistent Alpha Underperformance vs. Index**: META underperformed the Nasdaq-100 by -1.31% and -2.14% in consecutive weeks, despite one week showing a price gain. This relative weakness suggests institutional selling or sector rotation away from META, even amidst general market strength.
2. **Overbought Weekly RSI & Bearish MACD**: The weekly RSI remains elevated at ~73.6, signaling the stock is overextended on a longer-term basis. This is compounded by a bearish crossover on the daily MACD, a momentum indicator that often precedes further downside or consolidation.
3. **High-Volatility Drop on No News**: The 5.51% weekly decline occurred on normal volume but without any company-specific news. This points to the move being driven by broader market flows, technical selling (profit-taking at resistance), or a reaction to sector-wide headwinds, which can be less predictable than news-driven moves.

[Prediction & Analysis]:
The prediction for the upcoming week is a slight upward move of 0-1%. This is not a forecast of a resumption of the strong uptrend, but rather a view of choppy, range-bound consolidation with a slight upward bias. The analysis is conflicted:

*   **Technical Reality Conflict**: The weekly RSI overbought condition and bearish MACD warn against expecting a significant rally. The strong daily uptrend and the recent pullback to a neutral daily RSI, however, provide a technical basis for a short-term stabilization or minor bounce. The prediction of a small gain acknowledges these opposing forces, leaning toward a muted, range-bound resolution rather than a decisive breakout or breakdown.
*   **Relative Performance Concern**: The consistent alpha underperformance is a significant headwind. It suggests that even if the market rallies, META may continue to lag, capping upside potential. This supports a muted ""up 0-1%"" call rather than a more optimistic forecast.
*   **News & Flow Drivers**: The absence of fundamental news shifts the focus entirely to market mechanics. The prior week's decline is best explained as **profit-taking driven by technical overextension** (high weekly RSI) and **sector-level repricing** (implied by its underperformance vs. NDX). For the coming week, in the absence of a new negative catalyst, some mean reversion or stabilization within the prevailing uptrend channel is the most likely path.

**Summary**: META is in a technical tug-of-war between a longer-term overbought condition and a still-bullish daily trend structure. Its underperformance indicates it is not a current market leader. The predicted minor weekly gain reflects an expectation of consolidation—a battle between short-term dip buyers and longer-term profit-takers—resulting in limited net movement.

[Primary Driver]:
**Mixed** (Technically-driven profit-taking meeting trend-based support in the absence of a narrative).",up by 0-1%,2024-11-18,2024-11-22,90,**Mixed** (Technically-driven profit-taking meeting trend-based support in the absence of a narrative).
"[Company Introduction]:\n\nMeta Platforms Inc is a leading entity in the Media sector. Incorporated and publicly traded since 2012-05-18, the company has established its reputation as one of the key players in the market. As of today, Meta Platforms Inc has a market capitalization of 1617119.55 in USD, with 2529.56 shares outstanding.\n\nMeta Platforms Inc operates primarily in the US, trading under the ticker META on the NASDAQ NMS - GLOBAL MARKET. As a dominant force in the Media space, the company continues to innovate and drive progress within the industry.\n\n[QUANT SIGNALS - STRUCTURAL]:\n- Price Move: META decreased by 2.99% (594.22 -> 576.47)\n- Alpha vs Nasdaq-100: -2.38% (Underperformed)\n- Market Context (VIX): N/A\n- Volume Status: Normal (Z-Score: -1.1)\n- Volatility (ATR): 11.32 (Normal)\n- Weekly RSI (Trend Strength): 59.4 (Neutral)\n\n[TECHNICALS - DAILY]:\n- Daily RSI: 52.5 (Neutral)\n- Trend: Strong Uptrend\n- MACD: Bearish Crossover\n- Mean Reversion: 5.5% from SMA50 (Normal)\n\n[NEWS]:\n\nNo relative news reported.\n\n[QUANT SIGNALS - STRUCTURAL]:\n- Price Move: META decreased by 0.48% (576.03 -> 573.25)\n- Alpha vs Nasdaq-100: -0.46% (Underperformed)\n- Market Context (VIX): N/A\n- Volume Status: Normal (Z-Score: 0.5)\n- Volatility (ATR): 10.88 (Normal)\n- Weekly RSI (Trend Strength): 66.3 (Neutral)\n\n[TECHNICALS - DAILY]:\n- Daily RSI: 42.2 (Neutral)\n- Trend: Strong Uptrend\n- MACD: Bearish Crossover\n- Mean Reversion: 4.0% from SMA50 (Normal)\n\n[NEWS]:\n\nNo relative news reported.\n\n[QUANT SIGNALS - STRUCTURAL]:\n- Price Move: META decreased by 2.55% (582.00 -> 567.16)\n- Alpha vs Nasdaq-100: -0.94% (Underperformed)\n- Market Context (VIX): N/A\n- Volume Status: Normal (Z-Score: 0.6)\n- Volatility (ATR): 13.19 (Normal)\n- Weekly RSI (Trend Strength): 72.0 (Overbought)\n\n[TECHNICALS - DAILY]:\n- Daily RSI: 37.9 (Neutral)\n- Trend: Strong Uptrend\n- MACD: Bearish Crossover\n- Mean Reversion: 2.0% from SMA50 (Normal)\n\n[NEWS]:\n\nNo relative news reported.\n\n[QUANT SIGNALS - STRUCTURAL]:\n- Price Move: META increased by 4.47% (564.10 -> 589.34)\n- Alpha vs Nasdaq-100: -1.31% (Underperformed)\n- Market Context (VIX): N/A\n- Volume Status: Normal (Z-Score: -0.6)\n- Volatility (ATR): 14.86 (Normal)\n- Weekly RSI (Trend Strength): 73.7 (Overbought)\n\n[TECHNICALS - DAILY]:\n- Daily RSI: 55.8 (Neutral)\n- Trend: Strong Uptrend\n- MACD: Bearish Crossover\n- Mean Reversion: 4.9% from SMA50 (Normal)\n\n[NEWS]:\n\nNo relative news reported.\n[Basic Financials]:\n\nNo basic financial reported.\n\nBased on all the information before 2024-11-11, let's first analyze the positive developments and potential concerns for META. Come up with 2-4 most important factors respectively and keep them concise. Integrate both quantitative signals and news to explain the movement. Then let's assume your prediction for the coming trading week (2024-11-11 pre-market to 2024-11-15 close) is down by more than 5%. Pay special attention to [WEEKEND NEWS - PRE-MARKET], because this information is available before Monday open. Provide a summary analysis to support your prediction. Before writing the analysis, cross-reference the [QUANT SIGNALS] with the [NEWS]. If the prediction is down by more than 5% but the technicals show a conflict (e.g., predicting 'Up' when Trend is 'Strong Downtrend'), explain this divergence logically (e.g., as a 'trend reversal' or 'short squeeze') rather than ignoring the data. The prediction result need to be inferred from your analysis at the end, and thus not appearing as a foundational factor of your analysis.","[Positive Developments]:
1. Strong long-term uptrend across all periods, indicating sustained bullish momentum.
2. Recent 4.47% price increase demonstrates resilience and buying interest after prior declines.
3. Normal volatility (ATR) and volume (Z-scores near zero), suggesting stable trading conditions without extreme sentiment.

[Potential Concerns]:
1. Consistent underperformance versus the Nasdaq-100 (negative Alpha in all periods), signaling relative weakness despite the uptrend.
2. MACD bearish crossover persists across all periods, hinting at deteriorating short-term momentum.
3. Weekly RSI has escalated to overbought levels (73.7), increasing the risk of a technical pullback.

[Prediction & Analysis]:
The prediction for the upcoming week is a decline of more than 5%. This is inferred from technical overextension and market flow dynamics, despite the strong uptrend. The weekly RSI at 73.7 is solidly overbought, often preceding corrections as traders lock in gains. The MACD bearish crossover aligns with this bearish short-term outlook. Moreover, META's persistent underperformance versus the Nasdaq-100 suggests institutional flows or sector rotation are working against it, indicating hidden selling pressure. With no company-specific news, the recent price movements are attributable to market mechanics: the declines likely reflect profit-taking from overbought conditions, while the 4.47% increase appears to be a technical bounce within a broader consolidation. The conflict with the strong uptrend is logical as a short-term correction within a longer-term bullish trend, driven by mean reversion from overbought levels. Given the technical setup and absence of positive catalysts, a sharp drop exceeding 5% is probable as the stock reverts toward its SMA50 (currently 4.9% above, within normal range but vulnerable if selling accelerates).

[Primary Driver]:
Technical",down by more than 5%,2024-11-11,2024-11-15,89,Technical
"[Company Introduction]:\n\nMeta Platforms Inc is a leading entity in the Media sector. Incorporated and publicly traded since 2012-05-18, the company has established its reputation as one of the key players in the market. As of today, Meta Platforms Inc has a market capitalization of 1617119.55 in USD, with 2529.56 shares outstanding.\n\nMeta Platforms Inc operates primarily in the US, trading under the ticker META on the NASDAQ NMS - GLOBAL MARKET. As a dominant force in the Media space, the company continues to innovate and drive progress within the industry.\n\n[QUANT SIGNALS - STRUCTURAL]:\n- Price Move: META decreased by 1.38% (598.22 -> 589.95)\n- Alpha vs Nasdaq-100: -3.72% (Underperformed)\n- Market Context (VIX): N/A\n- Volume Status: Normal (Z-Score: -0.9)\n- Volatility (ATR): 11.82 (Normal)\n- Weekly RSI (Trend Strength): 65.5 (Neutral)\n\n[TECHNICALS - DAILY]:\n- Daily RSI: 66.5 (Neutral)\n- Trend: Strong Uptrend\n- MACD: Bullish Crossover\n- Mean Reversion: 9.8% from SMA50 (Normal)\n\n[NEWS]:\n\nNo relative news reported.\n\n[QUANT SIGNALS - STRUCTURAL]:\n- Price Move: META decreased by 2.99% (594.22 -> 576.47)\n- Alpha vs Nasdaq-100: -2.38% (Underperformed)\n- Market Context (VIX): N/A\n- Volume Status: Normal (Z-Score: -1.1)\n- Volatility (ATR): 11.32 (Normal)\n- Weekly RSI (Trend Strength): 59.4 (Neutral)\n\n[TECHNICALS - DAILY]:\n- Daily RSI: 52.5 (Neutral)\n- Trend: Strong Uptrend\n- MACD: Bearish Crossover\n- Mean Reversion: 5.5% from SMA50 (Normal)\n\n[NEWS]:\n\nNo relative news reported.\n\n[QUANT SIGNALS - STRUCTURAL]:\n- Price Move: META decreased by 0.48% (576.03 -> 573.25)\n- Alpha vs Nasdaq-100: -0.46% (Underperformed)\n- Market Context (VIX): N/A\n- Volume Status: Normal (Z-Score: 0.5)\n- Volatility (ATR): 10.88 (Normal)\n- Weekly RSI (Trend Strength): 66.3 (Neutral)\n\n[TECHNICALS - DAILY]:\n- Daily RSI: 42.2 (Neutral)\n- Trend: Strong Uptrend\n- MACD: Bearish Crossover\n- Mean Reversion: 4.0% from SMA50 (Normal)\n\n[NEWS]:\n\nNo relative news reported.\n\n[QUANT SIGNALS - STRUCTURAL]:\n- Price Move: META decreased by 2.55% (582.00 -> 567.16)\n- Alpha vs Nasdaq-100: -0.94% (Underperformed)\n- Market Context (VIX): N/A\n- Volume Status: Normal (Z-Score: 0.6)\n- Volatility (ATR): 13.19 (Normal)\n- Weekly RSI (Trend Strength): 72.0 (Overbought)\n\n[TECHNICALS - DAILY]:\n- Daily RSI: 37.9 (Neutral)\n- Trend: Strong Uptrend\n- MACD: Bearish Crossover\n- Mean Reversion: 2.0% from SMA50 (Normal)\n\n[NEWS]:\n\nNo relative news reported.\n[Basic Financials]:\n\nNo basic financial reported.\n\nBased on all the information before 2024-11-04, let's first analyze the positive developments and potential concerns for META. Come up with 2-4 most important factors respectively and keep them concise. Integrate both quantitative signals and news to explain the movement. Then let's assume your prediction for the coming trading week (2024-11-04 pre-market to 2024-11-08 close) is up by 4-5%. Pay special attention to [WEEKEND NEWS - PRE-MARKET], because this information is available before Monday open. Provide a summary analysis to support your prediction. Before writing the analysis, cross-reference the [QUANT SIGNALS] with the [NEWS]. If the prediction is up by 4-5% but the technicals show a conflict (e.g., predicting 'Up' when Trend is 'Strong Downtrend'), explain this divergence logically (e.g., as a 'trend reversal' or 'short squeeze') rather than ignoring the data. The prediction result need to be inferred from your analysis at the end, and thus not appearing as a foundational factor of your analysis.","[Positive Developments]:
1. Strong underlying uptrend persists across all periods, indicating long-term bullish momentum despite recent price declines.
2. Daily RSI has cooled from neutral (66.5) to near-oversold levels (37.9), reducing overextension and allowing room for a technical bounce.
3. Price is approaching the SMA50 (2.0% away in the last period), which may act as dynamic support in a strong uptrend, facilitating mean reversion.
4. Initial MACD bullish crossover in the first period signaled positive momentum, and while later periods show bearish crossovers, the overall trend remains upward, suggesting the pullback may be temporary.

[Potential Concerns]:
1. Consistent underperformance against the Nasdaq-100 (negative Alpha in all periods), indicating relative weakness and potential sector or stock-specific headwinds.
2. Series of price declines (-1.38%, -2.99%, -0.48%, -2.55%) accompanied by bearish MACD crossovers, pointing to short-term momentum loss and selling pressure.
3. Weekly RSI reached overbought territory (72.0 in the last period), signaling that the stock was due for a correction or consolidation, which may limit immediate upside.
4. Absence of positive news catalysts to drive a rebound; reliance on technical factors alone increases vulnerability to broader market flows or sentiment shifts.

[Prediction & Analysis]:
The prediction of a 4-5% rise in the coming week (2024-11-04 to 2024-11-08) is primarily based on technical factors, despite the recent declines and bearish signals. Cross-referencing the quant signals with the news—where no company-specific news was reported—the price movements are analyzed as driven by market mechanics. The consistent underperformance vs. the Nasdaq-100 suggests the declines were likely due to sector-level repricing or institutional profit-taking after a rally, rather than fundamental deterioration. Technically, the daily RSI at 37.9 is nearing oversold conditions, which often precede a rebound, especially within a strong uptrend where the SMA50 (currently 2.0% below price) provides support. The overbought weekly RSI may have triggered the pullback, but the daily timeframe now shows oversold potential, setting the stage for a reversal. The conflict with bearish MACD crossovers is logically explained as a short-term correction within a larger bullish trend; as selling exhausts and RSI resets, a bounce from support levels is plausible. Given normal volume and volatility, this move could be fueled by technical buying or beta-driven momentum if broader markets stabilize. Thus, the anticipated 4-5% gain reflects a mean reversion bounce, supported by the strong uptrend and oversold daily conditions.

[Primary Driver]:
Technical",up by 4-5%,2024-11-04,2024-11-08,88,Technical
"[Company Introduction]:\n\nMeta Platforms Inc is a leading entity in the Media sector. Incorporated and publicly traded since 2012-05-18, the company has established its reputation as one of the key players in the market. As of today, Meta Platforms Inc has a market capitalization of 1617119.55 in USD, with 2529.56 shares outstanding.\n\nMeta Platforms Inc operates primarily in the US, trading under the ticker META on the NASDAQ NMS - GLOBAL MARKET. As a dominant force in the Media space, the company continues to innovate and drive progress within the industry.\n\n[QUANT SIGNALS - STRUCTURAL]:\n- Price Move: META increased by 0.38% (557.04 -> 559.14)\n- Alpha vs Nasdaq-100: -0.78% (Underperformed)\n- Market Context (VIX): N/A\n- Volume Status: Normal (Z-Score: -0.9)\n- Volatility (ATR): 14.35 (Normal)\n- Weekly RSI (Trend Strength): 58.3 (Neutral)\n\n[TECHNICALS - DAILY]:\n- Daily RSI: 49.1 (Neutral)\n- Trend: Bullish\n- MACD: Bearish Crossover\n- Mean Reversion: -2.4% from SMA50 (Normal)\n\n[NEWS]:\n\nNo relative news reported.\n[Basic Financials]:\n\nNo basic financial reported.\n\nBased on all the information before 2024-11-25, let's first analyze the positive developments and potential concerns for META. Come up with 2-4 most important factors respectively and keep them concise. Integrate both quantitative signals and news to explain the movement. Then let's assume your prediction for the coming trading week (2024-11-25 pre-market to 2024-11-29 close) is up by 2-3%. Pay special attention to [WEEKEND NEWS - PRE-MARKET], because this information is available before Monday open. Provide a summary analysis to support your prediction. Before writing the analysis, cross-reference the [QUANT SIGNALS] with the [NEWS]. If the prediction is up by 2-3% but the technicals show a conflict (e.g., predicting 'Up' when Trend is 'Strong Downtrend'), explain this divergence logically (e.g., as a 'trend reversal' or 'short squeeze') rather than ignoring the data. The prediction result need to be inferred from your analysis at the end, and thus not appearing as a foundational factor of your analysis.","[Positive Developments]:
1. **Price Stability with Upside Bias**: META's price increased by 0.38% to $559.14, supported by a Bullish daily trend and neutral Weekly RSI (58.3), indicating no overbought conditions and room for further gains.
2. **Normalized Market Conditions**: Volatility (ATR) and volume (Z-Score: -0.9) are within normal ranges, suggesting absence of panic selling or excessive speculation, which provides a stable base for potential upward movement.
3. **Mean Reversion Opportunity**: The stock is trading -2.4% below its SMA50, which is within normal bounds but could act as a technical catalyst for a bounce towards the moving average if buying interest emerges.

[Potential Concerns]:
1. **Relative Underperformance**: META underperformed the Nasdaq-100 by -0.78%, signaling weakness compared to peers, which may persist if sector rotation or broader market trends favor other stocks.
2. **Bearish Short-Term Momentum**: The daily MACD shows a Bearish Crossover, hinting at potential downward pressure in the near term, conflicting with the overall bullish trend and requiring caution.
3. **Lack of Catalysts**: No company-specific news or financial updates were reported, leaving price action vulnerable to macro-driven swings or technical corrections without fundamental support.

[Prediction & Analysis]:
META is predicted to rise by 2-3% in the coming week, primarily driven by technical factors and market mechanics. Despite the Bearish MACD crossover, the overall daily trend remains Bullish, and the neutral RSI levels (daily 49.1, weekly 58.3) indicate no extreme overextension, allowing for upside potential. The -2.4% deviation from the SMA50 presents a mean reversion opportunity, which could attract buyers if broader market sentiment improves. The underperformance vs. the Nasdaq-100 may reverse if institutional flows shift towards lagging tech stocks, especially in a stable volatility environment. Since no news was reported, the recent 0.38% increase is likely due to beta-driven momentum or minor technical adjustments, as volume was normal. For the upcoming week, a combination of technical bounce from support levels and catch-up play relative to the index could propel the stock higher, overcoming short-term bearish signals. However, monitoring the MACD for reversal signs is essential, as failure to breach the SMA50 resistance could limit gains.

[Primary Driver]:
Technical",up by 2-3%,2024-11-25,2024-11-29,91,Technical
"[Company Introduction]:\n\nMeta Platforms Inc is a leading entity in the Media sector. Incorporated and publicly traded since 2012-05-18, the company has established its reputation as one of the key players in the market. As of today, Meta Platforms Inc has a market capitalization of 1617119.55 in USD, with 2529.56 shares outstanding.\n\nMeta Platforms Inc operates primarily in the US, trading under the ticker META on the NASDAQ NMS - GLOBAL MARKET. As a dominant force in the Media space, the company continues to innovate and drive progress within the industry.\n\n[QUANT SIGNALS - STRUCTURAL]:\n- Price Move: META increased by 2.17% (562.10 -> 574.32)\n- Alpha vs Nasdaq-100: +1.55% (Outperformed)\n- Market Context (VIX): N/A\n- Volume Status: Normal (Z-Score: -1.5)\n- Volatility (ATR): 13.57 (Normal)\n- Weekly RSI (Trend Strength): 57.4 (Neutral)\n\n[TECHNICALS - DAILY]:\n- Daily RSI: 40.6 (Neutral)\n- Trend: Bullish\n- MACD: Bearish Crossover\n- Mean Reversion: -0.1% from SMA50 (Normal)\n\n[NEWS]:\n\nNo relative news reported.\n\n[QUANT SIGNALS - STRUCTURAL]:\n- Price Move: META increased by 8.01% (577.50 -> 623.77)\n- Alpha vs Nasdaq-100: +5.84% (Outperformed)\n- Market Context (VIX): N/A\n- Volume Status: High (Z-Score: 1.6)\n- Volatility (ATR): 14.57 (Normal)\n- Weekly RSI (Trend Strength): 60.1 (Neutral)\n\n[TECHNICALS - DAILY]:\n- Daily RSI: 84.6 (Overbought)\n- Trend: Strong Uptrend\n- MACD: Bullish Crossover\n- Mean Reversion: 7.6% from SMA50 (Normal)\n\n[NEWS]:\n\nNo relative news reported.\n\n[QUANT SIGNALS - STRUCTURAL]:\n- Price Move: META decreased by 0.57% (623.92 -> 620.35)\n- Alpha vs Nasdaq-100: -2.13% (Underperformed)\n- Market Context (VIX): N/A\n- Volume Status: Normal (Z-Score: -0.9)\n- Volatility (ATR): 15.48 (Normal)\n- Weekly RSI (Trend Strength): 68.8 (Neutral)\n\n[TECHNICALS - DAILY]:\n- Daily RSI: 74.6 (Overbought)\n- Trend: Strong Uptrend\n- MACD: Bullish Crossover\n- Mean Reversion: 6.1% from SMA50 (Normal)\n\n[NEWS]:\n\nNo relative news reported.\n[Basic Financials]:\n\nNo basic financial reported.\n\nBased on all the information before 2024-12-16, let's first analyze the positive developments and potential concerns for META. Come up with 2-4 most important factors respectively and keep them concise. Integrate both quantitative signals and news to explain the movement. Then let's assume your prediction for the coming trading week (2024-12-16 pre-market to 2024-12-20 close) is down by more than 5%. Pay special attention to [WEEKEND NEWS - PRE-MARKET], because this information is available before Monday open. Provide a summary analysis to support your prediction. Before writing the analysis, cross-reference the [QUANT SIGNALS] with the [NEWS]. If the prediction is down by more than 5% but the technicals show a conflict (e.g., predicting 'Up' when Trend is 'Strong Downtrend'), explain this divergence logically (e.g., as a 'trend reversal' or 'short squeeze') rather than ignoring the data. The prediction result need to be inferred from your analysis at the end, and thus not appearing as a foundational factor of your analysis.","[Positive Developments]:
1. Strong Technical Momentum: The stock exhibited a powerful 8.01% surge with high volume (Z-Score 1.6), breaking above the 50-day SMA and establishing a ""Strong Uptrend."" The bullish MACD crossover confirms positive momentum.
2. Relative Outperformance: META posted significant alpha (+5.84%) against the Nasdaq-100 during its major rally, indicating strong institutional or systematic buying interest independent of the broader index.
3. Healthy Weekly Trend: The Weekly RSI moved from neutral (57.4) to a stronger but still neutral level (68.8), suggesting the longer-term uptrend is intact without being excessively extended on a weekly basis.

[Potential Concerns]:
1. Severely Overbought Short-Term Conditions: The Daily RSI reached extreme levels at 84.6 and remains elevated at 74.6, indicating the stock is overextended and vulnerable to a sharp pullback or consolidation.
2. Recent Loss of Alpha and Momentum Stall: In the most recent period, META underperformed the Nasdaq-100 (-2.13%) on a minor price decline. This divergence while in an overbought state can signal exhaustion of the buying wave.
3. Lack of Fundamental Catalyst: The entire price move from ~$574 to ~$623 occurred with ""No relative news reported."" This suggests the rally was driven by market flows (sector rotation, momentum chasing) rather than a fundamental re-rating, making it susceptible to reversal when those flows subside or reverse.

[Prediction & Analysis]:
Prediction for the week of 2024-12-16 to 2024-12-20: Down by more than 5%.

Analysis:
The prediction of a significant decline (>5%) is based on a confluence of technical exhaustion and flow dynamics, despite the prevailing ""Strong Uptrend."" The core conflict is between the established trend and the extreme overbought condition (Daily RSI >74). Technical reality dictates that without a continuous inflow of massive buying, a mean reversion is highly probable. The 8% rally on high volume was likely a final ""blow-off"" move, exhausting immediate buyers. The subsequent session's underperformance on normal volume is the first sign of buyer fatigue.

The absence of company-specific news to sustain the narrative means the rally lacked a fundamental anchor. It was primarily driven by **Flow** (momentum and sector rotation into large-cap tech). As these flows pause or rotate elsewhere, the technical overextension becomes the dominant factor. The stock is now 6-7% above its 50-day SMA, a level from which pullbacks are common. Given the high volatility environment (rising ATR), the correction from these levels could be swift and significant, easily exceeding 5% as hot money exits and profit-taking accelerates. The Weekly RSI at 68.8 provides some room for a correction without breaking the longer-term trend.

[Primary Driver]:
Technical",down by more than 5%,2024-12-16,2024-12-20,94,Technical
"[Company Introduction]:\n\nMeta Platforms Inc is a leading entity in the Media sector. Incorporated and publicly traded since 2012-05-18, the company has established its reputation as one of the key players in the market. As of today, Meta Platforms Inc has a market capitalization of 1617119.55 in USD, with 2529.56 shares outstanding.\n\nMeta Platforms Inc operates primarily in the US, trading under the ticker META on the NASDAQ NMS - GLOBAL MARKET. As a dominant force in the Media space, the company continues to innovate and drive progress within the industry.\n\n[QUANT SIGNALS - STRUCTURAL]:\n- Price Move: META decreased by 5.51% (586.36 -> 554.08)\n- Alpha vs Nasdaq-100: -2.14% (Underperformed)\n- Market Context (VIX): N/A\n- Volume Status: Normal (Z-Score: 0.7)\n- Volatility (ATR): 15.62 (Normal)\n- Weekly RSI (Trend Strength): 73.6 (Overbought)\n\n[TECHNICALS - DAILY]:\n- Daily RSI: 40.0 (Neutral)\n- Trend: Bullish\n- MACD: Bearish Crossover\n- Mean Reversion: -2.5% from SMA50 (Normal)\n\n[NEWS]:\n\nNo relative news reported.\n\n[QUANT SIGNALS - STRUCTURAL]:\n- Price Move: META increased by 0.38% (557.04 -> 559.14)\n- Alpha vs Nasdaq-100: -0.78% (Underperformed)\n- Market Context (VIX): N/A\n- Volume Status: Normal (Z-Score: -0.9)\n- Volatility (ATR): 14.35 (Normal)\n- Weekly RSI (Trend Strength): 58.3 (Neutral)\n\n[TECHNICALS - DAILY]:\n- Daily RSI: 49.1 (Neutral)\n- Trend: Bullish\n- MACD: Bearish Crossover\n- Mean Reversion: -2.4% from SMA50 (Normal)\n\n[NEWS]:\n\nNo relative news reported.\n\n[QUANT SIGNALS - STRUCTURAL]:\n- Price Move: META increased by 2.17% (562.10 -> 574.32)\n- Alpha vs Nasdaq-100: +1.55% (Outperformed)\n- Market Context (VIX): N/A\n- Volume Status: Normal (Z-Score: -1.5)\n- Volatility (ATR): 13.57 (Normal)\n- Weekly RSI (Trend Strength): 57.4 (Neutral)\n\n[TECHNICALS - DAILY]:\n- Daily RSI: 40.6 (Neutral)\n- Trend: Bullish\n- MACD: Bearish Crossover\n- Mean Reversion: -0.1% from SMA50 (Normal)\n\n[NEWS]:\n\nNo relative news reported.\n\n[QUANT SIGNALS - STRUCTURAL]:\n- Price Move: META increased by 8.01% (577.50 -> 623.77)\n- Alpha vs Nasdaq-100: +5.84% (Outperformed)\n- Market Context (VIX): N/A\n- Volume Status: High (Z-Score: 1.6)\n- Volatility (ATR): 14.57 (Normal)\n- Weekly RSI (Trend Strength): 60.1 (Neutral)\n\n[TECHNICALS - DAILY]:\n- Daily RSI: 84.6 (Overbought)\n- Trend: Strong Uptrend\n- MACD: Bullish Crossover\n- Mean Reversion: 7.6% from SMA50 (Normal)\n\n[NEWS]:\n\nNo relative news reported.\n[Basic Financials]:\n\nNo basic financial reported.\n\nBased on all the information before 2024-12-09, let's first analyze the positive developments and potential concerns for META. Come up with 2-4 most important factors respectively and keep them concise. Integrate both quantitative signals and news to explain the movement. Then let's assume your prediction for the coming trading week (2024-12-09 pre-market to 2024-12-13 close) is down by 0-1%. Pay special attention to [WEEKEND NEWS - PRE-MARKET], because this information is available before Monday open. Provide a summary analysis to support your prediction. Before writing the analysis, cross-reference the [QUANT SIGNALS] with the [NEWS]. If the prediction is down by 0-1% but the technicals show a conflict (e.g., predicting 'Up' when Trend is 'Strong Downtrend'), explain this divergence logically (e.g., as a 'trend reversal' or 'short squeeze') rather than ignoring the data. The prediction result need to be inferred from your analysis at the end, and thus not appearing as a foundational factor of your analysis.","[Positive Developments]:
1. Strong recent outperformance with an 8.01% price increase and +5.84% alpha vs. Nasdaq-100, supported by high volume (Z-Score: 1.6), indicating robust buying interest.
2. Technical momentum is bullish with a MACD bullish crossover, price 7.6% above SMA50, and a strong uptrend on daily charts.
3. Weekly RSI remains neutral at 60.1, not yet overbought, suggesting potential for sustained upward movement if supported.
4. Reversal from earlier underperformance, showing improved relative strength in the media sector.

[Potential Concerns]:
1. Daily RSI at 84.6 is deeply overbought, signaling high risk of a near-term correction or pullback.
2. Absence of specific company news to justify the sharp rally, raising sustainability concerns and implying reliance on market flows.
3. Historical volatility with periods of underperformance vs. Nasdaq-100 (e.g., -2.14% alpha earlier), indicating sensitivity to broader market shifts.
4. The surge on high volume could represent a climax top if not backed by fundamental catalysts, increasing vulnerability to profit-taking.

[Prediction & Analysis]:
The prediction for the coming week is a slight decline of 0-1%, reflecting a consolidation phase after META's rapid ascent to 623.77. Technically, the daily RSI of 84.6 is severely overbought, which historically precedes pullbacks as traders take profits, despite the bullish MACD crossover and strong uptrend. This divergence is logical as overbought conditions often trigger short-term mean reversion within a broader uptrend. From a relative performance perspective, META's recent outperformance may pause as the stock digests gains, especially given the lack of fundamental news; the move is best explained by market mechanics such as sector-level repricing or institutional flows indicated by the high volume spike. The neutral weekly RSI at 60.1 offers some cushion, but without a narrative catalyst, the technical overextension is likely to drive a minor correction. Thus, the expected down move aligns with technical reality, where overbought signals outweigh momentum indicators in the near term.

[Primary Driver]:
Technical",down by 0-1%,2024-12-09,2024-12-13,93,Technical
"[Company Introduction]:\n\nMeta Platforms Inc is a leading entity in the Media sector. Incorporated and publicly traded since 2012-05-18, the company has established its reputation as one of the key players in the market. As of today, Meta Platforms Inc has a market capitalization of 1617119.55 in USD, with 2529.56 shares outstanding.\n\nMeta Platforms Inc operates primarily in the US, trading under the ticker META on the NASDAQ NMS - GLOBAL MARKET. As a dominant force in the Media space, the company continues to innovate and drive progress within the industry.\n\n[QUANT SIGNALS - STRUCTURAL]:\n- Price Move: META increased by 0.38% (557.04 -> 559.14)\n- Alpha vs Nasdaq-100: -0.78% (Underperformed)\n- Market Context (VIX): N/A\n- Volume Status: Normal (Z-Score: -0.9)\n- Volatility (ATR): 14.35 (Normal)\n- Weekly RSI (Trend Strength): 58.3 (Neutral)\n\n[TECHNICALS - DAILY]:\n- Daily RSI: 49.1 (Neutral)\n- Trend: Bullish\n- MACD: Bearish Crossover\n- Mean Reversion: -2.4% from SMA50 (Normal)\n\n[NEWS]:\n\nNo relative news reported.\n\n[QUANT SIGNALS - STRUCTURAL]:\n- Price Move: META increased by 2.17% (562.10 -> 574.32)\n- Alpha vs Nasdaq-100: +1.55% (Outperformed)\n- Market Context (VIX): N/A\n- Volume Status: Normal (Z-Score: -1.5)\n- Volatility (ATR): 13.57 (Normal)\n- Weekly RSI (Trend Strength): 57.4 (Neutral)\n\n[TECHNICALS - DAILY]:\n- Daily RSI: 40.6 (Neutral)\n- Trend: Bullish\n- MACD: Bearish Crossover\n- Mean Reversion: -0.1% from SMA50 (Normal)\n\n[NEWS]:\n\nNo relative news reported.\n[Basic Financials]:\n\nNo basic financial reported.\n\nBased on all the information before 2024-12-02, let's first analyze the positive developments and potential concerns for META. Come up with 2-4 most important factors respectively and keep them concise. Integrate both quantitative signals and news to explain the movement. Then let's assume your prediction for the coming trading week (2024-12-02 pre-market to 2024-12-06 close) is up by more than 5%. Pay special attention to [WEEKEND NEWS - PRE-MARKET], because this information is available before Monday open. Provide a summary analysis to support your prediction. Before writing the analysis, cross-reference the [QUANT SIGNALS] with the [NEWS]. If the prediction is up by more than 5% but the technicals show a conflict (e.g., predicting 'Up' when Trend is 'Strong Downtrend'), explain this divergence logically (e.g., as a 'trend reversal' or 'short squeeze') rather than ignoring the data. The prediction result need to be inferred from your analysis at the end, and thus not appearing as a foundational factor of your analysis.","[Positive Developments]:
1. Recent outperformance with +1.55% alpha against the Nasdaq-100, indicating strong relative momentum and investor confidence.
2. Bullish trend alignment across both periods, suggesting a persistent upward trajectory in price action.
3. Daily RSI at 40.6 (neutral but leaning oversold) provides ample room for upward movement without immediate overbought pressure.
4. Close proximity to the 50-day moving average (-0.1% deviation) offers potential technical support for a bounce or continuation.

[Potential Concerns]:
1. MACD bearish crossover in both periods signals potential short-term downward momentum or consolidation.
2. Low volume activity (Volume Z-Scores of -0.9 and -1.5) indicates lack of conviction, raising sustainability concerns for recent gains.
3. Absence of fundamental news or catalysts leaves price action vulnerable to broader market sentiment shifts or profit-taking.
4. Previous underperformance (-0.78% alpha) hints at intermittent relative weakness, which could resurface if market conditions deteriorate.

[Prediction & Analysis]:
For the trading week from 2024-12-02 pre-market to 2024-12-06 close, META is predicted to rise by more than 5%. This forecast is based on the following integrated analysis:

- **Technical Reality:** The daily RSI at 40.6 is neutral and not overextended, allowing for significant upside without immediate overbought constraints. The stock's proximity to the SMA50 (-0.1%) provides a robust support level, often serving as a launchpad for rallies in bullish trends. Although the MACD shows a bearish crossover, this divergence can be resolved through a sharp upward move—likely a trend reversal or short squeeze—triggered by renewed buying pressure. The weekly RSI at 57.4 remains neutral, supporting further gains.

- **Relative Performance:** META's recent outperformance (+1.55% alpha) demonstrates alpha generation capability, which may attract momentum and institutional flows. This relative strength is a positive signal for continued outperformance, especially if the broader market remains favorable.

- **News Catalyst:** No company-specific news was reported, so prior price movements are attributed to market mechanics rather than narrative drivers. The absence of negative news, combined with a stable volatility environment (normal ATR), reduces downside risks and allows technical factors to dominate.

- **Dealing with ""No News"":** The price increase of 2.17% with low volume is analyzed as a technical breakout driven by sector-level repricing and beta-driven momentum within the Media sector. Given the bullish trend and neutral RSI, this suggests underlying accumulation or a mean reversion play towards higher levels, potentially exacerbated by short covering if prices rise sharply.

- **Divergence Explanation:** The conflict between the bullish trend and bearish MACD is logical as a short-term correction within a larger uptrend. A 5%+ rally could swiftly reverse the MACD to bullish, fueled by increased volume and momentum, aligning with the overarching bullish structure.

[Primary Driver]:
Mixed",up by more than 5%,2024-12-02,2024-12-06,92,Mixed
"[Company Introduction]:\n\nMeta Platforms Inc is a leading entity in the Media sector. Incorporated and publicly traded since 2012-05-18, the company has established its reputation as one of the key players in the market. As of today, Meta Platforms Inc has a market capitalization of 1617119.55 in USD, with 2529.56 shares outstanding.\n\nMeta Platforms Inc operates primarily in the US, trading under the ticker META on the NASDAQ NMS - GLOBAL MARKET. As a dominant force in the Media space, the company continues to innovate and drive progress within the industry.\n\n[QUANT SIGNALS - STRUCTURAL]:\n- Price Move: META increased by 1.73% (589.60 -> 599.81)\n- Alpha vs Nasdaq-100: +1.79% (Outperformed)\n- Market Context (VIX): N/A\n- Volume Status: Normal (Z-Score: -0.5)\n- Volatility (ATR): 15.84 (Normal)\n- Weekly RSI (Trend Strength): 61.4 (Neutral)\n\n[TECHNICALS - DAILY]:\n- Daily RSI: 39.6 (Neutral)\n- Trend: Strong Uptrend\n- MACD: Bearish Crossover\n- Mean Reversion: 2.1% from SMA50 (Normal)\n\n[NEWS]:\n\nNo relative news reported.\n\n[QUANT SIGNALS - STRUCTURAL]:\n- Price Move: META increased by 2.70% (588.75 -> 604.63)\n- Alpha vs Nasdaq-100: +2.12% (Outperformed)\n- Market Context (VIX): N/A\n- Volume Status: Normal (Z-Score: -0.1)\n- Volatility (ATR): 15.50 (Normal)\n- Weekly RSI (Trend Strength): 57.9 (Neutral)\n\n[TECHNICALS - DAILY]:\n- Daily RSI: 38.8 (Neutral)\n- Trend: Strong Uptrend\n- MACD: Bearish Crossover\n- Mean Reversion: 2.7% from SMA50 (Normal)\n\n[NEWS]:\n\nNo relative news reported.\nSome recent basic financials of META, reported at 2024-12-31, are presented below:\n\n[Basic Financials]:\n\nassetTurnoverTTM: 0.6677\nbookValue: 182637\ncashRatio: 1.3063757590189309\ncurrentRatio: 2.9779\nebitPerShare: 8.9483\neps: 7.9809\nev: 1463050.2\nevEbitdaTTM: 17.2026\nevRevenueTTM: 8.8939\nfcfMargin: 0.2803\nfcfPerShareTTM: 21.3386\ngrossMargin: 0.8175\nlongtermDebtTotalAsset: 0.1044\nlongtermDebtTotalCapital: 0.1363\nlongtermDebtTotalEquity: 0.1578\nnetDebtToTotalCapital: -0.0712\nnetDebtToTotalEquity: -0.0825\nnetMargin: 0.4307\noperatingMargin: 0.4829\npayoutRatioTTM: 0.0813\npb: 8.0932\npeTTM: 23.7029\npfcfTTM: 27.336\npretaxMargin: 0.4868\npsTTM: 8.9855\nptbv: 8.1339\nquickRatio: 2.8325\nreceivablesTurnoverTTM: 9.9207\nroaTTM: 0.2531\nroeTTM: 0.3817\nroicTTM: 0.3335\nrotcTTM: 0.3711\nsalesPerShare: 18.5312\nsgaToSale: 0.1825\ntangibleBookValue: 181722\ntotalDebtToEquity: 0.1578\ntotalDebtToTotalAsset: 0.1044\ntotalDebtToTotalCapital: 0.1363\ntotalRatio: 2.9551\n\nBased on all the information before 2025-01-06, let's first analyze the positive developments and potential concerns for META. Come up with 2-4 most important factors respectively and keep them concise. Integrate both quantitative signals and news to explain the movement. Then let's assume your prediction for the coming trading week (2025-01-06 pre-market to 2025-01-10 close) is up by 0-1%. Pay special attention to [WEEKEND NEWS - PRE-MARKET], because this information is available before Monday open. Provide a summary analysis to support your prediction. Before writing the analysis, cross-reference the [QUANT SIGNALS] with the [NEWS]. If the prediction is up by 0-1% but the technicals show a conflict (e.g., predicting 'Up' when Trend is 'Strong Downtrend'), explain this divergence logically (e.g., as a 'trend reversal' or 'short squeeze') rather than ignoring the data. The prediction result need to be inferred from your analysis at the end, and thus not appearing as a foundational factor of your analysis.","[Positive Developments]:
1. Strong Relative Performance: META has consecutively outperformed the Nasdaq-100 by significant margins (+1.79% and +2.12%), indicating strong institutional or algorithmic buying interest relative to its mega-cap peers, independent of major news.
2. Robust Financial Health: Basic financials reveal exceptional fundamentals, including a high net margin (43.07%), strong free cash flow generation (FCF margin 28.03%), a fortress balance sheet (net cash position), and impressive returns (ROE 38.17%, ROIC 33.35%).
3. Technical Resilience in Uptrend: Despite short-term bearish indicators, the stock maintains its position in a ""Strong Uptrend"" and is trading just 2-3% above its key 50-day SMA, suggesting the broader uptrend structure remains intact and has absorbed selling pressure.

[Potential Concerns]:
1. Short-Term Technical Deterioration: The daily MACD has a bearish crossover, and the daily RSI, while neutral, is in the lower 38-40 range, suggesting near-term momentum has been weak or negative during the recent price increases.
2. Valuation and Overextension: Key valuation multiples are elevated (P/E ~24x, P/FCF ~27x, P/S ~9x). Combined with being above the SMA50, this leaves limited room for multiple expansion without a significant catalyst.
3. Absence of Fresh Catalysts: With ""No relative news reported,"" the recent outperformance lacks a fundamental narrative driver, raising questions about its sustainability if market sentiment or sector flows shift.

[Prediction & Analysis]:
Our prediction for the week of 2025-01-06 is a price movement of **Up by 0-1%**. This modest bullish outlook is based on a synthesis of conflicting signals.

Technically, the ""Strong Uptrend"" and neutral Weekly RSI (57.9) provide the underlying bullish bias, defining the boundaries of what is possible. The bearish daily MACD and neutral-to-weak daily RSI suggest the recent up-moves have occurred within a context of waning short-term momentum, likely preventing a vigorous rally. The stock's ability to climb on ""Normal"" volume while outperforming its index points to steady, non-speculative accumulation, possibly related to sector rotation or year-start portfolio rebalancing (a Flow-driven event).

Financially, the company's stellar metrics provide a solid floor and justify its premium valuation, making a severe downturn less likely in the absence of negative news.

The predicted modest gain of 0-1% represents a consolidation and slight grind higher within the prevailing uptrend. It acknowledges the positive structural and flow-based drivers (alpha, financial strength) while respecting the short-term technical headwinds (MACD crossover, high starting valuation) and the lack of a fresh narrative catalyst to ignite a larger move. The move is expected to be driven more by its correlation to a positive market (beta) and continued institutional favor than by a company-specific story.

[Primary Driver]:
Flow",up by 0-1%,2025-01-06,2025-01-10,97,Flow
"[Company Introduction]:\n\nMeta Platforms Inc is a leading entity in the Media sector. Incorporated and publicly traded since 2012-05-18, the company has established its reputation as one of the key players in the market. As of today, Meta Platforms Inc has a market capitalization of 1617119.55 in USD, with 2529.56 shares outstanding.\n\nMeta Platforms Inc operates primarily in the US, trading under the ticker META on the NASDAQ NMS - GLOBAL MARKET. As a dominant force in the Media space, the company continues to innovate and drive progress within the industry.\n\n[QUANT SIGNALS - STRUCTURAL]:\n- Price Move: META decreased by 0.57% (623.92 -> 620.35)\n- Alpha vs Nasdaq-100: -2.13% (Underperformed)\n- Market Context (VIX): N/A\n- Volume Status: Normal (Z-Score: -0.9)\n- Volatility (ATR): 15.48 (Normal)\n- Weekly RSI (Trend Strength): 68.8 (Neutral)\n\n[TECHNICALS - DAILY]:\n- Daily RSI: 74.6 (Overbought)\n- Trend: Strong Uptrend\n- MACD: Bullish Crossover\n- Mean Reversion: 6.1% from SMA50 (Normal)\n\n[NEWS]:\n\nNo relative news reported.\n\n[QUANT SIGNALS - STRUCTURAL]:\n- Price Move: META decreased by 7.10% (629.98 -> 585.25)\n- Alpha vs Nasdaq-100: -3.47% (Underperformed)\n- Market Context (VIX): N/A\n- Volume Status: HUGE (Z-Score: 4.0)\n- Volatility (ATR): 17.47 (Normal)\n- Weekly RSI (Trend Strength): 73.5 (Overbought)\n\n[TECHNICALS - DAILY]:\n- Daily RSI: 47.0 (Neutral)\n- Trend: Bullish\n- MACD: Bearish Crossover\n- Mean Reversion: -0.1% from SMA50 (Normal)\n\n[NEWS]:\n\nNo relative news reported.\n\n[QUANT SIGNALS - STRUCTURAL]:\n- Price Move: META increased by 1.73% (589.60 -> 599.81)\n- Alpha vs Nasdaq-100: +1.79% (Outperformed)\n- Market Context (VIX): N/A\n- Volume Status: Normal (Z-Score: -0.5)\n- Volatility (ATR): 15.84 (Normal)\n- Weekly RSI (Trend Strength): 61.4 (Neutral)\n\n[TECHNICALS - DAILY]:\n- Daily RSI: 39.6 (Neutral)\n- Trend: Strong Uptrend\n- MACD: Bearish Crossover\n- Mean Reversion: 2.1% from SMA50 (Normal)\n\n[NEWS]:\n\nNo relative news reported.\nSome recent basic financials of META, reported at 2024-12-31, are presented below:\n\n[Basic Financials]:\n\nassetTurnoverTTM: 0.6677\nbookValue: 182637\ncashRatio: 1.3063757590189309\ncurrentRatio: 2.9779\nebitPerShare: 8.9483\neps: 7.9809\nev: 1463050.2\nevEbitdaTTM: 17.2026\nevRevenueTTM: 8.8939\nfcfMargin: 0.2803\nfcfPerShareTTM: 21.3386\ngrossMargin: 0.8175\nlongtermDebtTotalAsset: 0.1044\nlongtermDebtTotalCapital: 0.1363\nlongtermDebtTotalEquity: 0.1578\nnetDebtToTotalCapital: -0.0712\nnetDebtToTotalEquity: -0.0825\nnetMargin: 0.4307\noperatingMargin: 0.4829\npayoutRatioTTM: 0.0813\npb: 8.0932\npeTTM: 23.7029\npfcfTTM: 27.336\npretaxMargin: 0.4868\npsTTM: 8.9855\nptbv: 8.1339\nquickRatio: 2.8325\nreceivablesTurnoverTTM: 9.9207\nroaTTM: 0.2531\nroeTTM: 0.3817\nroicTTM: 0.3335\nrotcTTM: 0.3711\nsalesPerShare: 18.5312\nsgaToSale: 0.1825\ntangibleBookValue: 181722\ntotalDebtToEquity: 0.1578\ntotalDebtToTotalAsset: 0.1044\ntotalDebtToTotalCapital: 0.1363\ntotalRatio: 2.9551\n\nBased on all the information before 2024-12-30, let's first analyze the positive developments and potential concerns for META. Come up with 2-4 most important factors respectively and keep them concise. Integrate both quantitative signals and news to explain the movement. Then let's assume your prediction for the coming trading week (2024-12-30 pre-market to 2025-01-03 close) is up by 2-3%. Pay special attention to [WEEKEND NEWS - PRE-MARKET], because this information is available before Monday open. Provide a summary analysis to support your prediction. Before writing the analysis, cross-reference the [QUANT SIGNALS] with the [NEWS]. If the prediction is up by 2-3% but the technicals show a conflict (e.g., predicting 'Up' when Trend is 'Strong Downtrend'), explain this divergence logically (e.g., as a 'trend reversal' or 'short squeeze') rather than ignoring the data. The prediction result need to be inferred from your analysis at the end, and thus not appearing as a foundational factor of your analysis.","[Positive Developments]:
1. Strong Financial Health: High net margin (43.07%) and robust free cash flow (FCF per share $21.34) with low debt (total debt to equity 0.16) indicate operational efficiency and financial stability, providing a solid foundation for stock appreciation.
2. Technical Rebound Potential: Daily RSI cooled from overbought (74.6) to neutral (39.6), reducing overextension and offering room for upward movement; the trend remains ""Strong Uptrend"" despite recent volatility.
3. Recent Outperformance: In the latest period, META gained 1.73% and outperformed the Nasdaq-100 by 1.79%, signaling a potential reversal from prior underperformance and renewed investor confidence.
4. Volume Normalization: After a huge volume spike (Z-Score 4.0) during the 7.10% decline, volume returned to normal, suggesting that intense selling pressure has subsided and the stock may be stabilizing.

[Potential Concerns]:
1. Significant Underperformance: META underperformed the Nasdaq-100 by -2.13% and -3.47% in two prior periods, indicating relative weakness that could persist if market sentiment sours or sector rotation continues.
2. Sharp Decline with Institutional Selling: The 7.10% drop accompanied by huge volume (Z-Score 4.0) implies institutional profit-taking or bearish flows, possibly reflecting unspoken concerns about valuation or growth prospects.
3. Bearish MACD Signals: Despite a ""Strong Uptrend"" label, MACD shows bearish crossovers in recent periods, hinting at weakening momentum that could cap near-term gains or lead to further consolidation.
4. Prior Overbought Conditions: The daily RSI was overbought at 74.6 before the decline, suggesting the correction was partly technical, but if overbought levels recur quickly, it may limit upside.

[Prediction & Analysis]:
Assuming a prediction of up 2-3% for the coming week (2024-12-30 pre-market to 2025-01-03 close), the analysis proceeds as follows:
- **Technical Reality:** Daily RSI is neutral at 39.6, and weekly RSI is 61.4 (neutral), with the stock trading 2.1% above the SMA50—within normal bounds. This indicates no extreme overextension, allowing for a potential rally without immediate technical barriers. The conflict between a ""Strong Uptrend"" and bearish MACD is resolved by viewing the MACD signal as a short-term momentum dip within a broader uptrend, often preceding a rebound as buying interest resumes.
- **Relative Performance:** After underperforming, META's recent alpha of +1.79% suggests improving relative strength. If this trend continues, it could drive further outperformance, especially if market conditions stabilize.
- **News Catalyst:** No company-specific news is reported, so price movements are attributed to market mechanics. The sharp decline with huge volume likely resulted from institutional profit-taking or beta-driven sector repricing after earlier gains. The subsequent recovery with normal volume indicates a technical bounce or mean reversion, supported by the stock's strong financials attracting buyers at lower levels.
- **Dealing with ""No News"":** In the absence of news, the predicted rise is driven by a combination of technical recovery (RSI reset and trend adherence) and flow dynamics (normalized volume and potential institutional re-entry). The market may be repricing META based on its solid fundamentals, such as high ROE (38.17%) and FCF margin (28.03%), which provide a valuation floor.
- **Conclusion:** The 2-3% gain prediction aligns with a technical rebound after a healthy correction. The stock's financial health and neutral RSI support upside, while bearish MACD signals are outweighed by the overall uptrend and improving relative performance. Expect choppy but upward movement as flows stabilize.

[Primary Driver]:
Mixed (technical setup from RSI reset and trend support, combined with flow normalization after institutional selling).",up by 2-3%,2024-12-30,2025-01-03,96,"Mixed (technical setup from RSI reset and trend support, combined with flow normalization after institutional selling)."
"[Company Introduction]:\n\nMeta Platforms Inc is a leading entity in the Media sector. Incorporated and publicly traded since 2012-05-18, the company has established its reputation as one of the key players in the market. As of today, Meta Platforms Inc has a market capitalization of 1617119.55 in USD, with 2529.56 shares outstanding.\n\nMeta Platforms Inc operates primarily in the US, trading under the ticker META on the NASDAQ NMS - GLOBAL MARKET. As a dominant force in the Media space, the company continues to innovate and drive progress within the industry.\n\n[QUANT SIGNALS - STRUCTURAL]:\n- Price Move: META increased by 2.17% (562.10 -> 574.32)\n- Alpha vs Nasdaq-100: +1.55% (Outperformed)\n- Market Context (VIX): N/A\n- Volume Status: Normal (Z-Score: -1.5)\n- Volatility (ATR): 13.57 (Normal)\n- Weekly RSI (Trend Strength): 57.4 (Neutral)\n\n[TECHNICALS - DAILY]:\n- Daily RSI: 40.6 (Neutral)\n- Trend: Bullish\n- MACD: Bearish Crossover\n- Mean Reversion: -0.1% from SMA50 (Normal)\n\n[NEWS]:\n\nNo relative news reported.\n\n[QUANT SIGNALS - STRUCTURAL]:\n- Price Move: META increased by 8.01% (577.50 -> 623.77)\n- Alpha vs Nasdaq-100: +5.84% (Outperformed)\n- Market Context (VIX): N/A\n- Volume Status: High (Z-Score: 1.6)\n- Volatility (ATR): 14.57 (Normal)\n- Weekly RSI (Trend Strength): 60.1 (Neutral)\n\n[TECHNICALS - DAILY]:\n- Daily RSI: 84.6 (Overbought)\n- Trend: Strong Uptrend\n- MACD: Bullish Crossover\n- Mean Reversion: 7.6% from SMA50 (Normal)\n\n[NEWS]:\n\nNo relative news reported.\n\n[QUANT SIGNALS - STRUCTURAL]:\n- Price Move: META decreased by 0.57% (623.92 -> 620.35)\n- Alpha vs Nasdaq-100: -2.13% (Underperformed)\n- Market Context (VIX): N/A\n- Volume Status: Normal (Z-Score: -0.9)\n- Volatility (ATR): 15.48 (Normal)\n- Weekly RSI (Trend Strength): 68.8 (Neutral)\n\n[TECHNICALS - DAILY]:\n- Daily RSI: 74.6 (Overbought)\n- Trend: Strong Uptrend\n- MACD: Bullish Crossover\n- Mean Reversion: 6.1% from SMA50 (Normal)\n\n[NEWS]:\n\nNo relative news reported.\n\n[QUANT SIGNALS - STRUCTURAL]:\n- Price Move: META decreased by 7.10% (629.98 -> 585.25)\n- Alpha vs Nasdaq-100: -3.47% (Underperformed)\n- Market Context (VIX): N/A\n- Volume Status: HUGE (Z-Score: 4.0)\n- Volatility (ATR): 17.47 (Normal)\n- Weekly RSI (Trend Strength): 73.5 (Overbought)\n\n[TECHNICALS - DAILY]:\n- Daily RSI: 47.0 (Neutral)\n- Trend: Bullish\n- MACD: Bearish Crossover\n- Mean Reversion: -0.1% from SMA50 (Normal)\n\n[NEWS]:\n\nNo relative news reported.\n[Basic Financials]:\n\nNo basic financial reported.\n\nBased on all the information before 2024-12-23, let's first analyze the positive developments and potential concerns for META. Come up with 2-4 most important factors respectively and keep them concise. Integrate both quantitative signals and news to explain the movement. Then let's assume your prediction for the coming trading week (2024-12-23 pre-market to 2024-12-27 close) is up by 1-2%. Pay special attention to [WEEKEND NEWS - PRE-MARKET], because this information is available before Monday open. Provide a summary analysis to support your prediction. Before writing the analysis, cross-reference the [QUANT SIGNALS] with the [NEWS]. If the prediction is up by 1-2% but the technicals show a conflict (e.g., predicting 'Up' when Trend is 'Strong Downtrend'), explain this divergence logically (e.g., as a 'trend reversal' or 'short squeeze') rather than ignoring the data. The prediction result need to be inferred from your analysis at the end, and thus not appearing as a foundational factor of your analysis.","[Positive Developments]:
1. Strong Alpha Generation: META outperformed the Nasdaq-100 by +5.84% during an 8.01% rally with high volume, indicating robust institutional buying and positive market sentiment.
2. Technical Support: After a 7.10% drop, the price stabilized near the 50-day SMA (-0.1% deviation) with daily RSI neutral at 47.0, suggesting a key support level that could facilitate a rebound.
3. Trend Resilience: Despite recent volatility, the daily trend remains bullish, and the sharp decline on huge volume may have flushed out weak hands, reducing selling pressure.

[Potential Concerns]:
1. Heavy Selling Pressure: A 7.10% decline with huge volume (Z-Score: 4.0) and underperformance vs. Nasdaq-100 (-3.47%) signals significant profit-taking or institutional selling, raising concerns about near-term momentum.
2. Overbought Conditions: Weekly RSI reached 73.5 (overbought) and daily RSI was overbought earlier (84.6), indicating stretched valuations that contributed to the correction, with potential for further exhaustion.
3. Bearish Momentum Signals: MACD bearish crossovers in the first and fourth periods, coupled with the recent drop, suggest weakening momentum that could hinder a sustained recovery.

[Prediction & Analysis]:
The prediction for the coming trading week (2024-12-23 to 2024-12-27) is a 1-2% increase. This is based on the following analysis:

- **Technical Reality**: The stock closed at 585.25, precisely at the 50-day SMA with daily RSI neutral (47.0), providing a strong technical support zone. The prior overbought conditions have been alleviated, allowing room for a bounce. Although the MACD shows a bearish crossover, it is a lagging indicator, and the bullish daily trend suggests underlying strength. The weekly RSI at 73.5 remains overbought, but this may cap larger gains, supporting a modest 1-2% rise.

- **Relative Performance**: META underperformed in the last two periods after strong outperformance, indicating a relative correction. At support levels, the stock is poised for a mean-reversion bounce relative to the index, as no fundamental deterioration is evident from the absence of news.

- **News Catalyst**: No company-specific news was reported throughout the periods. Therefore, the recent price movements are driven entirely by market mechanics. The 8.01% rally was likely fueled by sector rotation or momentum flows, while the 7.10% drop with huge volume points to institutional profit-taking or beta-driven repricing in the tech sector.

- **Dealing with ""No News""**: The significant moves are ascribed to technical factors and flows: the rally reflected beta-driven momentum and institutional accumulation, while the drop represented a technical correction from overbought levels, exacerbated by high-volume selling flows. The predicted increase aligns with a technical rebound from support, as flows stabilize.

- **Conflict Explanation**: Predicting a 1-2% increase despite the bearish MACD and recent downtrend is justified as a trend reversal or support bounce. The stock is not extremely overextended (daily RSI neutral), and the SMA50 support, combined with the bullish daily trend, provides a foundation for a short-term recovery. The huge volume drop may have exhausted sellers, setting the stage for a relief rally.

[Primary Driver]:
Technical",up by 1-2%,2024-12-23,2024-12-27,95,Technical
"[Company Introduction]:\n\nMeta Platforms Inc is a leading entity in the Media sector. Incorporated and publicly traded since 2012-05-18, the company has established its reputation as one of the key players in the market. As of today, Meta Platforms Inc has a market capitalization of 1617119.55 in USD, with 2529.56 shares outstanding.\n\nMeta Platforms Inc operates primarily in the US, trading under the ticker META on the NASDAQ NMS - GLOBAL MARKET. As a dominant force in the Media space, the company continues to innovate and drive progress within the industry.\n\n[QUANT SIGNALS - STRUCTURAL]:\n- Price Move: META decreased by 7.10% (629.98 -> 585.25)\n- Alpha vs Nasdaq-100: -3.47% (Underperformed)\n- Market Context (VIX): N/A\n- Volume Status: HUGE (Z-Score: 4.0)\n- Volatility (ATR): 17.47 (Normal)\n- Weekly RSI (Trend Strength): 73.5 (Overbought)\n\n[TECHNICALS - DAILY]:\n- Daily RSI: 47.0 (Neutral)\n- Trend: Bullish\n- MACD: Bearish Crossover\n- Mean Reversion: -0.1% from SMA50 (Normal)\n\n[NEWS]:\n\nNo relative news reported.\n\n[QUANT SIGNALS - STRUCTURAL]:\n- Price Move: META increased by 1.73% (589.60 -> 599.81)\n- Alpha vs Nasdaq-100: +1.79% (Outperformed)\n- Market Context (VIX): N/A\n- Volume Status: Normal (Z-Score: -0.5)\n- Volatility (ATR): 15.84 (Normal)\n- Weekly RSI (Trend Strength): 61.4 (Neutral)\n\n[TECHNICALS - DAILY]:\n- Daily RSI: 39.6 (Neutral)\n- Trend: Strong Uptrend\n- MACD: Bearish Crossover\n- Mean Reversion: 2.1% from SMA50 (Normal)\n\n[NEWS]:\n\nNo relative news reported.\n\n[QUANT SIGNALS - STRUCTURAL]:\n- Price Move: META increased by 2.70% (588.75 -> 604.63)\n- Alpha vs Nasdaq-100: +2.12% (Outperformed)\n- Market Context (VIX): N/A\n- Volume Status: Normal (Z-Score: -0.1)\n- Volatility (ATR): 15.50 (Normal)\n- Weekly RSI (Trend Strength): 57.9 (Neutral)\n\n[TECHNICALS - DAILY]:\n- Daily RSI: 38.8 (Neutral)\n- Trend: Strong Uptrend\n- MACD: Bearish Crossover\n- Mean Reversion: 2.7% from SMA50 (Normal)\n\n[NEWS]:\n\nNo relative news reported.\n\n[QUANT SIGNALS - STRUCTURAL]:\n- Price Move: META increased by 0.66% (611.83 -> 615.86)\n- Alpha vs Nasdaq-100: +3.97% (Outperformed)\n- Market Context (VIX): N/A\n- Volume Status: Normal (Z-Score: 0.7)\n- Volatility (ATR): 17.23 (Normal)\n- Weekly RSI (Trend Strength): 57.7 (Neutral)\n\n[TECHNICALS - DAILY]:\n- Daily RSI: 57.4 (Neutral)\n- Trend: Strong Uptrend\n- MACD: Bullish Crossover\n- Mean Reversion: 3.9% from SMA50 (Normal)\n\n[NEWS]:\n\nNo relative news reported.\n[WEEKEND NEWS - PRE-MARKET]:\n[Headline]: XLG: Outperforms The S&P500 Index\n[Summary]: Read here for an analysis of Invesco S&P 500 Top 50 ETF (XLG) for long-term capital growth, which outperforms the S&P 500 Index with top US stocks.\n\n[Headline]: 10 Funds To Retire Today; $6,000 Monthly Income\n[Summary]: Discover a diversified portfolio of 10 funds for retirees and income investors seeking a reliable passive income with growth potential.\n\n[Headline]: A Dozen Stocks I'm Buying As Rising Interest Rates Break The Market\n[Summary]: Financial writer discusses the impact of interest rates on S&P 500 and REITs, Baby Boomers' economic influence, and dividend growth stock choices.\n\n[Headline]: TikTok ban goes before Supreme Court. Here’s where the app’s $10 billion in ad revenue could go if it dies.\n[Summary]: TikTok ban goes before Supreme Court. Here’s where the app’s $10 billion in ad revenue could go if it dies.\n\n[Headline]: Wall Street Brunch: All Aboard The Earnings Train\n[Summary]: JPMorgan, Citi, BofA, Wells Fargo, Goldman and more on the calendar. Hot CPI could slash odds of rate cuts further. L.A. wildfires could be most costly ever.\n\nSome recent basic financials of META, reported at 2024-12-31, are presented below:\n\n[Basic Financials]:\n\nassetTurnoverTTM: 0.6677\nbookValue: 182637\ncashRatio: 1.3063757590189309\ncurrentRatio: 2.9779\nebitPerShare: 8.9483\neps: 7.9809\nev: 1463050.2\nevEbitdaTTM: 17.2026\nevRevenueTTM: 8.8939\nfcfMargin: 0.2803\nfcfPerShareTTM: 21.3386\ngrossMargin: 0.8175\nlongtermDebtTotalAsset: 0.1044\nlongtermDebtTotalCapital: 0.1363\nlongtermDebtTotalEquity: 0.1578\nnetDebtToTotalCapital: -0.0712\nnetDebtToTotalEquity: -0.0825\nnetMargin: 0.4307\noperatingMargin: 0.4829\npayoutRatioTTM: 0.0813\npb: 8.0932\npeTTM: 23.7029\npfcfTTM: 27.336\npretaxMargin: 0.4868\npsTTM: 8.9855\nptbv: 8.1339\nquickRatio: 2.8325\nreceivablesTurnoverTTM: 9.9207\nroaTTM: 0.2531\nroeTTM: 0.3817\nroicTTM: 0.3335\nrotcTTM: 0.3711\nsalesPerShare: 18.5312\nsgaToSale: 0.1825\ntangibleBookValue: 181722\ntotalDebtToEquity: 0.1578\ntotalDebtToTotalAsset: 0.1044\ntotalDebtToTotalCapital: 0.1363\ntotalRatio: 2.9551\n\nBased on all the information before 2025-01-13, let's first analyze the positive developments and potential concerns for META. Come up with 2-4 most important factors respectively and keep them concise. Integrate both quantitative signals and news to explain the movement. Then let's assume your prediction for the coming trading week (2025-01-13 pre-market to 2025-01-17 close) is up by 0-1%. Pay special attention to [WEEKEND NEWS - PRE-MARKET], because this information is available before Monday open. Provide a summary analysis to support your prediction. Before writing the analysis, cross-reference the [QUANT SIGNALS] with the [NEWS]. If the prediction is up by 0-1% but the technicals show a conflict (e.g., predicting 'Up' when Trend is 'Strong Downtrend'), explain this divergence logically (e.g., as a 'trend reversal' or 'short squeeze') rather than ignoring the data. The prediction result need to be inferred from your analysis at the end, and thus not appearing as a foundational factor of your analysis.","[Positive Developments]:
1. Strong financial health: High net margin (0.4307), robust free cash flow (FCF margin 0.2803), and solid liquidity (current ratio 2.9779) per basic financials, supporting stability.
2. Technical recovery and alpha: After a 7.10% drop, META outperformed the Nasdaq-100 in three consecutive periods, with price increases and a bullish MACD crossover in the latest period, indicating renewed upward momentum.
3. Narrative tailwind from TikTok ban: Weekend news highlights a Supreme Court case on a TikTok ban; if enacted, META could capture part of the $10 billion ad revenue, boosting sentiment.
4. Neutral weekly RSI: Weekly RSI cooled from overbought (73.5) to neutral (57.7), reducing near-term correction risks and allowing for gradual appreciation.

[Potential Concerns]:
1. Initial sell-off with huge volume: The 7.10% decline on high volume (Z-Score 4.0) suggests institutional profit-taking or distribution, potentially signaling residual caution.
2. Valuation constraints: PE ratio of 23.7 and PB ratio of 8.09 are fair but not cheap, limiting upside without significant earnings growth or catalysts.
3. Lack of company-specific catalysts: No relative news in reported periods implies recent moves were driven by market flows or technicals, not fundamental developments, raising uncertainty.
4. Mixed technical history: Bearish MACD crossovers in earlier periods, despite an uptrend, indicate intermittent momentum weakness that could resurface.

[Prediction & Analysis]:
META is predicted to increase by 0-1% for the week of 2025-01-13 to 2025-01-17. Technically, the stock is in a strong uptrend with daily RSI neutral (57.4) and MACD bullish, supporting further gains without overextension. Weekly RSI is neutral (57.7), easing overbought concerns. Relative performance shows consistent alpha versus the Nasdaq-100, reflecting underlying demand. The weekend TikTok ban news provides a narrative catalyst, but its impact is speculative and may not drive large moves immediately. Previous price actions in the absence of news were likely driven by market mechanics: the initial drop was a technical correction from overbought levels, while subsequent rises were fueled by institutional flows (indicated by volume normalization and outperformance). The modest prediction of 0-1% aligns with a continuation of the uptrend at a measured pace, tempered by valuation levels and the need for concrete catalysts to sustain higher gains. Divergence from a more aggressive uptrend prediction is due to the neutral daily RSI and lack of volume spikes, suggesting consolidation rather than breakout.

[Primary Driver]:
Mixed",up by 0-1%,2025-01-13,2025-01-17,98,Mixed
"[Company Introduction]:\n\nMeta Platforms Inc is a leading entity in the Media sector. Incorporated and publicly traded since 2012-05-18, the company has established its reputation as one of the key players in the market. As of today, Meta Platforms Inc has a market capitalization of 1617119.55 in USD, with 2529.56 shares outstanding.\n\nMeta Platforms Inc operates primarily in the US, trading under the ticker META on the NASDAQ NMS - GLOBAL MARKET. As a dominant force in the Media space, the company continues to innovate and drive progress within the industry.\n\n[QUANT SIGNALS - STRUCTURAL]:\n- Price Move: META increased by 0.93% (607.10 -> 612.77)\n- Alpha vs Nasdaq-100: -2.27% (Underperformed)\n- Market Context (VIX): N/A\n- Volume Status: Normal (Z-Score: 0.4)\n- Volatility (ATR): 18.74 (High)\n- Weekly RSI (Trend Strength): 54.4 (Neutral)\n\n[TECHNICALS - DAILY]:\n- Daily RSI: 53.4 (Neutral)\n- Trend: Strong Uptrend\n- MACD: Bearish Crossover\n- Mean Reversion: 2.8% from SMA50 (Normal)\n\n[NEWS]:\n\nNo relative news reported.\n\n[QUANT SIGNALS - STRUCTURAL]:\n- Price Move: META increased by 4.80% (617.83 -> 647.49)\n- Alpha vs Nasdaq-100: +3.88% (Outperformed)\n- Market Context (VIX): N/A\n- Volume Status: High (Z-Score: 1.8)\n- Volatility (ATR): 19.15 (Normal)\n- Weekly RSI (Trend Strength): 55.1 (Neutral)\n\n[TECHNICALS - DAILY]:\n- Daily RSI: 67.0 (Neutral)\n- Trend: Strong Uptrend\n- MACD: Bullish Crossover\n- Mean Reversion: 8.0% from SMA50 (Normal)\n\n[NEWS]:\n\nNo relative news reported.\n[Basic Financials]:\n\nNo basic financial reported.\n\nBased on all the information before 2025-01-27, let's first analyze the positive developments and potential concerns for META. Come up with 2-4 most important factors respectively and keep them concise. Integrate both quantitative signals and news to explain the movement. Then let's assume your prediction for the coming trading week (2025-01-27 pre-market to 2025-01-31 close) is up by more than 5%. Pay special attention to [WEEKEND NEWS - PRE-MARKET], because this information is available before Monday open. Provide a summary analysis to support your prediction. Before writing the analysis, cross-reference the [QUANT SIGNALS] with the [NEWS]. If the prediction is up by more than 5% but the technicals show a conflict (e.g., predicting 'Up' when Trend is 'Strong Downtrend'), explain this divergence logically (e.g., as a 'trend reversal' or 'short squeeze') rather than ignoring the data. The prediction result need to be inferred from your analysis at the end, and thus not appearing as a foundational factor of your analysis.","[Positive Developments]:
1. Significant price appreciation of 4.80% accompanied by high volume (Z-Score 1.8), indicating strong institutional buying and confirmation of the upward move.
2. Improved relative performance, with Alpha turning positive at +3.88% against the Nasdaq-100, suggesting regained market leadership and momentum.
3. Bullish technical shift, as MACD transitioned from a bearish to bullish crossover, reinforcing the strong uptrend with normal mean reversion (8.0% from SMA50).

[Potential Concerns]:
1. Prior underperformance with -2.27% Alpha in an earlier period, highlighting volatility in relative strength and potential sensitivity to market swings.
2. Daily RSI at 67.0 is approaching overbought territory, which may cap near-term gains and increase susceptibility to profit-taking.
3. Absence of company-specific news; price movements appear driven by market flows or technicals rather than fundamental catalysts, raising sustainability questions.

[Prediction & Analysis]:
- **Technical Reality**: META exhibits a strong uptrend with a bullish MACD crossover, supporting further upside. Daily RSI at 67.0 remains neutral but elevated, indicating building momentum without extreme overextension. The mean reversion of 8.0% from SMA50 is within normal bounds, leaving room for additional gains before technical resistance solidifies.
- **Relative Performance**: The shift from underperformance to outperformance (+3.88% Alpha) reflects improving alpha dynamics, likely attracting momentum investors and reinforcing positive sentiment.
- **News Catalyst**: No company-specific news was reported, eliminating fundamental drivers. However, the high volume during the 4.80% rise suggests the move was fueled by market mechanics, such as institutional accumulation or sector-level flows.
- **Dealing with ""No News""**: The price action is explicitly attributed to flow-driven factors, evidenced by the volume spike (Z-Score 1.8) and technical breakout. This indicates broad market participation, potentially due to beta-driven momentum or rotation into the Media sector, rather than narrative changes.
- **Prediction Rationale**: Given the confluence of a robust technical setup, confirmed by volume, and renewed relative strength, the uptrend is poised to continue. While the elevated RSI warrants caution, the strong trend and flow support can propel prices higher. Thus, for the trading week from 2025-01-27 pre-market to 2025-01-31 close, META is predicted to rise by more than 5%, driven by sustained buying pressure and technical momentum.

[Primary Driver]:
Mixed",up by more than 5%,2025-01-27,2025-01-31,100,Mixed
"[Company Introduction]:\n\nMeta Platforms Inc is a leading entity in the Media sector. Incorporated and publicly traded since 2012-05-18, the company has established its reputation as one of the key players in the market. As of today, Meta Platforms Inc has a market capitalization of 1617119.55 in USD, with 2529.56 shares outstanding.\n\nMeta Platforms Inc operates primarily in the US, trading under the ticker META on the NASDAQ NMS - GLOBAL MARKET. As a dominant force in the Media space, the company continues to innovate and drive progress within the industry.\n\n[QUANT SIGNALS - STRUCTURAL]:\n- Price Move: META increased by 9.99% (626.61 -> 689.18)\n- Alpha vs Nasdaq-100: +8.41% (Outperformed)\n- Market Context (VIX): N/A\n- Volume Status: Normal (Z-Score: 0.6)\n- Volatility (ATR): 20.63 (Normal)\n- Weekly RSI (Trend Strength): 64.6 (Neutral)\n\n[TECHNICALS - DAILY]:\n- Daily RSI: 78.6 (Overbought)\n- Trend: Strong Uptrend\n- MACD: Bullish Crossover\n- Mean Reversion: 13.0% from SMA50 (Normal)\n\n[NEWS]:\n\nNo relative news reported.\n\n[QUANT SIGNALS - STRUCTURAL]:\n- Price Move: META increased by 5.71% (675.91 -> 714.52)\n- Alpha vs Nasdaq-100: +4.78% (Outperformed)\n- Market Context (VIX): N/A\n- Volume Status: Normal (Z-Score: -0.1)\n- Volatility (ATR): 20.52 (Normal)\n- Weekly RSI (Trend Strength): 70.6 (Overbought)\n\n[TECHNICALS - DAILY]:\n- Daily RSI: 100.0 (Overbought)\n- Trend: Strong Uptrend\n- MACD: Bullish Crossover\n- Mean Reversion: 14.4% from SMA50 (Normal)\n\n[NEWS]:\n\nNo relative news reported.\n\n[QUANT SIGNALS - STRUCTURAL]:\n- Price Move: META increased by 2.52% (718.56 -> 736.67)\n- Alpha vs Nasdaq-100: +0.84% (Outperformed)\n- Market Context (VIX): N/A\n- Volume Status: Normal (Z-Score: -0.0)\n- Volatility (ATR): 17.84 (Normal)\n- Weekly RSI (Trend Strength): 74.5 (Overbought)\n\n[TECHNICALS - DAILY]:\n- Daily RSI: 100.0 (Overbought)\n- Trend: Strong Uptrend\n- MACD: Bullish Crossover\n- Mean Reversion: 15.2% from SMA50 (Overextended)\n\n[NEWS]:\n\nNo relative news reported.\n[Basic Financials]:\n\nNo basic financial reported.\n\nBased on all the information before 2025-02-18, let's first analyze the positive developments and potential concerns for META. Come up with 2-4 most important factors respectively and keep them concise. Integrate both quantitative signals and news to explain the movement. Then let's assume your prediction for the coming trading week (2025-02-18 pre-market to 2025-02-21 close) is down by more than 5%. Pay special attention to [WEEKEND NEWS - PRE-MARKET], because this information is available before Monday open. Provide a summary analysis to support your prediction. Before writing the analysis, cross-reference the [QUANT SIGNALS] with the [NEWS]. If the prediction is down by more than 5% but the technicals show a conflict (e.g., predicting 'Up' when Trend is 'Strong Downtrend'), explain this divergence logically (e.g., as a 'trend reversal' or 'short squeeze') rather than ignoring the data. The prediction result need to be inferred from your analysis at the end, and thus not appearing as a foundational factor of your analysis.","[Positive Developments]:
1. **Strong Relative Alpha**: META has consistently outperformed the Nasdaq-100 over the past three periods, indicating strong institutional favor and positive sector rotation into the stock.
2. **Sustained Bullish Momentum**: The MACD maintains a bullish crossover and the stock is in a ""Strong Uptrend."" This structural momentum has driven significant weekly gains.

[Potential Concerns]:
1. **Extreme Overbought Conditions**: The daily RSI has reached 100.0 in the last two periods, indicating unsustainable buying pressure. The weekly RSI has also climbed into overbought territory (74.5).
2. **Significant Overextension**: The price is now 15.2% above its 50-day moving average, flagged as ""Overextended."" This creates a high probability of a sharp mean reversion pullback in the absence of a new catalyst.
3. **Absence of Fundamental Catalyst**: The price surge occurred with ""No relative news reported"" and normal volume, suggesting the move is driven by technical/market flows rather than a reinforcing fundamental narrative. This makes the advance fragile.

[Prediction & Analysis]:
The prediction for a >5% decline in the coming week is based on a convergence of technical exhaustion and the absence of a sustaining catalyst.

**Technical Reality**: The stock is in an extreme technical state. A daily RSI of 100 is a rare signal that typically precedes a significant cooldown or reversal. The overextension from the SMA50 (15.2%) is well beyond a normal pullback zone. While the trend is strong, these indicators define the boundary of what is sustainable; without a massive new narrative catalyst, a reversion to a less extreme technical state is the highest probability outcome. The prediction of a down move is a call for a **technical trend reversal or correction** from overbought extremes.

**Relative Performance & News Catalyst**: META's alpha was strong, but this outperformance itself may have been the driver, attracting momentum flows that have now likely been exhausted. The complete lack of company-specific news during this ascent is critical. It indicates the move was not driven by a new fundamental thesis but by **market mechanics**—likely a combination of sector-level rotation into mega-cap tech (beta-driven momentum) and short-term technical breakouts feeding on themselves. This type of momentum is notoriously fickle and reverses quickly when buying interest wanes.

**Weekend News Impact**: The absence of any new, positive weekend news to provide a fundamental justification for the overbought levels removes a key support for continued buying at Monday's open. This increases the likelihood of profit-taking.

In summary, the stock has climbed on pure technical/momentum flows into an extreme overbought condition. The market structure is now primed for a profit-taking event. The most probable path for the upcoming week is a sharp downward move as the extreme daily RSI reverts and the price mean-reverts toward its moving averages.

[Primary Driver]:
Mixed (Technical Exhaustion & Flow Reversal)",down by more than 5%,2025-02-18,2025-02-21,103,Mixed (Technical Exhaustion & Flow Reversal)
"[Company Introduction]:\n\nMeta Platforms Inc is a leading entity in the Media sector. Incorporated and publicly traded since 2012-05-18, the company has established its reputation as one of the key players in the market. As of today, Meta Platforms Inc has a market capitalization of 1617119.55 in USD, with 2529.56 shares outstanding.\n\nMeta Platforms Inc operates primarily in the US, trading under the ticker META on the NASDAQ NMS - GLOBAL MARKET. As a dominant force in the Media space, the company continues to innovate and drive progress within the industry.\n\n[QUANT SIGNALS - STRUCTURAL]:\n- Price Move: META increased by 1.73% (589.60 -> 599.81)\n- Alpha vs Nasdaq-100: +1.79% (Outperformed)\n- Market Context (VIX): N/A\n- Volume Status: Normal (Z-Score: -0.5)\n- Volatility (ATR): 15.84 (Normal)\n- Weekly RSI (Trend Strength): 61.4 (Neutral)\n\n[TECHNICALS - DAILY]:\n- Daily RSI: 39.6 (Neutral)\n- Trend: Strong Uptrend\n- MACD: Bearish Crossover\n- Mean Reversion: 2.1% from SMA50 (Normal)\n\n[NEWS]:\n\nNo relative news reported.\n\n[QUANT SIGNALS - STRUCTURAL]:\n- Price Move: META increased by 2.70% (588.75 -> 604.63)\n- Alpha vs Nasdaq-100: +2.12% (Outperformed)\n- Market Context (VIX): N/A\n- Volume Status: Normal (Z-Score: -0.1)\n- Volatility (ATR): 15.50 (Normal)\n- Weekly RSI (Trend Strength): 57.9 (Neutral)\n\n[TECHNICALS - DAILY]:\n- Daily RSI: 38.8 (Neutral)\n- Trend: Strong Uptrend\n- MACD: Bearish Crossover\n- Mean Reversion: 2.7% from SMA50 (Normal)\n\n[NEWS]:\n\nNo relative news reported.\n\n[QUANT SIGNALS - STRUCTURAL]:\n- Price Move: META increased by 0.66% (611.83 -> 615.86)\n- Alpha vs Nasdaq-100: +3.97% (Outperformed)\n- Market Context (VIX): N/A\n- Volume Status: Normal (Z-Score: 0.7)\n- Volatility (ATR): 17.23 (Normal)\n- Weekly RSI (Trend Strength): 57.7 (Neutral)\n\n[TECHNICALS - DAILY]:\n- Daily RSI: 57.4 (Neutral)\n- Trend: Strong Uptrend\n- MACD: Bullish Crossover\n- Mean Reversion: 3.9% from SMA50 (Normal)\n\n[NEWS]:\n\nNo relative news reported.\n\n[QUANT SIGNALS - STRUCTURAL]:\n- Price Move: META increased by 0.93% (607.10 -> 612.77)\n- Alpha vs Nasdaq-100: -2.27% (Underperformed)\n- Market Context (VIX): N/A\n- Volume Status: Normal (Z-Score: 0.4)\n- Volatility (ATR): 18.74 (High)\n- Weekly RSI (Trend Strength): 54.4 (Neutral)\n\n[TECHNICALS - DAILY]:\n- Daily RSI: 53.4 (Neutral)\n- Trend: Strong Uptrend\n- MACD: Bearish Crossover\n- Mean Reversion: 2.8% from SMA50 (Normal)\n\n[NEWS]:\n\nNo relative news reported.\n[Basic Financials]:\n\nNo basic financial reported.\n\nBased on all the information before 2025-01-21, let's first analyze the positive developments and potential concerns for META. Come up with 2-4 most important factors respectively and keep them concise. Integrate both quantitative signals and news to explain the movement. Then let's assume your prediction for the coming trading week (2025-01-21 pre-market to 2025-01-24 close) is up by 4-5%. Pay special attention to [WEEKEND NEWS - PRE-MARKET], because this information is available before Monday open. Provide a summary analysis to support your prediction. Before writing the analysis, cross-reference the [QUANT SIGNALS] with the [NEWS]. If the prediction is up by 4-5% but the technicals show a conflict (e.g., predicting 'Up' when Trend is 'Strong Downtrend'), explain this divergence logically (e.g., as a 'trend reversal' or 'short squeeze') rather than ignoring the data. The prediction result need to be inferred from your analysis at the end, and thus not appearing as a foundational factor of your analysis.","[Positive Developments]:
1. **Sustained Price Momentum**: META has consistently closed higher across the observed periods, with a strong daily uptrend indicating persistent bullish sentiment and buyer dominance.
2. **Positive Relative Strength**: The stock outperformed the Nasdaq-100 in three of four periods, generating significant alpha (e.g., +3.97% in one instance), reflecting robust investor confidence and sector leadership.
3. **Healthy Technical Base**: Price action remains within normal mean reversion from the SMA50 (2-4% deviations), providing a stable support level without overextension, and weekly RSI is neutral (54-61), avoiding overbought conditions.
4. **Stable Market Participation**: Volume has been normal across periods (Z-Scores between -0.5 and 0.7), indicating orderly trading without distress signals or speculative froth.

[Potential Concerns]:
1. **Recent Alpha Underperformance**: In the last period, META underperformed the Nasdaq-100 by -2.27% despite a price increase, suggesting potential relative weakness or a shift in market flows away from the stock.
2. **Inconsistent Momentum Signals**: MACD fluctuated between bearish and bullish crossovers, with a recent bearish crossover in the last period, indicating mixed momentum that could lead to near-term volatility or consolidation.
3. **Elevated Volatility**: Average True Range (ATR) spiked to ""High"" (18.74) in the final period, signaling increased price swings and uncertainty, which may amplify downside risks if sentiment sours.
4. **Neutral Oscillator Levels**: Daily RSI readings are neutral (38-57), lacking strong directional conviction, which could limit the impetus for a sharp rally without a clear catalyst.

[Prediction & Analysis]:
The technical reality defines the boundaries: META is in a strong daily uptrend with neutral RSI levels on both daily and weekly scales, allowing room for upward movement without immediate overbought constraints. Despite recent alpha underperformance, this occurred on a day when the stock still gained, implying the move was driven by broader market dynamics (e.g., sector-level repricing or beta-driven momentum) rather than company-specific weakness. The absence of news across all periods suggests that price action has been primarily technical and flow-driven, with normal volume supporting institutional participation.

Cross-referencing quant signals with news reveals no fundamental catalysts, so the observed increases are attributed to market mechanics. The high volatility in the last period indicates readiness for larger moves, while the strong uptrend and normal mean reversion from SMA50 provide a foundation for continuation. The MACD's bullish crossover in one period suggests latent upward momentum, which could resurface if technical buying accelerates.

For the upcoming week (2025-01-21 pre-market to 2025-01-24 close), assuming no adverse weekend news pre-market, the stock is poised for a technical breakout. The combination of a resilient uptrend, neutral RSI, and potential inflows from sector rotation or catch-up play after brief underperformance could propel META higher. A 4-5% rise is plausible as the stock reverts to outperforming its index, leveraging its technical strength amid a lack of negative catalysts. However, watch for volatility spikes and MACD signals for confirmation.

[Primary Driver]:
Mixed – the anticipated move is supported by both technical structure (strong uptrend, neutral RSI) and flow dynamics (sector rotation, institutional buying inferred from alpha history), with no narrative catalyst present.",up by 4-5%,2025-01-21,2025-01-24,99,"Mixed – the anticipated move is supported by both technical structure (strong uptrend, neutral RSI) and flow dynamics (sector rotation, institutional buying inferred from alpha history), with no narrative catalyst present."
"[Company Introduction]:\n\nMeta Platforms Inc is a leading entity in the Media sector. Incorporated and publicly traded since 2012-05-18, the company has established its reputation as one of the key players in the market. As of today, Meta Platforms Inc has a market capitalization of 1617119.55 in USD, with 2529.56 shares outstanding.\n\nMeta Platforms Inc operates primarily in the US, trading under the ticker META on the NASDAQ NMS - GLOBAL MARKET. As a dominant force in the Media space, the company continues to innovate and drive progress within the industry.\n\n[QUANT SIGNALS - STRUCTURAL]:\n- Price Move: META increased by 0.93% (607.10 -> 612.77)\n- Alpha vs Nasdaq-100: -2.27% (Underperformed)\n- Market Context (VIX): N/A\n- Volume Status: Normal (Z-Score: 0.4)\n- Volatility (ATR): 18.74 (High)\n- Weekly RSI (Trend Strength): 54.4 (Neutral)\n\n[TECHNICALS - DAILY]:\n- Daily RSI: 53.4 (Neutral)\n- Trend: Strong Uptrend\n- MACD: Bearish Crossover\n- Mean Reversion: 2.8% from SMA50 (Normal)\n\n[NEWS]:\n\nNo relative news reported.\n\n[QUANT SIGNALS - STRUCTURAL]:\n- Price Move: META increased by 4.80% (617.83 -> 647.49)\n- Alpha vs Nasdaq-100: +3.88% (Outperformed)\n- Market Context (VIX): N/A\n- Volume Status: High (Z-Score: 1.8)\n- Volatility (ATR): 19.15 (Normal)\n- Weekly RSI (Trend Strength): 55.1 (Neutral)\n\n[TECHNICALS - DAILY]:\n- Daily RSI: 67.0 (Neutral)\n- Trend: Strong Uptrend\n- MACD: Bullish Crossover\n- Mean Reversion: 8.0% from SMA50 (Normal)\n\n[NEWS]:\n\nNo relative news reported.\n\n[QUANT SIGNALS - STRUCTURAL]:\n- Price Move: META increased by 9.99% (626.61 -> 689.18)\n- Alpha vs Nasdaq-100: +8.41% (Outperformed)\n- Market Context (VIX): N/A\n- Volume Status: Normal (Z-Score: 0.6)\n- Volatility (ATR): 20.63 (Normal)\n- Weekly RSI (Trend Strength): 64.6 (Neutral)\n\n[TECHNICALS - DAILY]:\n- Daily RSI: 78.6 (Overbought)\n- Trend: Strong Uptrend\n- MACD: Bullish Crossover\n- Mean Reversion: 13.0% from SMA50 (Normal)\n\n[NEWS]:\n\nNo relative news reported.\n\n[QUANT SIGNALS - STRUCTURAL]:\n- Price Move: META increased by 5.71% (675.91 -> 714.52)\n- Alpha vs Nasdaq-100: +4.78% (Outperformed)\n- Market Context (VIX): N/A\n- Volume Status: Normal (Z-Score: -0.1)\n- Volatility (ATR): 20.52 (Normal)\n- Weekly RSI (Trend Strength): 70.6 (Overbought)\n\n[TECHNICALS - DAILY]:\n- Daily RSI: 100.0 (Overbought)\n- Trend: Strong Uptrend\n- MACD: Bullish Crossover\n- Mean Reversion: 14.4% from SMA50 (Normal)\n\n[NEWS]:\n\nNo relative news reported.\n[Basic Financials]:\n\nNo basic financial reported.\n\nBased on all the information before 2025-02-10, let's first analyze the positive developments and potential concerns for META. Come up with 2-4 most important factors respectively and keep them concise. Integrate both quantitative signals and news to explain the movement. Then let's assume your prediction for the coming trading week (2025-02-10 pre-market to 2025-02-14 close) is up by 2-3%. Pay special attention to [WEEKEND NEWS - PRE-MARKET], because this information is available before Monday open. Provide a summary analysis to support your prediction. Before writing the analysis, cross-reference the [QUANT SIGNALS] with the [NEWS]. If the prediction is up by 2-3% but the technicals show a conflict (e.g., predicting 'Up' when Trend is 'Strong Downtrend'), explain this divergence logically (e.g., as a 'trend reversal' or 'short squeeze') rather than ignoring the data. The prediction result need to be inferred from your analysis at the end, and thus not appearing as a foundational factor of your analysis.","[Positive Developments]:
1. Strong and sustained uptrend across all reported periods, with price increasing from 607.10 to 714.52, reflecting persistent bullish momentum.
2. Significant alpha generation versus the Nasdaq-100 in recent weeks, outperforming by +3.88%, +8.41%, and +4.78%, indicating relative strength and institutional favor.
3. Bullish MACD crossovers in later periods, supporting continued positive momentum and trend confirmation.

[Potential Concerns]:
1. Extremely overbought daily RSI readings, peaking at 100.0 in the final period, alongside a weekly RSI of 70.6 (overbought), signaling elevated risk of a pullback or consolidation.
2. High absolute volatility (ATR ~20) and initial underperformance vs. Nasdaq-100 (-2.27%), suggesting underlying market sensitivity and potential for sharp reversals.
3. No company-specific news to anchor the rally, raising questions about sustainability if fundamental catalysts remain absent.

[Prediction & Analysis]:
Based on the data through 2025-02-10, META exhibits conflicting signals: a powerful uptrend and strong relative performance juxtaposed with severely overbought conditions. The price action has been driven primarily by market mechanics—specifically, technical breakout dynamics and institutional flows, as evidenced by volume spikes (e.g., Z-Score 1.8) and beta-driven momentum in the absence of news. While the extreme daily RSI (100.0) typically foreshadows a correction, the stock's momentum and outperformance may temporarily override this, especially if broader market sentiment remains supportive. For the coming week (2025-02-10 to 2025-02-14), a gain of 2-3% is plausible, reflecting continued but decelerated buying pressure as the stock approaches resistance levels. However, this outlook is cautious; any negative market shift or profit-taking could trigger volatility, making the move contingent on sustained flow rather than fundamental development.

[Primary Driver]:
Mixed",up by 2-3%,2025-02-10,2025-02-14,102,Mixed
"[Company Introduction]:\n\nMeta Platforms Inc is a leading entity in the Media sector. Incorporated and publicly traded since 2012-05-18, the company has established its reputation as one of the key players in the market. As of today, Meta Platforms Inc has a market capitalization of 1617119.55 in USD, with 2529.56 shares outstanding.\n\nMeta Platforms Inc operates primarily in the US, trading under the ticker META on the NASDAQ NMS - GLOBAL MARKET. As a dominant force in the Media space, the company continues to innovate and drive progress within the industry.\n\n[QUANT SIGNALS - STRUCTURAL]:\n- Price Move: META increased by 9.99% (626.61 -> 689.18)\n- Alpha vs Nasdaq-100: +8.41% (Outperformed)\n- Market Context (VIX): N/A\n- Volume Status: Normal (Z-Score: 0.6)\n- Volatility (ATR): 20.63 (Normal)\n- Weekly RSI (Trend Strength): 64.6 (Neutral)\n\n[TECHNICALS - DAILY]:\n- Daily RSI: 78.6 (Overbought)\n- Trend: Strong Uptrend\n- MACD: Bullish Crossover\n- Mean Reversion: 13.0% from SMA50 (Normal)\n\n[NEWS]:\n\nNo relative news reported.\n\n[QUANT SIGNALS - STRUCTURAL]:\n- Price Move: META increased by 5.71% (675.91 -> 714.52)\n- Alpha vs Nasdaq-100: +4.78% (Outperformed)\n- Market Context (VIX): N/A\n- Volume Status: Normal (Z-Score: -0.1)\n- Volatility (ATR): 20.52 (Normal)\n- Weekly RSI (Trend Strength): 70.6 (Overbought)\n\n[TECHNICALS - DAILY]:\n- Daily RSI: 100.0 (Overbought)\n- Trend: Strong Uptrend\n- MACD: Bullish Crossover\n- Mean Reversion: 14.4% from SMA50 (Normal)\n\n[NEWS]:\n\nNo relative news reported.\n\n[QUANT SIGNALS - STRUCTURAL]:\n- Price Move: META increased by 2.52% (718.56 -> 736.67)\n- Alpha vs Nasdaq-100: +0.84% (Outperformed)\n- Market Context (VIX): N/A\n- Volume Status: Normal (Z-Score: -0.0)\n- Volatility (ATR): 17.84 (Normal)\n- Weekly RSI (Trend Strength): 74.5 (Overbought)\n\n[TECHNICALS - DAILY]:\n- Daily RSI: 100.0 (Overbought)\n- Trend: Strong Uptrend\n- MACD: Bullish Crossover\n- Mean Reversion: 15.2% from SMA50 (Overextended)\n\n[NEWS]:\n\nNo relative news reported.\n\n[QUANT SIGNALS - STRUCTURAL]:\n- Price Move: META decreased by 7.13% (736.00 -> 683.55)\n- Alpha vs Nasdaq-100: -4.66% (Underperformed)\n- Market Context (VIX): N/A\n- Volume Status: Normal (Z-Score: -0.4)\n- Volatility (ATR): 17.28 (Normal)\n- Weekly RSI (Trend Strength): 74.5 (Overbought)\n\n[TECHNICALS - DAILY]:\n- Daily RSI: 47.2 (Neutral)\n- Trend: Strong Uptrend\n- MACD: Bearish Crossover\n- Mean Reversion: 5.8% from SMA50 (Normal)\n\n[NEWS]:\n\nNo relative news reported.\n[Basic Financials]:\n\nNo basic financial reported.\n\nBased on all the information before 2025-02-24, let's first analyze the positive developments and potential concerns for META. Come up with 2-4 most important factors respectively and keep them concise. Integrate both quantitative signals and news to explain the movement. Then let's assume your prediction for the coming trading week (2025-02-24 pre-market to 2025-02-28 close) is down by 2-3%. Pay special attention to [WEEKEND NEWS - PRE-MARKET], because this information is available before Monday open. Provide a summary analysis to support your prediction. Before writing the analysis, cross-reference the [QUANT SIGNALS] with the [NEWS]. If the prediction is down by 2-3% but the technicals show a conflict (e.g., predicting 'Up' when Trend is 'Strong Downtrend'), explain this divergence logically (e.g., as a 'trend reversal' or 'short squeeze') rather than ignoring the data. The prediction result need to be inferred from your analysis at the end, and thus not appearing as a foundational factor of your analysis.","[Positive Developments]:
1. **Strong Outperformance Trend**: META consistently generated positive alpha against the Nasdaq-100 in three of the four reported periods, indicating strong relative strength and institutional favor during the broader market rally.
2. **Robust Technical Uptrend Foundation**: The stock maintained a ""Strong Uptrend"" classification and saw a bullish MACD crossover earlier in the sequence. The pullback to a 5.8% premium above the SMA50 has brought it from an ""Overextended"" to a ""Normal"" zone, potentially offering a healthier base.
3. **High Momentum Signal Persists**: Despite the recent drop, the Weekly RSI remains elevated at 74.5, which, while overbought, reflects a powerful underlying bullish trend that has not yet been fully broken.

[Potential Concerns]:
1. **Severe Technical Exhaustion and Reversal**: The daily RSI reached an extreme of 100.0, indicating massively overbought conditions. This was followed by a sharp 7.13% decline with a bearish MACD crossover and a shift to underperforming the index (-4.66% Alpha), signaling a clear momentum breakdown and profit-taking event.
2. **Absence of Fundamental Catalyst**: The entire price move—both the parabolic rise and the subsequent sharp drop—occurred with ""No relative news reported."" This suggests the rally was driven by unsustainable momentum and flows, not new fundamental improvements, making it vulnerable to reversal.
3. **Overextended from Mean**: The stock became 15.2% above its 50-day SMA, a level marked as ""Overextended."" This created a significant mean reversion risk, which materialized in the latest period's decline.

[Prediction & Analysis]:
The prediction for the coming week is a further decline of 2-3%. This analysis is based on the following hierarchy:
1. **Technical Reality**: The technical picture has decisively shifted. The move from a daily RSI of 100 to 47.2 represents a violent unwind from extreme overbought conditions. The bearish MACD crossover and the failure to hold highs after such an extension suggest the correction is not yet complete. While the weekly trend is still strong, the daily chart dictates nearer-term action. A further drop would align with a continuation of this profit-taking phase and a test of nearer-term support levels.
2. **Relative Performance**: The shift from consistent outperformance to sharp underperformance in the last period is a critical red flag. It indicates that META, which was a leader during the rally, is now being sold more aggressively than the broader market. This loss of relative strength often precedes further weakness.
3. **News Catalyst**: The absence of news during the entire sequence is telling. The recent drop is therefore not a reaction to bad news but a **market-mechanics-driven correction**. It can be ascribed to institutional profit-taking after a parabolic, news-less rally and a beta-driven selloff as market sentiment likely cooled. Without a positive catalyst to halt the slide, the path of least resistance is down.
4. **Dealing with ""No News""**: The significant price movements are explicitly driven by **momentum exhaustion and institutional flow reversal**. The extreme overbought condition (RSI 100) acted as a magnet for profit-taking. The high volume during the initial surge and subsequent drop (though Z-score was ""Normal"") points to institutional participation in both the ramp and the unwind.

The predicted decline of 2-3% reflects a continuation of this technical correction, potentially finding initial support near the SMA50. The strong weekly uptrend may limit the downside, but the immediate momentum favors a retracement.

[Primary Driver]:
Technical",down by 2-3%,2025-02-24,2025-02-28,104,Technical
"[Company Introduction]:\n\nMeta Platforms Inc is a leading entity in the Media sector. Incorporated and publicly traded since 2012-05-18, the company has established its reputation as one of the key players in the market. As of today, Meta Platforms Inc has a market capitalization of 1617119.55 in USD, with 2529.56 shares outstanding.\n\nMeta Platforms Inc operates primarily in the US, trading under the ticker META on the NASDAQ NMS - GLOBAL MARKET. As a dominant force in the Media space, the company continues to innovate and drive progress within the industry.\n\n[QUANT SIGNALS - STRUCTURAL]:\n- Price Move: META increased by 0.93% (607.10 -> 612.77)\n- Alpha vs Nasdaq-100: -2.27% (Underperformed)\n- Market Context (VIX): N/A\n- Volume Status: Normal (Z-Score: 0.4)\n- Volatility (ATR): 18.74 (High)\n- Weekly RSI (Trend Strength): 54.4 (Neutral)\n\n[TECHNICALS - DAILY]:\n- Daily RSI: 53.4 (Neutral)\n- Trend: Strong Uptrend\n- MACD: Bearish Crossover\n- Mean Reversion: 2.8% from SMA50 (Normal)\n\n[NEWS]:\n\nNo relative news reported.\n\n[QUANT SIGNALS - STRUCTURAL]:\n- Price Move: META increased by 4.80% (617.83 -> 647.49)\n- Alpha vs Nasdaq-100: +3.88% (Outperformed)\n- Market Context (VIX): N/A\n- Volume Status: High (Z-Score: 1.8)\n- Volatility (ATR): 19.15 (Normal)\n- Weekly RSI (Trend Strength): 55.1 (Neutral)\n\n[TECHNICALS - DAILY]:\n- Daily RSI: 67.0 (Neutral)\n- Trend: Strong Uptrend\n- MACD: Bullish Crossover\n- Mean Reversion: 8.0% from SMA50 (Normal)\n\n[NEWS]:\n\nNo relative news reported.\n\n[QUANT SIGNALS - STRUCTURAL]:\n- Price Move: META increased by 9.99% (626.61 -> 689.18)\n- Alpha vs Nasdaq-100: +8.41% (Outperformed)\n- Market Context (VIX): N/A\n- Volume Status: Normal (Z-Score: 0.6)\n- Volatility (ATR): 20.63 (Normal)\n- Weekly RSI (Trend Strength): 64.6 (Neutral)\n\n[TECHNICALS - DAILY]:\n- Daily RSI: 78.6 (Overbought)\n- Trend: Strong Uptrend\n- MACD: Bullish Crossover\n- Mean Reversion: 13.0% from SMA50 (Normal)\n\n[NEWS]:\n\nNo relative news reported.\n[Basic Financials]:\n\nNo basic financial reported.\n\nBased on all the information before 2025-02-03, let's first analyze the positive developments and potential concerns for META. Come up with 2-4 most important factors respectively and keep them concise. Integrate both quantitative signals and news to explain the movement. Then let's assume your prediction for the coming trading week (2025-02-03 pre-market to 2025-02-07 close) is up by more than 5%. Pay special attention to [WEEKEND NEWS - PRE-MARKET], because this information is available before Monday open. Provide a summary analysis to support your prediction. Before writing the analysis, cross-reference the [QUANT SIGNALS] with the [NEWS]. If the prediction is up by more than 5% but the technicals show a conflict (e.g., predicting 'Up' when Trend is 'Strong Downtrend'), explain this divergence logically (e.g., as a 'trend reversal' or 'short squeeze') rather than ignoring the data. The prediction result need to be inferred from your analysis at the end, and thus not appearing as a foundational factor of your analysis.","[Positive Developments]:
1. Sustained strong uptrend with significant price appreciation, including a 9.99% surge in the most recent period, driven by consistent buying pressure and technical momentum.
2. Shift from underperforming to outperforming the Nasdaq-100 (Alpha from -2.27% to +8.41%), indicating improved relative strength and investor confidence, likely due to sector rotation or institutional reallocation.
3. Bullish MACD crossovers in later periods, aligning with positive momentum and reinforcing the upward trajectory.
4. High volume during the 4.80% increase (Volume Z-Score 1.8), suggesting robust institutional or retail accumulation, supporting the validity of the move.

[Potential Concerns]:
1. Daily RSI reached overbought territory at 78.6 in the last period, increasing the risk of a short-term technical pullback or consolidation as the stock is extended.
2. Price deviation from SMA50 has expanded from 2.8% to 13%, heightening mean reversion risks despite being labeled ""Normal,"" which could lead to volatility if the trend pauses.
3. Absence of company-specific news catalysts raises questions about the sustainability of the rally, as it appears driven by market mechanics rather than fundamental developments.
4. Elevated volatility (ATR increasing from 18.74 to 20.63) persists, indicating potential for sharp price swings if broader market sentiment deteriorates or profit-taking emerges.

[Prediction & Analysis]:
The prediction for the upcoming week (2025-02-03 to 2025-02-07) is a rise of more than 5%, inferred from the following analysis. Despite the overbought Daily RSI, the technical structure remains supportive: the strong uptrend is intact, with bullish MACD crossovers and neutral Weekly RSI (64.6) leaving room for further gains. The outperformance versus the Nasdaq-100 highlights alpha generation, likely fueled by market flows such as sector rotation into media/tech stocks or institutional rebalancing, as evidenced by high volume periods. The absence of news suggests the recent moves are driven by market mechanics—specifically, technical breakout dynamics and beta-driven momentum within a bullish market environment. While overbought conditions pose a risk, in powerful uptrends, RSI can remain elevated as momentum attracts follow-through buying. The expansion from SMA50 may trigger mean reversion fears, but the trend's strength and lack of negative catalysts support continued upward pressure. Thus, the stock is poised for further appreciation, with a 5%+ increase plausible as technical momentum and flow-based demand persist, potentially overcoming short-term resistance.

[Primary Driver]:
Mixed",up by more than 5%,2025-02-03,2025-02-07,101,Mixed
"[Company Introduction]:\n\nMeta Platforms Inc is a leading entity in the Media sector. Incorporated and publicly traded since 2012-05-18, the company has established its reputation as one of the key players in the market. As of today, Meta Platforms Inc has a market capitalization of 1617119.55 in USD, with 2529.56 shares outstanding.\n\nMeta Platforms Inc operates primarily in the US, trading under the ticker META on the NASDAQ NMS - GLOBAL MARKET. As a dominant force in the Media space, the company continues to innovate and drive progress within the industry.\n\n[QUANT SIGNALS - STRUCTURAL]:\n- Price Move: META decreased by 0.08% (608.07 -> 607.60)\n- Alpha vs Nasdaq-100: -1.54% (Underperformed)\n- Market Context (VIX): N/A\n- Volume Status: Normal (Z-Score: -1.2)\n- Volatility (ATR): 28.59 (High)\n- Weekly RSI (Trend Strength): 57.2 (Neutral)\n\n[TECHNICALS - DAILY]:\n- Daily RSI: 36.4 (Neutral)\n- Trend: Bullish\n- MACD: Bearish Crossover\n- Mean Reversion: -7.2% from SMA50 (Normal)\n\n[NEWS]:\n\nNo relative news reported.\n[Basic Financials]:\n\nNo basic financial reported.\n\nBased on all the information before 2025-03-17, let's first analyze the positive developments and potential concerns for META. Come up with 2-4 most important factors respectively and keep them concise. Integrate both quantitative signals and news to explain the movement. Then let's assume your prediction for the coming trading week (2025-03-17 pre-market to 2025-03-21 close) is down by 1-2%. Pay special attention to [WEEKEND NEWS - PRE-MARKET], because this information is available before Monday open. Provide a summary analysis to support your prediction. Before writing the analysis, cross-reference the [QUANT SIGNALS] with the [NEWS]. If the prediction is down by 1-2% but the technicals show a conflict (e.g., predicting 'Up' when Trend is 'Strong Downtrend'), explain this divergence logically (e.g., as a 'trend reversal' or 'short squeeze') rather than ignoring the data. The prediction result need to be inferred from your analysis at the end, and thus not appearing as a foundational factor of your analysis.","[Positive Developments]:
1. **Near-Oversold Daily RSI**: The daily RSI at 36.4 is approaching oversold territory, which can provide a technical cushion and attract dip-buyers, limiting severe downside.
2. **Bullish Longer-Term Trend Context**: Despite recent weakness, the overarching trend is still classified as 'Bullish'. This suggests any significant sell-off may be viewed as a pullback within a larger uptrend by longer-term investors.
3. **Normal Distance from SMA50**: The stock is -7.2% from its 50-day moving average, which is within a 'Normal' range. This indicates there is room for a measured decline without triggering extreme oversold or breakdown signals on a medium-term basis.

[Potential Concerns]:
1. **Bearish Momentum Crossover**: The MACD has executed a bearish crossover, signaling a negative shift in short-term momentum. This technical indicator often precedes further price weakness.
2. **Relative Underperformance**: META underperformed the Nasdaq-100 by 1.54% during the period, indicating sector-specific or company-specific weakness not explained by a broader market decline. This suggests a loss of alpha.
3. **High Volatility Amidst No News**: The Average True Range (ATR) is high at 28.59, yet there is no significant news. This elevated volatility in a vacuum points to elevated uncertainty and potential institutional repositioning or profit-taking.
4. **Absence of Catalysts**: With no positive news or financial updates to act as a catalyst, the stock lacks a fundamental driver to arrest the current negative momentum indicated by the MACD and relative underperformance.

[Prediction & Analysis]:
The prediction for the coming week is for META's stock price to decline by 1-2%.

The analysis reconciles the conflicting technical signals by prioritizing short-term momentum and market mechanics over the longer-term bullish structure. While the daily RSI is nearing oversold levels and the primary trend remains bullish, these factors are viewed as mitigants to a steeper drop rather than drivers of an immediate rally. The core of the move is expected to be driven by the **bearish MACD crossover** and the established **relative underperformance**.

The high ATR confirms the environment is conducive to a move of this magnitude. With a lack of positive company-specific news to change the narrative, the stock is likely to continue being influenced by broader market flows and technical selling pressure. The underperformance vs. the Nasdaq-100 suggests META may be undergoing a sector rotation or specific de-rating. The prediction of a 1-2% decline is a conservative estimate that accounts for the oversold RSI providing some support, preventing a more dramatic sell-off in the absence of a major negative catalyst.

[Primary Driver]:
Mixed (Technical & Flow)

The expected move is a combination of **Technical** factors (the bearish MACD signal and mean reversion within a normal band) and **Flow** factors (the stock's underperformance against its index and high volatility in a news vacuum, indicating institutional or systematic trading activity).",down by 1-2%,2025-03-17,2025-03-21,107,Mixed (Technical & Flow)
"[Company Introduction]:\n\nMeta Platforms Inc is a leading entity in the Media sector. Incorporated and publicly traded since 2012-05-18, the company has established its reputation as one of the key players in the market. As of today, Meta Platforms Inc has a market capitalization of 1617119.55 in USD, with 2529.56 shares outstanding.\n\nMeta Platforms Inc operates primarily in the US, trading under the ticker META on the NASDAQ NMS - GLOBAL MARKET. As a dominant force in the Media space, the company continues to innovate and drive progress within the industry.\n\n[QUANT SIGNALS - STRUCTURAL]:\n- Price Move: META decreased by 2.63% (686.28 -> 668.20)\n- Alpha vs Nasdaq-100: -0.38% (Underperformed)\n- Market Context (VIX): N/A\n- Volume Status: Normal (Z-Score: 0.5)\n- Volatility (ATR): 20.29 (High)\n- Weekly RSI (Trend Strength): 70.3 (Overbought)\n\n[TECHNICALS - DAILY]:\n- Daily RSI: 33.8 (Neutral)\n- Trend: Strong Uptrend\n- MACD: Bearish Crossover\n- Mean Reversion: 2.7% from SMA50 (Normal)\n\n[NEWS]:\n\nNo relative news reported.\n\n[QUANT SIGNALS - STRUCTURAL]:\n- Price Move: META decreased by 7.13% (673.68 -> 625.66)\n- Alpha vs Nasdaq-100: -6.07% (Underperformed)\n- Market Context (VIX): N/A\n- Volume Status: High (Z-Score: 1.6)\n- Volatility (ATR): 26.42 (High)\n- Weekly RSI (Trend Strength): 66.6 (Neutral)\n\n[TECHNICALS - DAILY]:\n- Daily RSI: 21.7 (Oversold)\n- Trend: Bullish\n- MACD: Bearish Crossover\n- Mean Reversion: -4.4% from SMA50 (Normal)\n\n[NEWS]:\n\nNo relative news reported.\n[WEEKEND NEWS - PRE-MARKET]:\n[Headline]: High Cash Flow Capacity Renders Meta Investable In 2 Out Of 3 Valuation Scenarios\n[Summary]: Metaâs AI push and revenue growth suggest significant potential. Read why META stockâs intrinsic value could hit $635 with a strong return on capital.\n\n[Headline]: Wall Street Brunch: One Last Tariff-Free CPI\n[Summary]: A dovish consumer price index could cement a June Fed cut. Adobe set to report earnings. DOJ still wants to break up Google.\n\n[Headline]: Beware Of Following The Wall Street Fashion Show It's Too Late\n[Summary]: The Wall Street Fashion Show describes the shift of hot money from established narratives like AI to new fads. Learn more about the market outlook here.\n\n[Basic Financials]:\n\nNo basic financial reported.\n\nBased on all the information before 2025-03-10, let's first analyze the positive developments and potential concerns for META. Come up with 2-4 most important factors respectively and keep them concise. Integrate both quantitative signals and news to explain the movement. Then let's assume your prediction for the coming trading week (2025-03-10 pre-market to 2025-03-14 close) is down by 0-1%. Pay special attention to [WEEKEND NEWS - PRE-MARKET], because this information is available before Monday open. Provide a summary analysis to support your prediction. Before writing the analysis, cross-reference the [QUANT SIGNALS] with the [NEWS]. If the prediction is down by 0-1% but the technicals show a conflict (e.g., predicting 'Up' when Trend is 'Strong Downtrend'), explain this divergence logically (e.g., as a 'trend reversal' or 'short squeeze') rather than ignoring the data. The prediction result need to be inferred from your analysis at the end, and thus not appearing as a foundational factor of your analysis.","[Positive Developments]:
1. Positive valuation analysis from weekend news highlights Meta's strong cash flow capacity and AI-driven growth potential, with intrinsic value estimated at $635, reinforcing fundamental strength.
2. Daily RSI is deeply oversold at 21.7, indicating a potential technical bounce or mean reversion opportunity within the ongoing bullish trend.
3. A dovish CPI outlook from weekend news could support broader market sentiment, benefiting tech stocks like Meta through lower interest rate expectations.

[Potential Concerns]:
1. Significant underperformance vs. Nasdaq-100 (-6.07% in the latest period) and sharp price declines (e.g., 7.13% drop with high volume) suggest sustained selling pressure and relative weakness.
2. MACD bearish crossovers in both periods signal deteriorating short-term momentum, while weekly RSI previously overbought conditions may have triggered a corrective phase.
3. Weekend news warns of the ""Wall Street Fashion Show,"" implying investor rotation away from established AI narratives, which could dampen enthusiasm for Meta's stock despite positive fundamentals.

[Prediction & Analysis]:
META's stock price is predicted to decline by 0-1% in the coming trading week (2025-03-10 to 2025-03-14). This forecast balances conflicting signals: the daily RSI oversold condition and bullish trend imply a potential rebound, but technical boundaries are constrained by the MACD bearish crossover and recent underperformance. The absence of company-specific news earlier points to flow-driven selling, likely due to sector rotation or profit-taking, as evidenced by high volume Z-scores and alpha underperformance. Weekend news provides a mixed backdrop—positive on valuation but cautious on narrative shifts—which may not suffice to override the technical and flow pressures. Consequently, the stock is expected to experience muted downward movement or consolidation as it absorbs the prior sell-off, with any oversold bounce likely capped by residual weakness and market mechanics.

[Primary Driver]:
Flow",down by 0-1%,2025-03-10,2025-03-14,106,Flow
"[Company Introduction]:\n\nMeta Platforms Inc is a leading entity in the Media sector. Incorporated and publicly traded since 2012-05-18, the company has established its reputation as one of the key players in the market. As of today, Meta Platforms Inc has a market capitalization of 1617119.55 in USD, with 2529.56 shares outstanding.\n\nMeta Platforms Inc operates primarily in the US, trading under the ticker META on the NASDAQ NMS - GLOBAL MARKET. As a dominant force in the Media space, the company continues to innovate and drive progress within the industry.\n\n[QUANT SIGNALS - STRUCTURAL]:\n- Price Move: META decreased by 0.08% (608.07 -> 607.60)\n- Alpha vs Nasdaq-100: -1.54% (Underperformed)\n- Market Context (VIX): N/A\n- Volume Status: Normal (Z-Score: -1.2)\n- Volatility (ATR): 28.59 (High)\n- Weekly RSI (Trend Strength): 57.2 (Neutral)\n\n[TECHNICALS - DAILY]:\n- Daily RSI: 36.4 (Neutral)\n- Trend: Bullish\n- MACD: Bearish Crossover\n- Mean Reversion: -7.2% from SMA50 (Normal)\n\n[NEWS]:\n\nNo relative news reported.\n\n[QUANT SIGNALS - STRUCTURAL]:\n- Price Move: META decreased by 1.85% (607.46 -> 596.25)\n- Alpha vs Nasdaq-100: -1.45% (Underperformed)\n- Market Context (VIX): N/A\n- Volume Status: High (Z-Score: 1.8)\n- Volatility (ATR): 26.44 (High)\n- Weekly RSI (Trend Strength): 47.5 (Neutral)\n\n[TECHNICALS - DAILY]:\n- Daily RSI: 35.0 (Neutral)\n- Trend: Bullish\n- MACD: Bearish Crossover\n- Mean Reversion: -8.7% from SMA50 (Normal)\n\n[NEWS]:\n\nNo relative news reported.\n[Basic Financials]:\n\nNo basic financial reported.\n\nBased on all the information before 2025-03-24, let's first analyze the positive developments and potential concerns for META. Come up with 2-4 most important factors respectively and keep them concise. Integrate both quantitative signals and news to explain the movement. Then let's assume your prediction for the coming trading week (2025-03-24 pre-market to 2025-03-28 close) is down by more than 5%. Pay special attention to [WEEKEND NEWS - PRE-MARKET], because this information is available before Monday open. Provide a summary analysis to support your prediction. Before writing the analysis, cross-reference the [QUANT SIGNALS] with the [NEWS]. If the prediction is down by more than 5% but the technicals show a conflict (e.g., predicting 'Up' when Trend is 'Strong Downtrend'), explain this divergence logically (e.g., as a 'trend reversal' or 'short squeeze') rather than ignoring the data. The prediction result need to be inferred from your analysis at the end, and thus not appearing as a foundational factor of your analysis.","[Positive Developments]:
1.  Structural Resilience: Despite recent declines, the weekly RSI remains neutral (47.5), indicating the longer-term uptrend is not severely damaged. The price is within a normal range (-8.7%) from its 50-day moving average, suggesting the pullback is not extreme.
2.  Strong Underlying Trend: The daily technical analysis still classifies the primary trend as ""Bullish,"" providing a potential foundation for support if broader market sentiment improves.

[Potential Concerns]:
1.  Persistent Underperformance & Bearish Momentum: META has shown consistent negative alpha versus the Nasdaq-100 over the reported periods (-1.54%, -1.45%), indicating sector or stock-specific weakness. The daily MACD shows a bearish crossover, confirming downward momentum.
2.  High Selling Pressure on Volume: A significant down day (-1.85%) was accompanied by High Volume (Z-Score: 1.8), suggesting institutional or aggressive selling rather than a low-conviction drift.
3.  Critical News Catalyst: The pre-market weekend news regarding a major antitrust lawsuit by the DOJ and 48 states is a severe, unexpected fundamental threat that introduces significant regulatory and operational uncertainty.
4.  Elevated Volatility: A High Average True Range (ATR) signals large daily price swings, which can magnify losses during negative news flow.

[Prediction & Analysis]:
The prediction for the upcoming week is a decline of more than 5%. This is based on the confluence of a significant negative narrative catalyst and existing technical weakness.

1.  **Technical Reality & Narrative Shock**: While the daily trend is labeled ""Bullish,"" the technical picture has been deteriorating (bearish MACD, underperformance, sell-off on high volume). The primary ""Bullish"" trend label is likely a lagging indicator based on the multi-month rally. The weekend's antitrust lawsuit is a massive, unforeseen catalyst that will override the existing technical structure. In the face of such material news, technical support levels (like the SMA50) are likely to fail as the investment thesis is directly challenged.
2.  **Relative Performance Confirms Weakness**: META's prior underperformance versus the Nasdaq-100, even on days with ""No News,"" indicated hidden selling pressure or sector rotation out of mega-cap tech. This pre-existing weakness makes the stock more vulnerable to a sharp decline from a negative catalyst.
3.  **News as the Primary Driver**: The absence of news earlier in the week explained the moves as **flow-driven underperformance** (institutional rotation/selling indicated by high volume Z-score). The weekend news fundamentally changes the game. The scale and nature of the antitrust lawsuit create immense uncertainty regarding future business practices, potential break-up scenarios, and regulatory overhang, which will trigger a fundamental repricing.
4.  **Divergence from Technical ""Bullish"" Label**: The conflict between a ""Bullish"" trend label and a predicted >5% drop is resolved by recognizing that major regulatory news can cause immediate trend reversals. This is not a typical technical pullback but a **narrative-driven breakdown**. The initial sell-off will likely be sharp (fulfilling the >5% prediction), with the subsequent price action depending on the market's interpretation of the lawsuit's merits and potential outcomes.

[Primary Driver]:
Narrative",down by more than 5%,2025-03-24,2025-03-28,108,Narrative
"[Company Introduction]:\n\nMeta Platforms Inc is a leading entity in the Media sector. Incorporated and publicly traded since 2012-05-18, the company has established its reputation as one of the key players in the market. As of today, Meta Platforms Inc has a market capitalization of 1617119.55 in USD, with 2529.56 shares outstanding.\n\nMeta Platforms Inc operates primarily in the US, trading under the ticker META on the NASDAQ NMS - GLOBAL MARKET. As a dominant force in the Media space, the company continues to innovate and drive progress within the industry.\n\n[QUANT SIGNALS - STRUCTURAL]:\n- Price Move: META increased by 2.52% (718.56 -> 736.67)\n- Alpha vs Nasdaq-100: +0.84% (Outperformed)\n- Market Context (VIX): N/A\n- Volume Status: Normal (Z-Score: -0.0)\n- Volatility (ATR): 17.84 (Normal)\n- Weekly RSI (Trend Strength): 74.5 (Overbought)\n\n[TECHNICALS - DAILY]:\n- Daily RSI: 100.0 (Overbought)\n- Trend: Strong Uptrend\n- MACD: Bullish Crossover\n- Mean Reversion: 15.2% from SMA50 (Overextended)\n\n[NEWS]:\n\nNo relative news reported.\n\n[QUANT SIGNALS - STRUCTURAL]:\n- Price Move: META decreased by 7.13% (736.00 -> 683.55)\n- Alpha vs Nasdaq-100: -4.66% (Underperformed)\n- Market Context (VIX): N/A\n- Volume Status: Normal (Z-Score: -0.4)\n- Volatility (ATR): 17.28 (Normal)\n- Weekly RSI (Trend Strength): 74.5 (Overbought)\n\n[TECHNICALS - DAILY]:\n- Daily RSI: 47.2 (Neutral)\n- Trend: Strong Uptrend\n- MACD: Bearish Crossover\n- Mean Reversion: 5.8% from SMA50 (Normal)\n\n[NEWS]:\n\nNo relative news reported.\n\n[QUANT SIGNALS - STRUCTURAL]:\n- Price Move: META decreased by 2.63% (686.28 -> 668.20)\n- Alpha vs Nasdaq-100: -0.38% (Underperformed)\n- Market Context (VIX): N/A\n- Volume Status: Normal (Z-Score: 0.5)\n- Volatility (ATR): 20.29 (High)\n- Weekly RSI (Trend Strength): 70.3 (Overbought)\n\n[TECHNICALS - DAILY]:\n- Daily RSI: 33.8 (Neutral)\n- Trend: Strong Uptrend\n- MACD: Bearish Crossover\n- Mean Reversion: 2.7% from SMA50 (Normal)\n\n[NEWS]:\n\nNo relative news reported.\n[WEEKEND NEWS - PRE-MARKET]:\n[Headline]: Wall Street Week Ahead\n[Summary]: Get ahead on market updates! Explore earnings reports, February's jobs data, and insights on tech stocks.\n\n[Basic Financials]:\n\nNo basic financial reported.\n\nBased on all the information before 2025-03-03, let's first analyze the positive developments and potential concerns for META. Come up with 2-4 most important factors respectively and keep them concise. Integrate both quantitative signals and news to explain the movement. Then let's assume your prediction for the coming trading week (2025-03-03 pre-market to 2025-03-07 close) is down by more than 5%. Pay special attention to [WEEKEND NEWS - PRE-MARKET], because this information is available before Monday open. Provide a summary analysis to support your prediction. Before writing the analysis, cross-reference the [QUANT SIGNALS] with the [NEWS]. If the prediction is down by more than 5% but the technicals show a conflict (e.g., predicting 'Up' when Trend is 'Strong Downtrend'), explain this divergence logically (e.g., as a 'trend reversal' or 'short squeeze') rather than ignoring the data. The prediction result need to be inferred from your analysis at the end, and thus not appearing as a foundational factor of your analysis.","[Positive Developments]:
1. **Strong Uptrend Integrity**: Despite recent pullbacks, the overall trend remains classified as a strong uptrend, reflecting sustained bullish sentiment and potential for recovery.
2. **Mean Reversion Normalization**: The mean reversion from the SMA50 has improved from an overextended 15.2% to a normal 2.7%, reducing immediate overbought risks and allowing for healthier consolidation.
3. **Weekly RSI Cooling**: Weekly RSI has decreased from 74.5 to 70.3, still overbought but showing moderation, which may alleviate some selling pressure if bullish fundamentals persist.

[Potential Concerns]:
1. **Relative Underperformance**: META underperformed the Nasdaq-100 in the last two periods (-4.66% and -0.38% alpha), indicating weakness relative to peers and potential institutional profit-taking or sector rotation.
2. **Technical Momentum Deterioration**: Daily MACD has shifted to a bearish crossover, and daily RSI dropped sharply from overbought (100.0) to neutral (33.8), signaling lost upward momentum and increasing downside risk.
3. **Persistent Overbought Weekly Conditions**: Weekly RSI at 70.3 remains in overbought territory, suggesting that a corrective pullback is overdue if buying interest wanes.
4. **Elevated Volatility**: The ATR increased to 20.29 (high) in the last period, reflecting heightened price swings and market uncertainty, which could exacerbate downward moves.

[Prediction & Analysis]:
The prediction for the upcoming trading week (2025-03-03 pre-market to 2025-03-07 close) is a decline of more than 5%. This is supported by a cross-reference of quant signals and the absence of company-specific news. Technically, the weekly RSI at 70.3 indicates overbought conditions that historically precede corrections, while the daily MACD bearish crossover and neutral RSI (33.8) suggest room for further downside before oversold levels are reached. The recent underperformance against the Nasdaq-100 highlights relative weakness, likely driven by market mechanics such as sector rotation or institutional flows, as evidenced by normal volume Z-scores and no fundamental catalysts. The weekend news, while generic, mentions insights on tech stocks and key economic data (e.g., February jobs reports), which could introduce negative macro sentiment for the sector, amplifying downside pressure. The divergence from the strong uptrend is logical as a potential trend reversal or deep pullback within the uptrend, triggered by overbought exhaustion and bearish technical confirmations. Increased volatility (ATR 20.29) further supports the potential for a sharp downward move, as the stock aligns with broader market flows and technical correction dynamics.

[Primary Driver]:
Mixed – The anticipated decline is driven by technical correction due to overbought weekly RSI and bearish daily signals, combined with flow from sector-level repricing influenced by macro news.",down by more than 5%,2025-03-03,2025-03-07,105,"Mixed – The anticipated decline is driven by technical correction due to overbought weekly RSI and bearish daily signals, combined with flow from sector-level repricing influenced by macro news."
"[Company Introduction]:\n\nMeta Platforms Inc is a leading entity in the Media sector. Incorporated and publicly traded since 2012-05-18, the company has established its reputation as one of the key players in the market. As of today, Meta Platforms Inc has a market capitalization of 1617119.55 in USD, with 2529.56 shares outstanding.\n\nMeta Platforms Inc operates primarily in the US, trading under the ticker META on the NASDAQ NMS - GLOBAL MARKET. As a dominant force in the Media space, the company continues to innovate and drive progress within the industry.\n\n[QUANT SIGNALS - STRUCTURAL]:\n- Price Move: META decreased by 7.13% (673.68 -> 625.66)\n- Alpha vs Nasdaq-100: -6.07% (Underperformed)\n- Market Context (VIX): N/A\n- Volume Status: High (Z-Score: 1.6)\n- Volatility (ATR): 26.42 (High)\n- Weekly RSI (Trend Strength): 66.6 (Neutral)\n\n[TECHNICALS - DAILY]:\n- Daily RSI: 21.7 (Oversold)\n- Trend: Bullish\n- MACD: Bearish Crossover\n- Mean Reversion: -4.4% from SMA50 (Normal)\n\n[NEWS]:\n\nNo relative news reported.\n\n[QUANT SIGNALS - STRUCTURAL]:\n- Price Move: META decreased by 0.08% (608.07 -> 607.60)\n- Alpha vs Nasdaq-100: -1.54% (Underperformed)\n- Market Context (VIX): N/A\n- Volume Status: Normal (Z-Score: -1.2)\n- Volatility (ATR): 28.59 (High)\n- Weekly RSI (Trend Strength): 57.2 (Neutral)\n\n[TECHNICALS - DAILY]:\n- Daily RSI: 36.4 (Neutral)\n- Trend: Bullish\n- MACD: Bearish Crossover\n- Mean Reversion: -7.2% from SMA50 (Normal)\n\n[NEWS]:\n\nNo relative news reported.\n\n[QUANT SIGNALS - STRUCTURAL]:\n- Price Move: META decreased by 1.85% (607.46 -> 596.25)\n- Alpha vs Nasdaq-100: -1.45% (Underperformed)\n- Market Context (VIX): N/A\n- Volume Status: High (Z-Score: 1.8)\n- Volatility (ATR): 26.44 (High)\n- Weekly RSI (Trend Strength): 47.5 (Neutral)\n\n[TECHNICALS - DAILY]:\n- Daily RSI: 35.0 (Neutral)\n- Trend: Bullish\n- MACD: Bearish Crossover\n- Mean Reversion: -8.7% from SMA50 (Normal)\n\n[NEWS]:\n\nNo relative news reported.\n\n[QUANT SIGNALS - STRUCTURAL]:\n- Price Move: META decreased by 6.22% (614.97 -> 576.74)\n- Alpha vs Nasdaq-100: -1.79% (Underperformed)\n- Market Context (VIX): N/A\n- Volume Status: Normal (Z-Score: 0.1)\n- Volatility (ATR): 22.56 (High)\n- Weekly RSI (Trend Strength): 46.4 (Neutral)\n\n[TECHNICALS - DAILY]:\n- Daily RSI: 44.3 (Neutral)\n- Trend: Bullish\n- MACD: Bullish Crossover\n- Mean Reversion: -11.6% from SMA50 (Normal)\n\n[NEWS]:\n\nNo relative news reported.\nSome recent basic financials of META, reported at 2025-03-31, are presented below:\n\n[Basic Financials]:\n\nassetTurnoverTTM: 0.6534\nbookValue: 185029\ncashRatio: 0.8483328415461788\ncurrentRatio: 2.6623\nebitPerShare: 6.778\neps: 6.4263\nev: 1460378.9\nevEbitdaTTM: 16.3293\nevRevenueTTM: 8.5724\nfcfMargin: 0.262\nfcfPerShareTTM: 20.7337\ngrossMargin: 0.8211\nlongtermDebtTotalAsset: 0.1029\nlongtermDebtTotalCapital: 0.1348\nlongtermDebtTotalEquity: 0.1558\nnetDebtToTotalCapital: 0.0004\nnetDebtToTotalEquity: 0.0004\nnetMargin: 0.3933\noperatingMargin: 0.4149\npayoutRatioTTM: 0.077\npb: 7.8923\npeTTM: 21.9149\npfcfTTM: 27.9157\npretaxMargin: 0.4344\npsTTM: 8.5719\nquickRatio: 2.5027\nreceivablesTurnoverTTM: 12.1929\nroaTTM: 0.2556\nroeTTM: 0.3869\nroicTTM: 0.3358\nrotcTTM: 0.3684\nsalesPerShare: 16.3375\nsgaToSale: 0.1789\ntotalDebtToEquity: 0.1558\ntotalDebtToTotalAsset: 0.1029\ntotalDebtToTotalCapital: 0.1348\ntotalRatio: 2.9439\n\nBased on all the information before 2025-03-31, let's first analyze the positive developments and potential concerns for META. Come up with 2-4 most important factors respectively and keep them concise. Integrate both quantitative signals and news to explain the movement. Then let's assume your prediction for the coming trading week (2025-03-31 pre-market to 2025-04-04 close) is down by more than 5%. Pay special attention to [WEEKEND NEWS - PRE-MARKET], because this information is available before Monday open. Provide a summary analysis to support your prediction. Before writing the analysis, cross-reference the [QUANT SIGNALS] with the [NEWS]. If the prediction is down by more than 5% but the technicals show a conflict (e.g., predicting 'Up' when Trend is 'Strong Downtrend'), explain this divergence logically (e.g., as a 'trend reversal' or 'short squeeze') rather than ignoring the data. The prediction result need to be inferred from your analysis at the end, and thus not appearing as a foundational factor of your analysis.","[Positive Developments]:
1. Strong Fundamental Health: The company maintains robust profitability metrics (Net Margin ~39%, ROE ~39%), excellent cash flow generation (FCF Margin ~26%), and a fortress balance sheet with minimal net debt (Net Debt/Total Equity ~0.04%).
2. Oversold Technical Condition (Briefly Reached): During the significant 7.13% drop, the daily RSI hit 21.7, indicating an extremely oversold condition that often precedes a technical bounce or consolidation.
3. Attractive Valuation Multiples: Key multiples like P/E (~22x) and P/FCF (~28x) are reasonable for a company of Meta's quality and growth profile, providing a fundamental floor for the stock.

[Potential Concerns]:
1. Persistent Relative Weakness and High Volatility: META has consistently underperformed the Nasdaq-100 (negative Alpha) across multiple sessions amidst high volatility (High ATR). This suggests institutional selling or sector rotation out of the name, not just broad market moves.
2. Bearish Momentum Signals: The presence of bearish MACD crossovers on the daily chart, even within a stated ""Bullish"" trend, indicates deteriorating short-term momentum and selling pressure.
3. Absence of Catalysts Amidst Decline: The repeated ""No relative news reported"" during periods of significant price drops points to the moves being driven by market mechanics—likely institutional fund flows, portfolio rebalancing, or profit-taking—rather than company-specific fundamentals, making the downtrend harder to reverse without a catalyst.

[Prediction & Analysis]:
**Technical Reality:** The daily chart shows a clear and sharp downtrend from ~$674 to ~$577, with the price now ~11.6% below its 50-day SMA. While the daily RSI is no longer deeply oversold (currently 44.3), the stock is technically damaged and in a clear short-term downtrend. The recent bullish MACD crossover is a nascent signal but occurs from a low level and needs confirmation; it could easily fail if selling pressure resumes.

**Relative Performance:** The consistent underperformance versus the Nasdaq-100 (negative Alpha on down days) is a major red flag. It indicates META is being singled out for selling, not merely caught in a market-wide pullback.

**News Catalyst (Weekend Pre-Market):** The weekend news introduces a critical narrative shift. The combination of ""significant investments in AI"" (pressuring near-term margins) and an ""expanded antitrust lawsuit"" creates a potent negative catalyst. This directly addresses the ""absence of news"" and provides a fundamental and regulatory rationale for renewed selling pressure at the week's open.

**Dealing with ""No News"" (Historical Context):** The prior declines without news were likely driven by **institutional flows**, as evidenced by high-volume selling and persistent underperformance (negative Alpha). This setup created a vulnerable technical structure, primed for a negative catalyst to trigger the next leg down.

**Prediction Justification:** Despite the technically oversold condition earlier in the period and the recent bullish MACD hint, the weekend's negative news (AI spending concerns + escalated legal risk) is significant enough to override a nascent technical rebound. It validates the prior flow-driven selling and provides a new narrative for further decline. Expect the stock to gap down on Monday on high volume as the market prices in these new risks, leading to a weekly decline exceeding 5%. The initial drop may find some support due to the prior oversold condition, but the weight of the new negative narrative will likely keep pressure on the price throughout the week.

[Primary Driver]:
Mixed (Narrative & Flow)",down by more than 5%,2025-03-31,2025-04-04,109,Mixed (Narrative & Flow)
"[Company Introduction]:\n\nMeta Platforms Inc is a leading entity in the Media sector. Incorporated and publicly traded since 2012-05-18, the company has established its reputation as one of the key players in the market. As of today, Meta Platforms Inc has a market capitalization of 1617119.55 in USD, with 2529.56 shares outstanding.\n\nMeta Platforms Inc operates primarily in the US, trading under the ticker META on the NASDAQ NMS - GLOBAL MARKET. As a dominant force in the Media space, the company continues to innovate and drive progress within the industry.\n\n[QUANT SIGNALS - STRUCTURAL]:\n- Price Move: META increased by 12.05% (485.10 -> 543.57)\n- Alpha vs Nasdaq-100: +4.80% (Outperformed)\n- Market Context (VIX): N/A\n- Volume Status: Normal (Z-Score: -0.5)\n- Volatility (ATR): 35.05 (High)\n- Weekly RSI (Trend Strength): 37.3 (Neutral)\n\n[TECHNICALS - DAILY]:\n- Daily RSI: 36.7 (Neutral)\n- Trend: Strong Downtrend\n- MACD: Bearish Crossover\n- Mean Reversion: -14.2% from SMA50 (Normal)\n\n[NEWS]:\n\nNo relative news reported.\nSome recent basic financials of META, reported at 2025-03-31, are presented below:\n\n[Basic Financials]:\n\nassetTurnoverTTM: 0.6534\nbookValue: 185029\ncashRatio: 0.8483328415461788\ncurrentRatio: 2.6623\nebitPerShare: 6.778\neps: 6.4263\nev: 1460378.9\nevEbitdaTTM: 16.3293\nevRevenueTTM: 8.5724\nfcfMargin: 0.262\nfcfPerShareTTM: 20.7337\ngrossMargin: 0.8211\nlongtermDebtTotalAsset: 0.1029\nlongtermDebtTotalCapital: 0.1348\nlongtermDebtTotalEquity: 0.1558\nnetDebtToTotalCapital: 0.0004\nnetDebtToTotalEquity: 0.0004\nnetMargin: 0.3933\noperatingMargin: 0.4149\npayoutRatioTTM: 0.077\npb: 7.8923\npeTTM: 21.9149\npfcfTTM: 27.9157\npretaxMargin: 0.4344\npsTTM: 8.5719\nquickRatio: 2.5027\nreceivablesTurnoverTTM: 12.1929\nroaTTM: 0.2556\nroeTTM: 0.3869\nroicTTM: 0.3358\nrotcTTM: 0.3684\nsalesPerShare: 16.3375\nsgaToSale: 0.1789\ntotalDebtToEquity: 0.1558\ntotalDebtToTotalAsset: 0.1029\ntotalDebtToTotalCapital: 0.1348\ntotalRatio: 2.9439\n\nBased on all the information before 2025-04-14, let's first analyze the positive developments and potential concerns for META. Come up with 2-4 most important factors respectively and keep them concise. Integrate both quantitative signals and news to explain the movement. Then let's assume your prediction for the coming trading week (2025-04-14 pre-market to 2025-04-17 close) is down by more than 5%. Pay special attention to [WEEKEND NEWS - PRE-MARKET], because this information is available before Monday open. Provide a summary analysis to support your prediction. Before writing the analysis, cross-reference the [QUANT SIGNALS] with the [NEWS]. If the prediction is down by more than 5% but the technicals show a conflict (e.g., predicting 'Up' when Trend is 'Strong Downtrend'), explain this divergence logically (e.g., as a 'trend reversal' or 'short squeeze') rather than ignoring the data. The prediction result need to be inferred from your analysis at the end, and thus not appearing as a foundational factor of your analysis.","[Positive Developments]:
1. **Strong Relative Outperformance**: META gained +12.05% while generating an Alpha of +4.80% vs. the Nasdaq-100, indicating significant buying interest and resilience compared to its tech peers during the period.
2. **Robust Profitability & Cash Flow**: Financials show excellent health with a high Net Margin (39.33%), strong ROE (38.69%), and substantial FCF Per Share ($20.73), underpinned by a fortress balance sheet (minimal net debt).
3. **Attractive Valuation Relative to Growth**: Key multiples like P/E (21.9) and P/FCF (27.9) are reasonable for a company with its growth and profitability profile, potentially providing a valuation floor.

[Potential Concerns]:
1. **Damaged Technical Structure**: Despite the weekly gain, the stock remains in a ""Strong Downtrend"" on daily charts, with a Bearish MACD Crossover and trading -14.2% below its SMA50. The high ATR (35.05) confirms elevated volatility and risk.
2. **Elevated Valuation in a Downtrend**: While multiples are reasonable historically, metrics like P/S (8.57) and P/B (7.89) are still high. In a sustained downtrend, these multiples can compress further if growth narratives weaken.
3. **Absence of Catalytic News**: There is no recent company-specific news to explain the 12% move or provide a fundamental catalyst for a sustained reversal. This raises the probability that the move was driven by market flows or technical bounces rather than a changed thesis.

[Prediction & Analysis]:
**Prediction for the trading week of 2025-04-14 to 2025-04-17: Down by more than 5%.**

**Analysis:**
The core of this prediction lies in reconciling the past week's price action with the dominant technical reality. The +12% move, occurring on normal volume and without news, is characteristic of a **short-term technical bounce or short squeeze** within a primary downtrend. The Weekly RSI (37.3) and Daily RSI (36.7) were in neutral territory, not oversold, allowing room for further downside.

The move outperformed the index (positive Alpha), which initially seems bullish. However, in context, this likely represents a brief relief rally where META, having been oversold on a shorter timeframe, attracted tactical buyers. The complete lack of a fundamental catalyst (news) to sustain the rally is critical. Without a narrative shift, the price is vulnerable to a reversal, especially as it approaches key moving average resistance (SMA50) from below.

The high Average True Range (ATR) signals that daily swings of significant magnitude are now normal. Combining this volatility with the bearish daily trend structure and MACD suggests the path of least resistance remains down. The bounce has likely exhausted the immediate buying pressure, setting the stage for a resumption of the downtrend. The coming week is expected to see profit-taking from the bounce and renewed selling pressure, leading to a decline greater than 5%.

[Primary Driver]:
**Mixed** (The past week's move was driven by a combination of **Technical** mean-reversion/bounce and **Flow**-related short-term buying, likely tied to broad market movements. The prediction for the coming week is driven by the reassertion of the **Technical** downtrend in the absence of a sustaining narrative).",down by more than 5%,2025-04-14,2025-04-17,111,"**Mixed** (The past week's move was driven by a combination of **Technical** mean-reversion/bounce and **Flow**-related short-term buying, likely tied to broad market movements. The prediction for the coming week is driven by the reassertion of the **Technical** downtrend in the absence of a sustaining narrative)."
"[Company Introduction]:\n\nMeta Platforms Inc is a leading entity in the Media sector. Incorporated and publicly traded since 2012-05-18, the company has established its reputation as one of the key players in the market. As of today, Meta Platforms Inc has a market capitalization of 1617119.55 in USD, with 2529.56 shares outstanding.\n\nMeta Platforms Inc operates primarily in the US, trading under the ticker META on the NASDAQ NMS - GLOBAL MARKET. As a dominant force in the Media space, the company continues to innovate and drive progress within the industry.\n\n[QUANT SIGNALS - STRUCTURAL]:\n- Price Move: META decreased by 1.85% (607.46 -> 596.25)\n- Alpha vs Nasdaq-100: -1.45% (Underperformed)\n- Market Context (VIX): N/A\n- Volume Status: High (Z-Score: 1.8)\n- Volatility (ATR): 26.44 (High)\n- Weekly RSI (Trend Strength): 47.5 (Neutral)\n\n[TECHNICALS - DAILY]:\n- Daily RSI: 35.0 (Neutral)\n- Trend: Bullish\n- MACD: Bearish Crossover\n- Mean Reversion: -8.7% from SMA50 (Normal)\n\n[NEWS]:\n\nNo relative news reported.\n\n[QUANT SIGNALS - STRUCTURAL]:\n- Price Move: META decreased by 6.22% (614.97 -> 576.74)\n- Alpha vs Nasdaq-100: -1.79% (Underperformed)\n- Market Context (VIX): N/A\n- Volume Status: Normal (Z-Score: 0.1)\n- Volatility (ATR): 22.56 (High)\n- Weekly RSI (Trend Strength): 46.4 (Neutral)\n\n[TECHNICALS - DAILY]:\n- Daily RSI: 44.3 (Neutral)\n- Trend: Bullish\n- MACD: Bullish Crossover\n- Mean Reversion: -11.6% from SMA50 (Normal)\n\n[NEWS]:\n\nNo relative news reported.\n\n[QUANT SIGNALS - STRUCTURAL]:\n- Price Move: META decreased by 10.43% (563.50 -> 504.73)\n- Alpha vs Nasdaq-100: -0.57% (Underperformed)\n- Market Context (VIX): N/A\n- Volume Status: HUGE (Z-Score: 2.7)\n- Volatility (ATR): 25.36 (High)\n- Weekly RSI (Trend Strength): 48.7 (Neutral)\n\n[TECHNICALS - DAILY]:\n- Daily RSI: 25.8 (Oversold)\n- Trend: Strong Downtrend\n- MACD: Bearish Crossover\n- Mean Reversion: -21.9% from SMA50 (Overextended)\n\n[NEWS]:\n\nNo relative news reported.\nSome recent basic financials of META, reported at 2025-03-31, are presented below:\n\n[Basic Financials]:\n\nassetTurnoverTTM: 0.6534\nbookValue: 185029\ncashRatio: 0.8483328415461788\ncurrentRatio: 2.6623\nebitPerShare: 6.778\neps: 6.4263\nev: 1460378.9\nevEbitdaTTM: 16.3293\nevRevenueTTM: 8.5724\nfcfMargin: 0.262\nfcfPerShareTTM: 20.7337\ngrossMargin: 0.8211\nlongtermDebtTotalAsset: 0.1029\nlongtermDebtTotalCapital: 0.1348\nlongtermDebtTotalEquity: 0.1558\nnetDebtToTotalCapital: 0.0004\nnetDebtToTotalEquity: 0.0004\nnetMargin: 0.3933\noperatingMargin: 0.4149\npayoutRatioTTM: 0.077\npb: 7.8923\npeTTM: 21.9149\npfcfTTM: 27.9157\npretaxMargin: 0.4344\npsTTM: 8.5719\nquickRatio: 2.5027\nreceivablesTurnoverTTM: 12.1929\nroaTTM: 0.2556\nroeTTM: 0.3869\nroicTTM: 0.3358\nrotcTTM: 0.3684\nsalesPerShare: 16.3375\nsgaToSale: 0.1789\ntotalDebtToEquity: 0.1558\ntotalDebtToTotalAsset: 0.1029\ntotalDebtToTotalCapital: 0.1348\ntotalRatio: 2.9439\n\nBased on all the information before 2025-04-07, let's first analyze the positive developments and potential concerns for META. Come up with 2-4 most important factors respectively and keep them concise. Integrate both quantitative signals and news to explain the movement. Then let's assume your prediction for the coming trading week (2025-04-07 pre-market to 2025-04-11 close) is up by more than 5%. Pay special attention to [WEEKEND NEWS - PRE-MARKET], because this information is available before Monday open. Provide a summary analysis to support your prediction. Before writing the analysis, cross-reference the [QUANT SIGNALS] with the [NEWS]. If the prediction is up by more than 5% but the technicals show a conflict (e.g., predicting 'Up' when Trend is 'Strong Downtrend'), explain this divergence logically (e.g., as a 'trend reversal' or 'short squeeze') rather than ignoring the data. The prediction result need to be inferred from your analysis at the end, and thus not appearing as a foundational factor of your analysis.","[Positive Developments]:
1. Strong financial fundamentals with high profitability margins (gross margin 82.1%, net margin 39.3%) and robust returns (ROE 38.7%, ROIC 33.6%), providing a solid foundation for valuation support.
2. Oversold daily RSI condition at 25.8 in the most recent period, indicating heightened potential for a technical bounce or trend reversal.
3. Huge volume (Z-Score 2.7) during the 10.43% decline, suggesting capitulation or institutional selling exhaustion, which often precedes a rebound.
4. Low net debt levels (net debt to total capital at 0.04%) reflecting a strong balance sheet with minimal financial risk.

[Potential Concerns]:
1. Consistent underperformance against the Nasdaq-100 across all periods (negative alpha up to -1.79%), signaling relative weakness and possible sector or company-specific headwinds absent in news.
2. Strong downtrend and overextended mean reversion (-21.9% from SMA50), indicating significant downward momentum that may require time to stabilize.
3. Bearish MACD crossovers in the first and third periods, reinforcing short-term bearish momentum despite a bullish crossover in the second period.
4. High volatility (ATR above 22) in all periods, reflecting elevated market uncertainty and risk.

[Prediction & Analysis]:
The prediction for the coming week (2025-04-07 to 2025-04-11) is up by more than 5%. This is inferred from a combination of technical and fundamental factors. Technically, the daily RSI of 25.8 is deeply oversold, historically associated with sharp rebounds, and the mean reversion is overextended at -21.9% from the SMA50, increasing the probability of a snapback rally. The huge volume during the recent decline suggests selling climax, potentially marking a local bottom. Fundamentally, the strong financials (e.g., P/E of 21.9, FCF margin of 26.2%) offer valuation support, with no negative news reported to undermine the thesis. The conflict with the strong downtrend is explained as a likely technical reversal or short squeeze, where oversold conditions and high-volume capitulation catalyze a rapid upward move. Relative underperformance may reverse if bargain-hunting flows emerge, especially if the broader market shows strength. The absence of news implies the predicted move is driven by market mechanics—specifically, technical rebound dynamics and flow-based buying after excessive selling.

[Primary Driver]:
Mixed (Technical and Flow)",up by more than 5%,2025-04-07,2025-04-11,110,Mixed (Technical and Flow)
"[Company Introduction]:\n\nMeta Platforms Inc is a leading entity in the Media sector. Incorporated and publicly traded since 2012-05-18, the company has established its reputation as one of the key players in the market. As of today, Meta Platforms Inc has a market capitalization of 1617119.55 in USD, with 2529.56 shares outstanding.\n\nMeta Platforms Inc operates primarily in the US, trading under the ticker META on the NASDAQ NMS - GLOBAL MARKET. As a dominant force in the Media space, the company continues to innovate and drive progress within the industry.\n\n[QUANT SIGNALS - STRUCTURAL]:\n- Price Move: META increased by 11.39% (491.33 -> 547.27)\n- Alpha vs Nasdaq-100: +2.28% (Outperformed)\n- Market Context (VIX): N/A\n- Volume Status: Normal (Z-Score: -0.5)\n- Volatility (ATR): 32.45 (High)\n- Weekly RSI (Trend Strength): 37.0 (Neutral)\n\n[TECHNICALS - DAILY]:\n- Daily RSI: 58.3 (Neutral)\n- Trend: Strong Downtrend\n- MACD: Bullish Crossover\n- Mean Reversion: -8.6% from SMA50 (Normal)\n\n[NEWS]:\n\nNo relative news reported.\n\n[QUANT SIGNALS - STRUCTURAL]:\n- Price Move: META increased by 7.45% (555.64 -> 597.02)\n- Alpha vs Nasdaq-100: +3.97% (Outperformed)\n- Market Context (VIX): N/A\n- Volume Status: Normal (Z-Score: 0.3)\n- Volatility (ATR): 23.47 (High)\n- Weekly RSI (Trend Strength): 43.2 (Neutral)\n\n[TECHNICALS - DAILY]:\n- Daily RSI: 64.7 (Neutral)\n- Trend: Strong Uptrend\n- MACD: Bullish Crossover\n- Mean Reversion: 2.3% from SMA50 (Normal)\n\n[NEWS]:\n\nNo relative news reported.\n\n[QUANT SIGNALS - STRUCTURAL]:\n- Price Move: META increased by 0.21% (591.22 -> 592.49)\n- Alpha vs Nasdaq-100: -0.21% (Underperformed)\n- Market Context (VIX): N/A\n- Volume Status: Normal (Z-Score: -1.2)\n- Volatility (ATR): 21.14 (High)\n- Weekly RSI (Trend Strength): 44.9 (Neutral)\n\n[TECHNICALS - DAILY]:\n- Daily RSI: 85.1 (Overbought)\n- Trend: Strong Uptrend\n- MACD: Bullish Crossover\n- Mean Reversion: 2.8% from SMA50 (Normal)\n\n[NEWS]:\n\nNo relative news reported.\n[Basic Financials]:\n\nNo basic financial reported.\n\nBased on all the information before 2025-05-12, let's first analyze the positive developments and potential concerns for META. Come up with 2-4 most important factors respectively and keep them concise. Integrate both quantitative signals and news to explain the movement. Then let's assume your prediction for the coming trading week (2025-05-12 pre-market to 2025-05-16 close) is up by 1-2%. Pay special attention to [WEEKEND NEWS - PRE-MARKET], because this information is available before Monday open. Provide a summary analysis to support your prediction. Before writing the analysis, cross-reference the [QUANT SIGNALS] with the [NEWS]. If the prediction is up by 1-2% but the technicals show a conflict (e.g., predicting 'Up' when Trend is 'Strong Downtrend'), explain this divergence logically (e.g., as a 'trend reversal' or 'short squeeze') rather than ignoring the data. The prediction result need to be inferred from your analysis at the end, and thus not appearing as a foundational factor of your analysis.","[Positive Developments]:
1. **Strong Relative Outperformance & Trend Reversal**: META significantly outperformed the Nasdaq-100 (+2.28%, +3.97%) in the first two weekly periods, transitioning from a ""Strong Downtrend"" to a ""Strong Uptrend,"" suggesting a powerful shift in market sentiment and momentum.
2. **Bullish Momentum Signals**: The presence of a MACD Bullish Crossover across all periods, coupled with the price reclaiming its 50-day SMA (moving from -8.6% below to 2.8% above), confirms building bullish momentum.
3. **High Institutional-Grade Volatility & Flow**: The consistent ""High"" ATR (Average True Range) alongside normal volume suggests the move is driven by substantial institutional-sized orders and price discovery, not retail-driven speculation.

[Potential Concerns]:
1. **Overbought Short-Term Condition**: The daily RSI surged to 85.1 in the most recent period, indicating the stock is overbought on a daily basis and susceptible to a technical pullback or consolidation.
2. **Momentum Divergence Sign**: In the latest week, META underperformed the Nasdaq-100 (-0.21%) on a negligible price gain (+0.21%), which could signal fading relative strength as the stock enters overbought territory.
3. **Absence of Fresh Fundamental Catalyst**: With ""No relative news reported"" for three consecutive periods, the entire rally has been technically/flow-driven. This raises the risk of the move being vulnerable if broader market sentiment or sector rotation reverses.

[Prediction & Analysis]:
**Prediction for the week of 2025-05-12 to 2025-05-16: Up 1-2%.**
The prediction for a modest gain hinges on a nuanced interpretation of conflicting signals. The core bullish thesis is supported by the structural trend reversal to a ""Strong Uptrend"" and the stock's demonstrated ability to generate significant alpha. However, the overbought daily RSI (85.1) acts as a hard technical constraint against predicting another major leg up in the immediate term. The likely scenario is a week of **bullish consolidation**.

The stock is expected to digest its recent gains, potentially experiencing intra-week dips that are bought into, keeping the primary uptrend intact. The modest 1-2% target reflects this balance: the underlying momentum (Strong Uptrend, Bullish MACD) should prevent a significant decline, but the overbought condition will cap the upside, leading to a choppy, slightly upward grind. The shift from outperforming to slightly underperforming the index in the most recent data is consistent with this consolidation phase beginning. The primary driver remains the powerful technical reversal and associated institutional flows that initiated the move, which now require a period of digestion.

[Primary Driver]:
Mixed",up by 1-2%,2025-05-12,2025-05-16,115,Mixed
"[Company Introduction]:\n\nMeta Platforms Inc is a leading entity in the Media sector. Incorporated and publicly traded since 2012-05-18, the company has established its reputation as one of the key players in the market. As of today, Meta Platforms Inc has a market capitalization of 1617119.55 in USD, with 2529.56 shares outstanding.\n\nMeta Platforms Inc operates primarily in the US, trading under the ticker META on the NASDAQ NMS - GLOBAL MARKET. As a dominant force in the Media space, the company continues to innovate and drive progress within the industry.\n\n[QUANT SIGNALS - STRUCTURAL]:\n- Price Move: META decreased by 6.22% (614.97 -> 576.74)\n- Alpha vs Nasdaq-100: -1.79% (Underperformed)\n- Market Context (VIX): N/A\n- Volume Status: Normal (Z-Score: 0.1)\n- Volatility (ATR): 22.56 (High)\n- Weekly RSI (Trend Strength): 46.4 (Neutral)\n\n[TECHNICALS - DAILY]:\n- Daily RSI: 44.3 (Neutral)\n- Trend: Bullish\n- MACD: Bullish Crossover\n- Mean Reversion: -11.6% from SMA50 (Normal)\n\n[NEWS]:\n\nNo relative news reported.\n\n[QUANT SIGNALS - STRUCTURAL]:\n- Price Move: META decreased by 10.43% (563.50 -> 504.73)\n- Alpha vs Nasdaq-100: -0.57% (Underperformed)\n- Market Context (VIX): N/A\n- Volume Status: HUGE (Z-Score: 2.7)\n- Volatility (ATR): 25.36 (High)\n- Weekly RSI (Trend Strength): 48.7 (Neutral)\n\n[TECHNICALS - DAILY]:\n- Daily RSI: 25.8 (Oversold)\n- Trend: Strong Downtrend\n- MACD: Bearish Crossover\n- Mean Reversion: -21.9% from SMA50 (Overextended)\n\n[NEWS]:\n\nNo relative news reported.\n\n[QUANT SIGNALS - STRUCTURAL]:\n- Price Move: META increased by 12.05% (485.10 -> 543.57)\n- Alpha vs Nasdaq-100: +4.80% (Outperformed)\n- Market Context (VIX): N/A\n- Volume Status: Normal (Z-Score: -0.5)\n- Volatility (ATR): 35.05 (High)\n- Weekly RSI (Trend Strength): 37.3 (Neutral)\n\n[TECHNICALS - DAILY]:\n- Daily RSI: 36.7 (Neutral)\n- Trend: Strong Downtrend\n- MACD: Bearish Crossover\n- Mean Reversion: -14.2% from SMA50 (Normal)\n\n[NEWS]:\n\nNo relative news reported.\n\n[QUANT SIGNALS - STRUCTURAL]:\n- Price Move: META decreased by 9.83% (556.17 -> 501.48)\n- Alpha vs Nasdaq-100: -6.91% (Underperformed)\n- Market Context (VIX): N/A\n- Volume Status: Normal (Z-Score: -0.7)\n- Volatility (ATR): 35.56 (High)\n- Weekly RSI (Trend Strength): 42.5 (Neutral)\n\n[TECHNICALS - DAILY]:\n- Daily RSI: 36.0 (Neutral)\n- Trend: Strong Downtrend\n- MACD: Bearish Crossover\n- Mean Reversion: -18.9% from SMA50 (Overextended)\n\n[NEWS]:\n\nNo relative news reported.\n[Basic Financials]:\n\nNo basic financial reported.\n\nBased on all the information before 2025-04-21, let's first analyze the positive developments and potential concerns for META. Come up with 2-4 most important factors respectively and keep them concise. Integrate both quantitative signals and news to explain the movement. Then let's assume your prediction for the coming trading week (2025-04-21 pre-market to 2025-04-25 close) is up by more than 5%. Pay special attention to [WEEKEND NEWS - PRE-MARKET], because this information is available before Monday open. Provide a summary analysis to support your prediction. Before writing the analysis, cross-reference the [QUANT SIGNALS] with the [NEWS]. If the prediction is up by more than 5% but the technicals show a conflict (e.g., predicting 'Up' when Trend is 'Strong Downtrend'), explain this divergence logically (e.g., as a 'trend reversal' or 'short squeeze') rather than ignoring the data. The prediction result need to be inferred from your analysis at the end, and thus not appearing as a foundational factor of your analysis.","[Positive Developments]:
1. Strong rebound precedent: META demonstrated resilience with a 12.05% weekly gain and +4.80% Alpha outperformance, indicating capacity for rapid recovery amid volatility.
2. Oversold conditions: Daily RSI reached 25.8 (oversold) in a prior week, which historically preceded a 12.05% rally, suggesting potential for similar mean reversion bounces.
3. Favorable technical setup: Mean reversion is currently overextended at -18.9% from SMA50, creating a statistical pull for a rebound toward the moving average.
4. Neutral weekly momentum: Weekly RSI at 42.5 remains in neutral territory, implying no severe long-term trend damage and room for upward movement.

[Potential Concerns]:
1. Persistent underperformance: META underperformed the Nasdaq-100 in three of the four recent weeks, with Alpha as low as -6.91%, indicating relative weakness and selling pressure.
2. Bearish technical structure: The daily trend is classified as ""Strong Downtrend"" with a Bearish MACD crossover, signaling ongoing downward momentum that may resist reversal.
3. High volatility and selling episodes: ATR values are consistently high (up to 35.56), and a -10.43% drop occurred on HUGE volume (Z-Score 2.7), reflecting institutional selling or capitulation events.
4. Overextended declines: Recent drops of -9.83% and -10.43% have exacerbated negative momentum, risking further downside if support levels fail.

[Prediction & Analysis]:
Assuming a prediction of up by more than 5% for the trading week from 2025-04-21 pre-market to 2025-04-25 close, this outlook is based on a confluence of technical and flow factors despite the current bearish signals. Technically, the stock is deeply overextended, trading -18.9% below its SMA50, which historically precedes mean reversion rallies; the precedent of a 12.05% gain after a similar overextension supports this. While the daily trend is ""Strong Downtrend"" and MACD is bearish, the daily RSI at 36.0 is not oversold, but the weekly RSI at 42.5 indicates neutral momentum that allows for a rebound. The absence of company-specific news across all periods implies that recent price movements are driven by market mechanics—specifically, the high volatility and volume spikes suggest institutional flows and sector-level repricing rather than fundamental shifts. The prediction diverges from the current downtrend by anticipating a short-term reversal or short squeeze, catalyzed by the overextended condition and potential buying interest at lower levels. Given the high ATR (35.56), sharp moves are common, and a 5%+ rally aligns with the stock's volatile nature and historical bounce patterns. Thus, the upcoming week is likely to see a technical rebound fueled by mean reversion and flow-driven recovery, even as broader trend concerns persist.

[Primary Driver]:
Technical",up by more than 5%,2025-04-21,2025-04-25,112,Technical
"[Company Introduction]:\n\nMeta Platforms Inc is a leading entity in the Media sector. Incorporated and publicly traded since 2012-05-18, the company has established its reputation as one of the key players in the market. As of today, Meta Platforms Inc has a market capitalization of 1617119.55 in USD, with 2529.56 shares outstanding.\n\nMeta Platforms Inc operates primarily in the US, trading under the ticker META on the NASDAQ NMS - GLOBAL MARKET. As a dominant force in the Media space, the company continues to innovate and drive progress within the industry.\n\n[QUANT SIGNALS - STRUCTURAL]:\n- Price Move: META increased by 11.39% (491.33 -> 547.27)\n- Alpha vs Nasdaq-100: +2.28% (Outperformed)\n- Market Context (VIX): N/A\n- Volume Status: Normal (Z-Score: -0.5)\n- Volatility (ATR): 32.45 (High)\n- Weekly RSI (Trend Strength): 37.0 (Neutral)\n\n[TECHNICALS - DAILY]:\n- Daily RSI: 58.3 (Neutral)\n- Trend: Strong Downtrend\n- MACD: Bullish Crossover\n- Mean Reversion: -8.6% from SMA50 (Normal)\n\n[NEWS]:\n\nNo relative news reported.\n[Basic Financials]:\n\nNo basic financial reported.\n\nBased on all the information before 2025-04-28, let's first analyze the positive developments and potential concerns for META. Come up with 2-4 most important factors respectively and keep them concise. Integrate both quantitative signals and news to explain the movement. Then let's assume your prediction for the coming trading week (2025-04-28 pre-market to 2025-05-02 close) is up by more than 5%. Pay special attention to [WEEKEND NEWS - PRE-MARKET], because this information is available before Monday open. Provide a summary analysis to support your prediction. Before writing the analysis, cross-reference the [QUANT SIGNALS] with the [NEWS]. If the prediction is up by more than 5% but the technicals show a conflict (e.g., predicting 'Up' when Trend is 'Strong Downtrend'), explain this divergence logically (e.g., as a 'trend reversal' or 'short squeeze') rather than ignoring the data. The prediction result need to be inferred from your analysis at the end, and thus not appearing as a foundational factor of your analysis.","[Positive Developments]:
1. Significant price appreciation of 11.39% over the observed period, indicating strong buyer interest and momentum shift.
2. Positive alpha of +2.28% against the Nasdaq-100, demonstrating relative outperformance and stock-specific strength.
3. Bullish MACD crossover on the daily chart, suggesting a potential reversal from the prior downtrend and emerging upward momentum.
4. Weekly RSI at 37.0 (neutral), not in overbought territory, leaving room for further upside without immediate technical exhaustion.

[Potential Concerns]:
1. Daily trend remains classified as a ""Strong Downtrend,"" which could act as resistance to sustained upward movement and increase the risk of pullbacks.
2. High volatility with an ATR of 32.45, indicating elevated price swings and potential for sharp corrections despite recent gains.
3. Price is still -8.6% below the SMA50 (within normal range), which may serve as a near-term resistance level if the rally falters.
4. Absence of company-specific news or fundamental catalysts reported, raising questions about the sustainability of the move if driven solely by technical factors.

[Prediction & Analysis]:
Cross-referencing the quantitative signals with the absence of news, the recent 11.39% price increase in META is best attributed to market mechanics rather than fundamental catalysts. The normal volume Z-score (-0.5) suggests no extreme institutional flow, but the positive alpha and MACD bullish crossover point to a technically-driven move, likely a nascent trend reversal or short-covering activity within a downtrend. The high volatility (ATR) supports the potential for large weekly moves.

For the coming week (2025-04-28 to 2025-05-02), the prediction is for META to rise by more than 5%. This is inferred from the confluence of: (1) the MACD bullish crossover gaining traction, which historically can signal multi-session momentum; (2) mean reversion potential as the price, now at 547.27, may target the SMA50 (approximately 8.6% higher, aligning with a >5% move); and (3) weekly RSI neutrality (37.0) providing runway without overbought headwinds. The conflict with the ""Strong Downtrend"" label is logically explained as an early-stage reversal—where bullish technical signals (like MACD) precede trend changes, often amplified in high-volatility environments. The lack of weekend pre-market news implies no immediate disruption, allowing technical dynamics to dominate.

[Primary Driver]:
Technical",up by more than 5%,2025-04-28,2025-05-02,113,Technical
"[Company Introduction]:\n\nMeta Platforms Inc is a leading entity in the Media sector. Incorporated and publicly traded since 2012-05-18, the company has established its reputation as one of the key players in the market. As of today, Meta Platforms Inc has a market capitalization of 1617119.55 in USD, with 2529.56 shares outstanding.\n\nMeta Platforms Inc operates primarily in the US, trading under the ticker META on the NASDAQ NMS - GLOBAL MARKET. As a dominant force in the Media space, the company continues to innovate and drive progress within the industry.\n\n[QUANT SIGNALS - STRUCTURAL]:\n- Price Move: META decreased by 9.83% (556.17 -> 501.48)\n- Alpha vs Nasdaq-100: -6.91% (Underperformed)\n- Market Context (VIX): N/A\n- Volume Status: Normal (Z-Score: -0.7)\n- Volatility (ATR): 35.56 (High)\n- Weekly RSI (Trend Strength): 42.5 (Neutral)\n\n[TECHNICALS - DAILY]:\n- Daily RSI: 36.0 (Neutral)\n- Trend: Strong Downtrend\n- MACD: Bearish Crossover\n- Mean Reversion: -18.9% from SMA50 (Overextended)\n\n[NEWS]:\n\nNo relative news reported.\n\n[QUANT SIGNALS - STRUCTURAL]:\n- Price Move: META increased by 11.39% (491.33 -> 547.27)\n- Alpha vs Nasdaq-100: +2.28% (Outperformed)\n- Market Context (VIX): N/A\n- Volume Status: Normal (Z-Score: -0.5)\n- Volatility (ATR): 32.45 (High)\n- Weekly RSI (Trend Strength): 37.0 (Neutral)\n\n[TECHNICALS - DAILY]:\n- Daily RSI: 58.3 (Neutral)\n- Trend: Strong Downtrend\n- MACD: Bullish Crossover\n- Mean Reversion: -8.6% from SMA50 (Normal)\n\n[NEWS]:\n\nNo relative news reported.\n\n[QUANT SIGNALS - STRUCTURAL]:\n- Price Move: META increased by 7.45% (555.64 -> 597.02)\n- Alpha vs Nasdaq-100: +3.97% (Outperformed)\n- Market Context (VIX): N/A\n- Volume Status: Normal (Z-Score: 0.3)\n- Volatility (ATR): 23.47 (High)\n- Weekly RSI (Trend Strength): 43.2 (Neutral)\n\n[TECHNICALS - DAILY]:\n- Daily RSI: 64.7 (Neutral)\n- Trend: Strong Uptrend\n- MACD: Bullish Crossover\n- Mean Reversion: 2.3% from SMA50 (Normal)\n\n[NEWS]:\n\nNo relative news reported.\n[Basic Financials]:\n\nNo basic financial reported.\n\nBased on all the information before 2025-05-05, let's first analyze the positive developments and potential concerns for META. Come up with 2-4 most important factors respectively and keep them concise. Integrate both quantitative signals and news to explain the movement. Then let's assume your prediction for the coming trading week (2025-05-05 pre-market to 2025-05-09 close) is up by 0-1%. Pay special attention to [WEEKEND NEWS - PRE-MARKET], because this information is available before Monday open. Provide a summary analysis to support your prediction. Before writing the analysis, cross-reference the [QUANT SIGNALS] with the [NEWS]. If the prediction is up by 0-1% but the technicals show a conflict (e.g., predicting 'Up' when Trend is 'Strong Downtrend'), explain this divergence logically (e.g., as a 'trend reversal' or 'short squeeze') rather than ignoring the data. The prediction result need to be inferred from your analysis at the end, and thus not appearing as a foundational factor of your analysis.","[Positive Developments]:
1. **Strong Price Recovery and Outperformance**: META posted significant gains of 11.39% and 7.45% in the two most recent periods, outperforming the Nasdaq-100 by +2.28% and +3.97%, respectively, indicating renewed buying interest and alpha generation.
2. **Technical Reversal and Bullish Momentum**: The daily MACD shifted to a bullish crossover, and the trend reversed from a strong downtrend to a strong uptrend, supported by mean reversion normalizing from an overextended -18.9% to a healthy 2.3% above the SMA50.
3. **Improved Relative Strength**: After underperforming earlier, META has consistently outperformed the Nasdaq-100 in recent periods, suggesting relative strength and potential institutional favor.

[Potential Concerns]:
1. **High Volatility Persists**: The Average True Range (ATR) remains high across all periods (23.47 to 35.56), indicating elevated price swings and ongoing market uncertainty.
2. **Lack of Fundamental Catalysts**: No company-specific news or financial updates were reported, making the price action reliant on technicals and market flows, which can be unpredictable.
3. **Neutral Weekly Momentum**: The weekly RSI has stayed in neutral territory (37.0 to 43.2), reflecting limited trend strength on a broader scale and potential resistance to sustained moves.
4. **History of Sharp Declines**: The initial 9.83% drop with bearish signals highlights vulnerability to sudden corrections, especially in the absence of supportive news.

[Prediction & Analysis]:
Assuming a prediction of up 0-1% for the trading week from 2025-05-05 pre-market to 2025-05-09 close, this outlook is based on the following integrated analysis. Cross-referencing the quant signals with the absence of news, the recent price movements are ascribed to market mechanics: the initial decline likely represented a technical correction or broad market sell-off, while the subsequent rebounds were driven by a technical reversal from oversold conditions and beta-driven momentum as META caught up with sector trends.

Technically, the stock is in a strong uptrend with a bullish MACD and daily RSI at 64.7 (neutral), leaving room for further upside without immediate overbought pressure. The mean reversion is normal at 2.3% above the SMA50, suggesting the rally is sustainable. However, the weekly RSI at 43.2 (neutral) and high volatility imply that gains may be modest, leading to a consolidation phase with a slight upward bias. The outperformance vs. the Nasdaq-100 could continue to attract flow-based buying, but without new catalysts, the move is likely to be gradual. The weekend news pre-market provided no additional data, so the trajectory will hinge on existing technical momentum. Thus, a 0-1% increase aligns with a continuation of the uptrend at a decelerated pace, as the stock digests recent gains amid neutral weekly momentum.

[Primary Driver]:
Technical",up by 0-1%,2025-05-05,2025-05-09,114,Technical
"[Company Introduction]:\n\nMeta Platforms Inc is a leading entity in the Media sector. Incorporated and publicly traded since 2012-05-18, the company has established its reputation as one of the key players in the market. As of today, Meta Platforms Inc has a market capitalization of 1617119.55 in USD, with 2529.56 shares outstanding.\n\nMeta Platforms Inc operates primarily in the US, trading under the ticker META on the NASDAQ NMS - GLOBAL MARKET. As a dominant force in the Media space, the company continues to innovate and drive progress within the industry.\n\n[QUANT SIGNALS - STRUCTURAL]:\n- Price Move: META increased by 0.21% (591.22 -> 592.49)\n- Alpha vs Nasdaq-100: -0.21% (Underperformed)\n- Market Context (VIX): N/A\n- Volume Status: Normal (Z-Score: -1.2)\n- Volatility (ATR): 21.14 (High)\n- Weekly RSI (Trend Strength): 44.9 (Neutral)\n\n[TECHNICALS - DAILY]:\n- Daily RSI: 85.1 (Overbought)\n- Trend: Strong Uptrend\n- MACD: Bullish Crossover\n- Mean Reversion: 2.8% from SMA50 (Normal)\n\n[NEWS]:\n\nNo relative news reported.\n\n[QUANT SIGNALS - STRUCTURAL]:\n- Price Move: META increased by 1.49% (630.92 -> 640.34)\n- Alpha vs Nasdaq-100: -1.20% (Underperformed)\n- Market Context (VIX): N/A\n- Volume Status: Normal (Z-Score: 0.2)\n- Volatility (ATR): 21.71 (High)\n- Weekly RSI (Trend Strength): 39.5 (Neutral)\n\n[TECHNICALS - DAILY]:\n- Daily RSI: 76.0 (Overbought)\n- Trend: Strong Uptrend\n- MACD: Bullish Crossover\n- Mean Reversion: 11.2% from SMA50 (Normal)\n\n[NEWS]:\n\nNo relative news reported.\n\n[QUANT SIGNALS - STRUCTURAL]:\n- Price Move: META decreased by 0.19% (628.25 -> 627.06)\n- Alpha vs Nasdaq-100: +2.26% (Outperformed)\n- Market Context (VIX): N/A\n- Volume Status: Normal (Z-Score: -1.0)\n- Volatility (ATR): 17.25 (Normal)\n- Weekly RSI (Trend Strength): 42.3 (Neutral)\n\n[TECHNICALS - DAILY]:\n- Daily RSI: 60.7 (Neutral)\n- Trend: Strong Uptrend\n- MACD: Bullish Crossover\n- Mean Reversion: 8.4% from SMA50 (Normal)\n\n[NEWS]:\n\nNo relative news reported.\n[Basic Financials]:\n\nNo basic financial reported.\n\nBased on all the information before 2025-05-27, let's first analyze the positive developments and potential concerns for META. Come up with 2-4 most important factors respectively and keep them concise. Integrate both quantitative signals and news to explain the movement. Then let's assume your prediction for the coming trading week (2025-05-27 pre-market to 2025-05-30 close) is up by 1-2%. Pay special attention to [WEEKEND NEWS - PRE-MARKET], because this information is available before Monday open. Provide a summary analysis to support your prediction. Before writing the analysis, cross-reference the [QUANT SIGNALS] with the [NEWS]. If the prediction is up by 1-2% but the technicals show a conflict (e.g., predicting 'Up' when Trend is 'Strong Downtrend'), explain this divergence logically (e.g., as a 'trend reversal' or 'short squeeze') rather than ignoring the data. The prediction result need to be inferred from your analysis at the end, and thus not appearing as a foundational factor of your analysis.","[Positive Developments]:
1. **Resilient Technical Structure**: Despite recent fluctuations, META maintains a ""Strong Uptrend"" on the daily chart with a bullish MACD crossover. The pullback has cooled the daily RSI from extreme overbought (85.1) to a neutral (60.7) level, potentially resetting the stage for further gains.
2. **Consolidation Near Highs**: The stock has consolidated around the $630 level after a significant run-up. The mean reversion to the 50-day SMA is now at a normal 8.4%, providing a healthier technical base compared to the 11.2% extension seen previously.
3. **Outperformance on a Down Day**: In the most recent period, META declined only -0.19% but significantly outperformed the Nasdaq-100 by +2.26%, suggesting relative strength and potential institutional support during a market dip.

[Potential Concerns]:
1. **Severe Overbought Condition & Subsequent Weakness**: The daily RSI was extremely overbought (85.1) just two periods ago, which often precedes a consolidation or pullback. The stock has since underperformed its index in two of the three periods reported, indicating a loss of momentum and possible profit-taking.
2. **High Volatility and Underperformance Context**: The Average True Range (ATR) remains elevated, signaling high daily volatility and investor uncertainty. The stock's alpha was negative in two periods, suggesting it has been a laggard within the strong tech sector recently, which could indicate hidden selling pressure.
3. **Absence of Catalysts**: There is a complete absence of company-specific news. The recent price action appears detached from fundamental drivers, making the rally vulnerable to a reversal if broad market sentiment sours or if sector rotation occurs.

[Prediction & Analysis]:
The prediction for a 1-2% rise in the coming week is based on a technical rebound within a prevailing uptrend, but it faces headwinds from recent relative weakness.
*   **Technical Reality**: The daily RSI has corrected from severely overbought territory to a neutral level (60.7), which alleviates immediate selling pressure and provides room for the price to advance. The bullish MACD and strong uptrend framework suggest the primary direction remains upward. A move of 1-2% would be a modest recovery within this structure.
*   **Relative Performance & Divergence**: The main conflict with a straightforward ""up"" prediction is the stock's recent underperformance versus the Nasdaq-100. This divergence suggests the stock needs to re-establish leadership. The prediction implicitly assumes that last period's outperformance (+2.26% Alpha) marks the beginning of this recovery, as the stock showed resilience on a down day.
*   **News Catalyst & Market Mechanics**: With no fundamental news, the recent price moves are best explained by **market mechanics**. The initial surge to overbought levels was likely driven by **beta-driven momentum** within the tech sector. The subsequent consolidation and underperformance represent a **sector-level repricing** where capital temporarily rotated out of extended winners. The predicted up move would therefore be a **technical rebound** following this brief consolidation, potentially aided by general market strength.
*   **Risk Factor**: The high ATR (volatility) indicates that any move, up or down, could be pronounced. Failure to recapture recent highs could lead to a deeper pullback toward the 50-day SMA.

[Primary Driver]:
Technical",up by 1-2%,2025-05-27,2025-05-30,117,Technical
"[Company Introduction]:\n\nMeta Platforms Inc is a leading entity in the Media sector. Incorporated and publicly traded since 2012-05-18, the company has established its reputation as one of the key players in the market. As of today, Meta Platforms Inc has a market capitalization of 1617119.55 in USD, with 2529.56 shares outstanding.\n\nMeta Platforms Inc operates primarily in the US, trading under the ticker META on the NASDAQ NMS - GLOBAL MARKET. As a dominant force in the Media space, the company continues to innovate and drive progress within the industry.\n\n[QUANT SIGNALS - STRUCTURAL]:\n- Price Move: META increased by 8.27% (644.39 -> 697.71)\n- Alpha vs Nasdaq-100: +6.99% (Outperformed)\n- Market Context (VIX): N/A\n- Volume Status: Normal (Z-Score: -0.2)\n- Volatility (ATR): 15.24 (Normal)\n- Weekly RSI (Trend Strength): 45.9 (Neutral)\n\n[TECHNICALS - DAILY]:\n- Daily RSI: 78.4 (Overbought)\n- Trend: Strong Uptrend\n- MACD: Bullish Crossover\n- Mean Reversion: 18.2% from SMA50 (Overextended)\n\n[NEWS]:\n\nNo relative news reported.\n[Basic Financials]:\n\nNo basic financial reported.\n\nBased on all the information before 2025-06-09, let's first analyze the positive developments and potential concerns for META. Come up with 2-4 most important factors respectively and keep them concise. Integrate both quantitative signals and news to explain the movement. Then let's assume your prediction for the coming trading week (2025-06-09 pre-market to 2025-06-13 close) is down by 2-3%. Pay special attention to [WEEKEND NEWS - PRE-MARKET], because this information is available before Monday open. Provide a summary analysis to support your prediction. Before writing the analysis, cross-reference the [QUANT SIGNALS] with the [NEWS]. If the prediction is down by 2-3% but the technicals show a conflict (e.g., predicting 'Up' when Trend is 'Strong Downtrend'), explain this divergence logically (e.g., as a 'trend reversal' or 'short squeeze') rather than ignoring the data. The prediction result need to be inferred from your analysis at the end, and thus not appearing as a foundational factor of your analysis.","[Positive Developments]:
1. Strong Relative Performance: META significantly outperformed the Nasdaq-100 (+6.99% Alpha), indicating institutional favor and positive market sentiment independent of the broader index.
2. Bullish Technical Momentum: The daily chart shows a Strong Uptrend confirmed by a Bullish MACD crossover, signaling sustained buying pressure and momentum.
3. Resilient Weekly Structure: The weekly RSI is in a neutral zone (45.9), which is not overbought and suggests the longer-term trend may have room to develop before being exhausted.

[Potential Concerns]:
1. Extreme Short-Term Overextension: The daily RSI of 78.4 is solidly in overbought territory, and the price is 18.2% above its SMA50. This creates a high risk of a technical pullback or consolidation.
2. Absence of Fundamental Catalyst: The 8.27% price surge occurred with ""No relative news reported."" This elevates the risk that the move was driven by momentum/flows rather than a fundamental re-rating, making it more fragile.
3. Flow-Driven Move with Normal Volume: The price moved significantly higher on normal volume (Z-Score: -0.2). This can indicate a lack of broad, enthusiastic participation, potentially leaving the advance vulnerable to a reversal if the limited buying pressure abates.

[Prediction & Analysis]:
Prediction for the trading week of 2025-06-09 to 2025-06-13: **Down 2-3%.**

The analysis must reconcile a predicted down week with a ""Strong Uptrend"" and ""Bullish MACD."" The key lies in the conflict between short-term exhaustion and the medium-term trend. The 8.27% surge on no news, coupled with an overbought daily RSI and significant overextension from the SMA50, presents a classic setup for a mean reversion or consolidation pullback. While the MACD and trend are bullish, they are lagging indicators confirming the move that has *already happened*. The leading oscillator (RSI) is flashing a warning that the move is overdone in the near term.

The absence of a news catalyst to justify such a sharp move further supports the view that it was likely driven by technical breakout flows and sector rotation (Flow). These types of moves often see profit-taking once the initial momentum stalls, especially at clear overbought levels. The neutral weekly RSI provides the ""space"" for a short-term pullback without necessarily breaking the longer-term trend structure. Therefore, the prediction is for a technical correction within the context of a still-positive longer-term setup.

[Primary Driver]:
Mixed (Technical Exhaustion & Flow Dynamics)",down by 2-3%,2025-06-09,2025-06-13,119,Mixed (Technical Exhaustion & Flow Dynamics)
"[Company Introduction]:\n\nMeta Platforms Inc is a leading entity in the Media sector. Incorporated and publicly traded since 2012-05-18, the company has established its reputation as one of the key players in the market. As of today, Meta Platforms Inc has a market capitalization of 1617119.55 in USD, with 2529.56 shares outstanding.\n\nMeta Platforms Inc operates primarily in the US, trading under the ticker META on the NASDAQ NMS - GLOBAL MARKET. As a dominant force in the Media space, the company continues to innovate and drive progress within the industry.\n\n[QUANT SIGNALS - STRUCTURAL]:\n- Price Move: META increased by 0.21% (591.22 -> 592.49)\n- Alpha vs Nasdaq-100: -0.21% (Underperformed)\n- Market Context (VIX): N/A\n- Volume Status: Normal (Z-Score: -1.2)\n- Volatility (ATR): 21.14 (High)\n- Weekly RSI (Trend Strength): 44.9 (Neutral)\n\n[TECHNICALS - DAILY]:\n- Daily RSI: 85.1 (Overbought)\n- Trend: Strong Uptrend\n- MACD: Bullish Crossover\n- Mean Reversion: 2.8% from SMA50 (Normal)\n\n[NEWS]:\n\nNo relative news reported.\n\n[QUANT SIGNALS - STRUCTURAL]:\n- Price Move: META increased by 1.49% (630.92 -> 640.34)\n- Alpha vs Nasdaq-100: -1.20% (Underperformed)\n- Market Context (VIX): N/A\n- Volume Status: Normal (Z-Score: 0.2)\n- Volatility (ATR): 21.71 (High)\n- Weekly RSI (Trend Strength): 39.5 (Neutral)\n\n[TECHNICALS - DAILY]:\n- Daily RSI: 76.0 (Overbought)\n- Trend: Strong Uptrend\n- MACD: Bullish Crossover\n- Mean Reversion: 11.2% from SMA50 (Normal)\n\n[NEWS]:\n\nNo relative news reported.\n[Basic Financials]:\n\nNo basic financial reported.\n\nBased on all the information before 2025-05-19, let's first analyze the positive developments and potential concerns for META. Come up with 2-4 most important factors respectively and keep them concise. Integrate both quantitative signals and news to explain the movement. Then let's assume your prediction for the coming trading week (2025-05-19 pre-market to 2025-05-23 close) is down by 0-1%. Pay special attention to [WEEKEND NEWS - PRE-MARKET], because this information is available before Monday open. Provide a summary analysis to support your prediction. Before writing the analysis, cross-reference the [QUANT SIGNALS] with the [NEWS]. If the prediction is down by 0-1% but the technicals show a conflict (e.g., predicting 'Up' when Trend is 'Strong Downtrend'), explain this divergence logically (e.g., as a 'trend reversal' or 'short squeeze') rather than ignoring the data. The prediction result need to be inferred from your analysis at the end, and thus not appearing as a foundational factor of your analysis.","[Positive Developments]:
1. Strong technical uptrend with bullish MACD crossovers, indicating sustained buying momentum.
2. Price appreciation over the observed periods (0.21% and 1.49%) reflects positive market sentiment.
3. Weekly RSI levels (44.9 and 39.5) are neutral, suggesting no severe overextension on a longer timeframe and room for continued movement.
4. Mean reversion metrics (2.8% and 11.2% from SMA50) are within normal ranges, indicating the price is not excessively detached from its medium-term average.

[Potential Concerns]:
1. Daily RSI readings (85.1 and 76.0) are in overbought territory, heightening the risk of a near-term pullback or consolidation.
2. Consistent underperformance vs. the Nasdaq-100 (Alpha of -0.21% and -1.20%) despite price gains, signaling relative weakness that may foreshadow a correction.
3. High volatility (ATR of ~21.4) points to elevated price swings and investor uncertainty.
4. Absence of company-specific news or financial updates implies the recent moves are not driven by fundamental catalysts, increasing reliance on fragile technical or flow-based support.

[Prediction & Analysis]:
For the upcoming trading week (2025-05-19 to 2025-05-23), META is predicted to decline by 0-1%. This slight downward movement is primarily inferred from the overbought daily RSI conditions, which typically precede short-term corrections even within a strong uptrend. The stock's underperformance relative to the Nasdaq-100 further suggests latent weakness, as it has failed to keep pace with broader market gains despite bullish technicals. With no fundamental news to sustain the rally, the price action has likely been driven by market mechanics such as beta-driven momentum or technical breakout flows, which are prone to reversal when overbought signals emerge. Although the trend remains strong and the weekly RSI is neutral, the immediate technical overextension supports a modest pullback to alleviate selling pressure. The absence of weekend news (as per the pre-market context) does not alter this outlook, as no new catalysts are present to override the technical warning signs.

[Primary Driver]:
Technical",down by 0-1%,2025-05-19,2025-05-23,116,Technical
"[Company Introduction]:\n\nMeta Platforms Inc is a leading entity in the Media sector. Incorporated and publicly traded since 2012-05-18, the company has established its reputation as one of the key players in the market. As of today, Meta Platforms Inc has a market capitalization of 1617119.55 in USD, with 2529.56 shares outstanding.\n\nMeta Platforms Inc operates primarily in the US, trading under the ticker META on the NASDAQ NMS - GLOBAL MARKET. As a dominant force in the Media space, the company continues to innovate and drive progress within the industry.\n\n[QUANT SIGNALS - STRUCTURAL]:\n- Price Move: META decreased by 2.23% (698.46 -> 682.87)\n- Alpha vs Nasdaq-100: -1.53% (Underperformed)\n- Market Context (VIX): N/A\n- Volume Status: Normal (Z-Score: -0.6)\n- Volatility (ATR): 14.91 (Normal)\n- Weekly RSI (Trend Strength): 53.1 (Neutral)\n\n[TECHNICALS - DAILY]:\n- Daily RSI: 73.9 (Overbought)\n- Trend: Strong Uptrend\n- MACD: Bearish Crossover\n- Mean Reversion: 13.6% from SMA50 (Normal)\n\n[NEWS]:\n\nNo relative news reported.\n\n[QUANT SIGNALS - STRUCTURAL]:\n- Price Move: META decreased by 2.43% (699.33 -> 682.35)\n- Alpha vs Nasdaq-100: -1.03% (Underperformed)\n- Market Context (VIX): N/A\n- Volume Status: HUGE (Z-Score: 3.0)\n- Volatility (ATR): 15.56 (Normal)\n- Weekly RSI (Trend Strength): 56.4 (Neutral)\n\n[TECHNICALS - DAILY]:\n- Daily RSI: 62.9 (Neutral)\n- Trend: Strong Uptrend\n- MACD: Bearish Crossover\n- Mean Reversion: 10.9% from SMA50 (Normal)\n\n[NEWS]:\n\nNo relative news reported.\n[Basic Financials]:\n\nNo basic financial reported.\n\nBased on all the information before 2025-06-23, let's first analyze the positive developments and potential concerns for META. Come up with 2-4 most important factors respectively and keep them concise. Integrate both quantitative signals and news to explain the movement. Then let's assume your prediction for the coming trading week (2025-06-23 pre-market to 2025-06-27 close) is up by more than 5%. Pay special attention to [WEEKEND NEWS - PRE-MARKET], because this information is available before Monday open. Provide a summary analysis to support your prediction. Before writing the analysis, cross-reference the [QUANT SIGNALS] with the [NEWS]. If the prediction is up by more than 5% but the technicals show a conflict (e.g., predicting 'Up' when Trend is 'Strong Downtrend'), explain this divergence logically (e.g., as a 'trend reversal' or 'short squeeze') rather than ignoring the data. The prediction result need to be inferred from your analysis at the end, and thus not appearing as a foundational factor of your analysis.","[Positive Developments]:
1. Structural Uptrend Remains Intact: Despite the recent price dip, the stock is in a 'Strong Uptrend' and remains 11-14% above its key SMA50, indicating the primary bullish trend is not broken.
2. High Institutional Buying Interest: The presence of 'HUGE' volume (Z-Score: 3.0) during the second reported decline suggests significant institutional or large-scale trading, which can often indicate accumulation on weakness rather than pure distribution.
3. Weekly Trend Neutrality: The Weekly RSI readings (53.1, 56.4) are neutral, showing no signs of a major weekly trend exhaustion, leaving room for the daily uptrend to resume.

[Potential Concerns]:
1. Technical Bearish Divergences: The daily chart shows a 'Bearish Crossover' on the MACD alongside an 'Overbought' Daily RSI of 73.9 in the first signal. This classic divergence signals weakening short-term momentum within the uptrend.
2. Persistent Underperformance: In both reported periods, META showed negative Alpha versus the Nasdaq-100 (-1.53%, -1.03%). This relative weakness suggests the stock is lagging behind its high-growth tech peers, potentially due to profit-taking or sector rotation.
3. Lack of Fundamental Catalyst: The absence of company-specific news during a period of significant price and volume action means the move is driven purely by market mechanics, making the stock vulnerable to broader market sentiment shifts.

[Prediction & Analysis]:
The prediction is for META to rise by more than 5% in the coming week. This conflicts with the immediate technical warnings (Bearish MACD, recent underperformance) but is supported by the larger trend structure and flow dynamics.
**Technical Reality:** While the daily indicators are concerning, they are occurring within a 'Strong Uptrend'. The stock has pulled back from overbought levels on high volume, which can serve as a healthy consolidation. A 5%+ move would represent a momentum-driven rebound that recaptures the recent losses and pushes towards new highs, which is plausible given the mean reversion level from the SMA50 is still in a ""Normal"" range, providing a technical floor.
**Relative Performance:** The recent underperformance (negative Alpha) creates a potential catch-up trade opportunity if market sentiment towards mega-cap tech improves. A sharp rebound could quickly reverse this short-term relative weakness.
**News Catalyst:** There is no fundamental news, so the predicted move must be attributed to market mechanics. The 'HUGE' volume on a down day is the critical clue. This pattern is often indicative of institutional ""buying the dip"" or options-related hedging flows (e.g., gamma positioning), which can fuel a powerful, rapid reversal as selling pressure is exhausted.
**Dealing with ""No News"":** The recent price action is best explained as a **technical pullback within an uptrust, amplified by institutional flows**. The predicted rebound is a continuation of the dominant trend, driven by these same institutional flows reversing direction as short-term weak hands are cleared out.

[Primary Driver]:
Mixed",up by more than 5%,2025-06-23,2025-06-27,121,Mixed
"[Company Introduction]:\n\nMeta Platforms Inc is a leading entity in the Media sector. Incorporated and publicly traded since 2012-05-18, the company has established its reputation as one of the key players in the market. As of today, Meta Platforms Inc has a market capitalization of 1617119.55 in USD, with 2529.56 shares outstanding.\n\nMeta Platforms Inc operates primarily in the US, trading under the ticker META on the NASDAQ NMS - GLOBAL MARKET. As a dominant force in the Media space, the company continues to innovate and drive progress within the industry.\n\n[QUANT SIGNALS - STRUCTURAL]:\n- Price Move: META decreased by 0.19% (628.25 -> 627.06)\n- Alpha vs Nasdaq-100: +2.26% (Outperformed)\n- Market Context (VIX): N/A\n- Volume Status: Normal (Z-Score: -1.0)\n- Volatility (ATR): 17.25 (Normal)\n- Weekly RSI (Trend Strength): 42.3 (Neutral)\n\n[TECHNICALS - DAILY]:\n- Daily RSI: 60.7 (Neutral)\n- Trend: Strong Uptrend\n- MACD: Bullish Crossover\n- Mean Reversion: 8.4% from SMA50 (Normal)\n\n[NEWS]:\n\nNo relative news reported.\n\n[QUANT SIGNALS - STRUCTURAL]:\n- Price Move: META increased by 1.90% (635.41 -> 647.49)\n- Alpha vs Nasdaq-100: +2.31% (Outperformed)\n- Market Context (VIX): N/A\n- Volume Status: Normal (Z-Score: 0.7)\n- Volatility (ATR): 16.97 (Normal)\n- Weekly RSI (Trend Strength): 38.4 (Neutral)\n\n[TECHNICALS - DAILY]:\n- Daily RSI: 72.6 (Overbought)\n- Trend: Strong Uptrend\n- MACD: Bearish Crossover\n- Mean Reversion: 11.1% from SMA50 (Normal)\n\n[NEWS]:\n\nNo relative news reported.\n[Basic Financials]:\n\nNo basic financial reported.\n\nBased on all the information before 2025-06-02, let's first analyze the positive developments and potential concerns for META. Come up with 2-4 most important factors respectively and keep them concise. Integrate both quantitative signals and news to explain the movement. Then let's assume your prediction for the coming trading week (2025-06-02 pre-market to 2025-06-06 close) is up by more than 5%. Pay special attention to [WEEKEND NEWS - PRE-MARKET], because this information is available before Monday open. Provide a summary analysis to support your prediction. Before writing the analysis, cross-reference the [QUANT SIGNALS] with the [NEWS]. If the prediction is up by more than 5% but the technicals show a conflict (e.g., predicting 'Up' when Trend is 'Strong Downtrend'), explain this divergence logically (e.g., as a 'trend reversal' or 'short squeeze') rather than ignoring the data. The prediction result need to be inferred from your analysis at the end, and thus not appearing as a foundational factor of your analysis.","[Positive Developments]:
1. Consistent Alpha Generation: META outperformed the Nasdaq-100 by over 2% in both observed periods, indicating strong relative strength and institutional favor.
2. Strong Technical Uptrend: The daily chart shows a ""Strong Uptrend"" with price holding well above key moving averages, supported by a prior bullish MACD crossover.
3. Healthy Longer-Term Momentum: Weekly RSI remains neutral (38.4-42.3), suggesting no excessive overextension on a higher timeframe, leaving room for upward movement.
4. Stable Market Mechanics: Volume and volatility (ATR) are within normal ranges, indicating orderly price action without panic selling or euphoric buying.

[Potential Concerns]:
1. Overbought Short-Term Conditions: Daily RSI reached 72.6, an overbought level that historically precedes pullbacks or consolidation.
2. Bearish Momentum Divergence: A recent bearish MACD crossover signals potential deceleration in upward momentum, raising caution.
3. Absence of Catalysts: No company-specific news or financial updates were reported, making the rally reliant on technicals and market flows, which can be fickle.
4. Extended Valuation vs. Mean: Price is 11.1% above the SMA50, increasing susceptibility to a mean-reversion pullback if broad market sentiment sours.

[Prediction & Analysis]:
Assuming a prediction of the stock moving up by more than 5% in the coming week (2025-06-02 to 2025-06-06), the analysis reconciles this with conflicting technicals as follows:

- **Technical Reality**: While the daily RSI is overbought and MACD shows a bearish crossover, these are common in persistent strong uptrends and may not immediately halt momentum. The weekly RSI's neutrality (38.4) suggests the longer-term trend is not exhausted, and a ""melt-up"" scenario is possible if buying pressure accelerates. The 11.1% extension above SMA50 is within a normal range for a high-momentum stock, and a breakout above recent highs could trigger further algorithmic buying.
  
- **Relative Performance**: META's consistent alpha vs. the Nasdaq-100 (+2.3% last observed) indicates underlying strength. If the broader market remains stable or rallies, META's outperformance could amplify gains, driving a 5%+ weekly move as funds rotate into leading names.

- **News Catalyst**: No news was reported, so any move must be ascribed to market mechanics. The prior increase of 1.90% on normal volume with outperformance suggests institutional accumulation or sector rotation into media/tech, likely driven by flows rather than narratives. For the upcoming week, similar flow dynamics—such as window-dressing or momentum chasing—could propel the stock higher despite overbought readings.

- **Divergence Explanation**: The prediction of a >5% upswing amidst overbought conditions is framed as a ""trend acceleration"" rather than a reversal. In strong uptrends, overbought RSI levels can persist, and bearish MACD crossovers sometimes fail during powerful rallies. The absence of negative news and stable volume support the idea that profit-taking is minimal, allowing momentum to build further.

Thus, based on sustained relative strength, a resilient uptrend, and anticipated inflow-driven buying, META could rally over 5% in the coming week, overcoming short-term technical warnings.

[Primary Driver]:
Mixed (combination of technical trend strength and flow-based alpha outperformance)",up by more than 5%,2025-06-02,2025-06-06,118,Mixed (combination of technical trend strength and flow-based alpha outperformance)
"[Company Introduction]:\n\nMeta Platforms Inc is a leading entity in the Media sector. Incorporated and publicly traded since 2012-05-18, the company has established its reputation as one of the key players in the market. As of today, Meta Platforms Inc has a market capitalization of 1617119.55 in USD, with 2529.56 shares outstanding.\n\nMeta Platforms Inc operates primarily in the US, trading under the ticker META on the NASDAQ NMS - GLOBAL MARKET. As a dominant force in the Media space, the company continues to innovate and drive progress within the industry.\n\n[QUANT SIGNALS - STRUCTURAL]:\n- Price Move: META increased by 8.27% (644.39 -> 697.71)\n- Alpha vs Nasdaq-100: +6.99% (Outperformed)\n- Market Context (VIX): N/A\n- Volume Status: Normal (Z-Score: -0.2)\n- Volatility (ATR): 15.24 (Normal)\n- Weekly RSI (Trend Strength): 45.9 (Neutral)\n\n[TECHNICALS - DAILY]:\n- Daily RSI: 78.4 (Overbought)\n- Trend: Strong Uptrend\n- MACD: Bullish Crossover\n- Mean Reversion: 18.2% from SMA50 (Overextended)\n\n[NEWS]:\n\nNo relative news reported.\n\n[QUANT SIGNALS - STRUCTURAL]:\n- Price Move: META decreased by 2.23% (698.46 -> 682.87)\n- Alpha vs Nasdaq-100: -1.53% (Underperformed)\n- Market Context (VIX): N/A\n- Volume Status: Normal (Z-Score: -0.6)\n- Volatility (ATR): 14.91 (Normal)\n- Weekly RSI (Trend Strength): 53.1 (Neutral)\n\n[TECHNICALS - DAILY]:\n- Daily RSI: 73.9 (Overbought)\n- Trend: Strong Uptrend\n- MACD: Bearish Crossover\n- Mean Reversion: 13.6% from SMA50 (Normal)\n\n[NEWS]:\n\nNo relative news reported.\n\n[QUANT SIGNALS - STRUCTURAL]:\n- Price Move: META decreased by 2.43% (699.33 -> 682.35)\n- Alpha vs Nasdaq-100: -1.03% (Underperformed)\n- Market Context (VIX): N/A\n- Volume Status: HUGE (Z-Score: 3.0)\n- Volatility (ATR): 15.56 (Normal)\n- Weekly RSI (Trend Strength): 56.4 (Neutral)\n\n[TECHNICALS - DAILY]:\n- Daily RSI: 62.9 (Neutral)\n- Trend: Strong Uptrend\n- MACD: Bearish Crossover\n- Mean Reversion: 10.9% from SMA50 (Normal)\n\n[NEWS]:\n\nNo relative news reported.\n\n[QUANT SIGNALS - STRUCTURAL]:\n- Price Move: META increased by 7.30% (683.69 -> 733.63)\n- Alpha vs Nasdaq-100: +4.21% (Outperformed)\n- Market Context (VIX): N/A\n- Volume Status: High (Z-Score: 1.7)\n- Volatility (ATR): 14.36 (Normal)\n- Weekly RSI (Trend Strength): 58.7 (Neutral)\n\n[TECHNICALS - DAILY]:\n- Daily RSI: 63.9 (Neutral)\n- Trend: Strong Uptrend\n- MACD: Bullish Crossover\n- Mean Reversion: 16.0% from SMA50 (Overextended)\n\n[NEWS]:\n\nNo relative news reported.\nSome recent basic financials of META, reported at 2025-06-30, are presented below:\n\n[Basic Financials]:\n\nassetTurnoverTTM: 0.6458\nbookValue: 195070\ncashRatio: 0.3218067283206005\ncurrentRatio: 1.9733\nebitPerShare: 7.9537\neps: 7.135\nev: 1872626.8\nevEbitdaTTM: 19.6346\nevRevenueTTM: 10.4731\nfcfMargin: 0.1899\nfcfPerShareTTM: 19.9273\ngrossMargin: 0.8213\nlongtermDebtTotalAsset: 0.0978\nlongtermDebtTotalCapital: 0.1288\nlongtermDebtTotalEquity: 0.1478\nnetDebtToTotalCapital: 0.0752\nnetDebtToTotalEquity: 0.0863\nnetMargin: 0.3859\noperatingMargin: 0.4302\npayoutRatioTTM: 0.0726\npb: 9.5135\npeTTM: 25.9527\npfcfTTM: 37.0146\npretaxMargin: 0.4321\npsTTM: 10.379\nquickRatio: 1.71\nreceivablesTurnoverTTM: 11.5112\nroaTTM: 0.2583\nroeTTM: 0.3933\nroicTTM: 0.3395\nrotcTTM: 0.3737\nsalesPerShare: 18.4887\nsgaToSale: 0.1787\ntotalDebtToEquity: 0.1478\ntotalDebtToTotalAsset: 0.0978\ntotalDebtToTotalCapital: 0.1288\ntotalRatio: 2.9571\n\nBased on all the information before 2025-06-30, let's first analyze the positive developments and potential concerns for META. Come up with 2-4 most important factors respectively and keep them concise. Integrate both quantitative signals and news to explain the movement. Then let's assume your prediction for the coming trading week (2025-06-30 pre-market to 2025-07-03 close) is down by 3-4%. Pay special attention to [WEEKEND NEWS - PRE-MARKET], because this information is available before Monday open. Provide a summary analysis to support your prediction. Before writing the analysis, cross-reference the [QUANT SIGNALS] with the [NEWS]. If the prediction is down by 3-4% but the technicals show a conflict (e.g., predicting 'Up' when Trend is 'Strong Downtrend'), explain this divergence logically (e.g., as a 'trend reversal' or 'short squeeze') rather than ignoring the data. The prediction result need to be inferred from your analysis at the end, and thus not appearing as a foundational factor of your analysis.","[Positive Developments]:
1. **Strong Financial Health & Profitability:** Recent basic financials show robust fundamentals with a high net margin (38.6%), ROE (39.3%), and impressive free cash flow generation (FCF margin of 19%). The company maintains a solid balance sheet with low net debt ratios.
2. **Technical Resilience and Momentum:** Despite recent pullbacks, the stock is in a ""Strong Uptrend"" and has demonstrated an ability to stage powerful recoveries (e.g., +7.30% move). The weekly RSI remains neutral, suggesting the longer-term trend is not overextended.
3. **Outperformance During Rallies:** On weeks when META rallied (+8.27%, +7.30%), it generated significant positive Alpha vs. the Nasdaq-100 (+6.99%, +4.21%), indicating strong relative strength and investor favor during risk-on periods.

[Potential Concerns]:
1. **Overbought and Overextended Technical Conditions:** The daily RSI recently hit overbought territory (78.4), and the price became significantly overextended from its 50-day SMA (by 18.2%). Even after cooling, it remains 16% above the SMA, indicating a stretched short-term rally that is vulnerable to a pullback.
2. **Lack of Recent Catalysts and Underperformance on Dips:** There has been ""No relative news reported"" during the observation period. On down weeks, META underperformed the Nasdaq-100 (-1.53%, -1.03%), suggesting it may lack specific positive momentum to resist broader market softness.
3. **Elevated Valuation and Signs of Distribution:** Key valuation metrics like P/E (25.95) and P/FCF (37.01) are not cheap. The significant down week with ""HUGE"" volume (Z-Score 3.0) signals potential institutional distribution or profit-taking, often a precursor to further selling pressure.

[Prediction & Analysis]:
Our prediction for the coming week (2025-06-30 to 2025-07-03) is for META's stock price to decline by **3-4%**. This forecast conflicts with the prevailing ""Strong Uptrend"" and most recent ""Bullish Crossover"" in the MACD. However, the prediction is logically derived from a synthesis of technical, flow, and contextual factors:

*   **Technical Reality Dictates a Pullback:** The primary conflict is resolved by recognizing that even strong uptrends require consolidation. The stock is severely overextended from its mean (SMA50). The most recent daily RSI at 63.9, while neutral, follows a sharp rally from a lower base, and the price is again in an ""Overextended"" state relative to the SMA50 (16.0%). This creates a high probability for a mean-reversion move or a pause to digest gains. The technical setup favors a pullback to relieve overextension.
*   **Flow Dynamics Show Profit-Taking:** The presence of a high-volume down day (Z-Score 3.0) amidst no negative news is a classic sign of ""distribution."" This suggests large holders were selling into strength. With the subsequent rally occurring on lower relative volume (High but Z-Score 1.7), the buying momentum may be waning, setting the stage for sellers to re-emerge.
*   **Narrative Vacuum and Macro Sensitivity:** In the absence of company-specific news, the stock's movement will be more susceptible to broader market flows and technicals. Given its recent pattern of underperforming the index on down days, any market-wide softness could disproportionately affect META, especially as it is a large-cap, high-beta name that has recently outperformed.
*   **[WEEKEND NEWS - PRE-MARKET Integration]:** While not specific to META, market-wide focus on ""debt ceiling talks"" ahead of the new quarter (Q3) introduces a potential macro headwind. Such uncertainty can trigger sector-wide rotations and profit-taking in extended winners like mega-cap tech, providing a catalyst for the predicted technical pullback.

In summary, the predicted decline is viewed as a healthy technical correction within a longer-term uptrend. Strong fundamentals support the stock over the medium term, but the combination of overextended price action, evidence of distribution, a lack of immediate positive catalysts, and a potentially cautious macro backdrop creates a high likelihood of a short-term pullback in the coming week.

[Primary Driver]:
Mixed (Technical correction within an uptrend, potentially triggered by macro-sensitive profit-taking flows).",down by 3-4%,2025-06-30,2025-07-03,122,"Mixed (Technical correction within an uptrend, potentially triggered by macro-sensitive profit-taking flows)."
"[Company Introduction]:\n\nMeta Platforms Inc is a leading entity in the Media sector. Incorporated and publicly traded since 2012-05-18, the company has established its reputation as one of the key players in the market. As of today, Meta Platforms Inc has a market capitalization of 1617119.55 in USD, with 2529.56 shares outstanding.\n\nMeta Platforms Inc operates primarily in the US, trading under the ticker META on the NASDAQ NMS - GLOBAL MARKET. As a dominant force in the Media space, the company continues to innovate and drive progress within the industry.\n\n[QUANT SIGNALS - STRUCTURAL]:\n- Price Move: META increased by 1.90% (635.41 -> 647.49)\n- Alpha vs Nasdaq-100: +2.31% (Outperformed)\n- Market Context (VIX): N/A\n- Volume Status: Normal (Z-Score: 0.7)\n- Volatility (ATR): 16.97 (Normal)\n- Weekly RSI (Trend Strength): 38.4 (Neutral)\n\n[TECHNICALS - DAILY]:\n- Daily RSI: 72.6 (Overbought)\n- Trend: Strong Uptrend\n- MACD: Bearish Crossover\n- Mean Reversion: 11.1% from SMA50 (Normal)\n\n[NEWS]:\n\nNo relative news reported.\n\n[QUANT SIGNALS - STRUCTURAL]:\n- Price Move: META increased by 8.27% (644.39 -> 697.71)\n- Alpha vs Nasdaq-100: +6.99% (Outperformed)\n- Market Context (VIX): N/A\n- Volume Status: Normal (Z-Score: -0.2)\n- Volatility (ATR): 15.24 (Normal)\n- Weekly RSI (Trend Strength): 45.9 (Neutral)\n\n[TECHNICALS - DAILY]:\n- Daily RSI: 78.4 (Overbought)\n- Trend: Strong Uptrend\n- MACD: Bullish Crossover\n- Mean Reversion: 18.2% from SMA50 (Overextended)\n\n[NEWS]:\n\nNo relative news reported.\n\n[QUANT SIGNALS - STRUCTURAL]:\n- Price Move: META decreased by 2.23% (698.46 -> 682.87)\n- Alpha vs Nasdaq-100: -1.53% (Underperformed)\n- Market Context (VIX): N/A\n- Volume Status: Normal (Z-Score: -0.6)\n- Volatility (ATR): 14.91 (Normal)\n- Weekly RSI (Trend Strength): 53.1 (Neutral)\n\n[TECHNICALS - DAILY]:\n- Daily RSI: 73.9 (Overbought)\n- Trend: Strong Uptrend\n- MACD: Bearish Crossover\n- Mean Reversion: 13.6% from SMA50 (Normal)\n\n[NEWS]:\n\nNo relative news reported.\n[Basic Financials]:\n\nNo basic financial reported.\n\nBased on all the information before 2025-06-16, let's first analyze the positive developments and potential concerns for META. Come up with 2-4 most important factors respectively and keep them concise. Integrate both quantitative signals and news to explain the movement. Then let's assume your prediction for the coming trading week (2025-06-16 pre-market to 2025-06-20 close) is down by 2-3%. Pay special attention to [WEEKEND NEWS - PRE-MARKET], because this information is available before Monday open. Provide a summary analysis to support your prediction. Before writing the analysis, cross-reference the [QUANT SIGNALS] with the [NEWS]. If the prediction is down by 2-3% but the technicals show a conflict (e.g., predicting 'Up' when Trend is 'Strong Downtrend'), explain this divergence logically (e.g., as a 'trend reversal' or 'short squeeze') rather than ignoring the data. The prediction result need to be inferred from your analysis at the end, and thus not appearing as a foundational factor of your analysis.","[Positive Developments]:
1. Strong Relative Performance: META outperformed the Nasdaq-100 by +2.31% and +6.99% in the first two periods, demonstrating alpha generation and investor confidence.
2. Sustained Uptrend: The stock maintained a ""Strong Uptrend"" across all periods, supported by significant price appreciation (+8.27% in one period), indicating robust bullish momentum.
3. Normalized Mean Reversion: After becoming overextended (18.2% above SMA50), the mean reversion corrected to a normal 13.6% in the latest period, reducing immediate overvaluation risk.

[Potential Concerns]:
1. Overbought Technical Conditions: Daily RSI remained elevated (72.6, 78.4, 73.9) in overbought territory, increasing susceptibility to a pullback.
2. Bearish Momentum Shifts: MACD exhibited bearish crossovers in the first and third periods, signaling potential weakening of upward momentum.
3. Recent Underperformance: In the latest period, META underperformed the Nasdaq-100 by -1.53% alongside a price decline of -2.23%, suggesting a shift from alpha to profit-taking or sentiment deterioration.
4. Lack of Fundamental Catalysts: No company-specific news was reported, making recent gains vulnerable to technical corrections without fundamental support.

[Prediction & Analysis]:
For the upcoming trading week (2025-06-16 pre-market to 2025-06-20 close), a downward movement of 2-3% is anticipated, driven by the following analysis:

- **Technical Reality**: Daily RSI levels are persistently overbought (latest at 73.9), historically indicating high probability of a short-term correction. The MACD bearish crossover in the latest period reinforces this view, suggesting waning bullish momentum. Although the trend is labeled ""Strong Uptrend,"" overbought conditions often precede pullbacks of 2-3% to relieve pressure, aligning with the normalized mean reversion (13.6% from SMA50) that still allows for further downside toward the 50-day moving average.

- **Relative Performance**: META's shift from outperformance (+6.99% alpha) to underperformance (-1.53% alpha) in the latest period reveals hidden weakness, likely reflecting institutional profit-taking after rapid gains. This underperformance against the index suggests the stock may continue to lag as momentum fades.

- **News Catalyst**: No relative news was reported, eliminating fundamental drivers. Thus, price movements must be attributed to market mechanics. The earlier gains are best explained as beta-driven momentum or sector-level repricing within the Media sector, while the recent decline points to technical selling pressure triggered by overextension.

- **Dealing with ""No News""**: The absence of news underscores that moves are structurally driven. The initial rally was likely fueled by institutional flows or broad market correlation (given normal volume Z-scores), but the subsequent drop aligns with technical breakdowns. The bearish MACD crossover and elevated RSI provide concrete evidence for a corrective phase, independent of narratives.

- **Divergence Explanation**: The prediction of a down move conflicts with the ""Strong Uptrend"" technical label. However, this is logically resolved as a short-term correction within a broader uptrend. Overbought conditions and bearish MACD signals often precede such pullbacks, allowing the stock to consolidate before potential resumption of the trend. The 2-3% decline would represent a healthy mean reversion, not a trend reversal.

- **Weekly Context**: Weekly RSI is neutral (53.1), indicating no overarching trend weakness on a longer timeframe, which supports the correction as contained. Normal volatility (ATR ~15) suggests the predicted move is within typical fluctuations.

[Primary Driver]:
Technical – The anticipated downward move is primarily driven by overbought daily RSI levels and bearish MACD crossovers, indicating a technical correction within an ongoing uptrend, absent fundamental catalysts.",down by 2-3%,2025-06-16,2025-06-20,120,"Technical – The anticipated downward move is primarily driven by overbought daily RSI levels and bearish MACD crossovers, indicating a technical correction within an ongoing uptrend, absent fundamental catalysts."
"[Company Introduction]:\n\nMeta Platforms Inc is a leading entity in the Media sector. Incorporated and publicly traded since 2012-05-18, the company has established its reputation as one of the key players in the market. As of today, Meta Platforms Inc has a market capitalization of 1617119.55 in USD, with 2529.56 shares outstanding.\n\nMeta Platforms Inc operates primarily in the US, trading under the ticker META on the NASDAQ NMS - GLOBAL MARKET. As a dominant force in the Media space, the company continues to innovate and drive progress within the industry.\n\n[QUANT SIGNALS - STRUCTURAL]:\n- Price Move: META decreased by 2.23% (698.46 -> 682.87)\n- Alpha vs Nasdaq-100: -1.53% (Underperformed)\n- Market Context (VIX): N/A\n- Volume Status: Normal (Z-Score: -0.6)\n- Volatility (ATR): 14.91 (Normal)\n- Weekly RSI (Trend Strength): 53.1 (Neutral)\n\n[TECHNICALS - DAILY]:\n- Daily RSI: 73.9 (Overbought)\n- Trend: Strong Uptrend\n- MACD: Bearish Crossover\n- Mean Reversion: 13.6% from SMA50 (Normal)\n\n[NEWS]:\n\nNo relative news reported.\n\n[QUANT SIGNALS - STRUCTURAL]:\n- Price Move: META decreased by 2.43% (699.33 -> 682.35)\n- Alpha vs Nasdaq-100: -1.03% (Underperformed)\n- Market Context (VIX): N/A\n- Volume Status: HUGE (Z-Score: 3.0)\n- Volatility (ATR): 15.56 (Normal)\n- Weekly RSI (Trend Strength): 56.4 (Neutral)\n\n[TECHNICALS - DAILY]:\n- Daily RSI: 62.9 (Neutral)\n- Trend: Strong Uptrend\n- MACD: Bearish Crossover\n- Mean Reversion: 10.9% from SMA50 (Normal)\n\n[NEWS]:\n\nNo relative news reported.\n\n[QUANT SIGNALS - STRUCTURAL]:\n- Price Move: META increased by 7.30% (683.69 -> 733.63)\n- Alpha vs Nasdaq-100: +4.21% (Outperformed)\n- Market Context (VIX): N/A\n- Volume Status: High (Z-Score: 1.7)\n- Volatility (ATR): 14.36 (Normal)\n- Weekly RSI (Trend Strength): 58.7 (Neutral)\n\n[TECHNICALS - DAILY]:\n- Daily RSI: 63.9 (Neutral)\n- Trend: Strong Uptrend\n- MACD: Bullish Crossover\n- Mean Reversion: 16.0% from SMA50 (Overextended)\n\n[NEWS]:\n\nNo relative news reported.\n\n[QUANT SIGNALS - STRUCTURAL]:\n- Price Move: META decreased by 3.43% (744.55 -> 719.01)\n- Alpha vs Nasdaq-100: -4.26% (Underperformed)\n- Market Context (VIX): N/A\n- Volume Status: Normal (Z-Score: -1.0)\n- Volatility (ATR): 15.20 (Normal)\n- Weekly RSI (Trend Strength): 64.6 (Neutral)\n\n[TECHNICALS - DAILY]:\n- Daily RSI: 59.0 (Neutral)\n- Trend: Strong Uptrend\n- MACD: Bearish Crossover\n- Mean Reversion: 10.6% from SMA50 (Normal)\n\n[NEWS]:\n\nNo relative news reported.\nSome recent basic financials of META, reported at 2025-06-30, are presented below:\n\n[Basic Financials]:\n\nassetTurnoverTTM: 0.6458\nbookValue: 195070\ncashRatio: 0.3218067283206005\ncurrentRatio: 1.9733\nebitPerShare: 7.9537\neps: 7.135\nev: 1872626.8\nevEbitdaTTM: 19.6346\nevRevenueTTM: 10.4731\nfcfMargin: 0.1899\nfcfPerShareTTM: 19.9273\ngrossMargin: 0.8213\nlongtermDebtTotalAsset: 0.0978\nlongtermDebtTotalCapital: 0.1288\nlongtermDebtTotalEquity: 0.1478\nnetDebtToTotalCapital: 0.0752\nnetDebtToTotalEquity: 0.0863\nnetMargin: 0.3859\noperatingMargin: 0.4302\npayoutRatioTTM: 0.0726\npb: 9.5135\npeTTM: 25.9527\npfcfTTM: 37.0146\npretaxMargin: 0.4321\npsTTM: 10.379\nquickRatio: 1.71\nreceivablesTurnoverTTM: 11.5112\nroaTTM: 0.2583\nroeTTM: 0.3933\nroicTTM: 0.3395\nrotcTTM: 0.3737\nsalesPerShare: 18.4887\nsgaToSale: 0.1787\ntotalDebtToEquity: 0.1478\ntotalDebtToTotalAsset: 0.0978\ntotalDebtToTotalCapital: 0.1288\ntotalRatio: 2.9571\n\nBased on all the information before 2025-07-07, let's first analyze the positive developments and potential concerns for META. Come up with 2-4 most important factors respectively and keep them concise. Integrate both quantitative signals and news to explain the movement. Then let's assume your prediction for the coming trading week (2025-07-07 pre-market to 2025-07-11 close) is down by 0-1%. Pay special attention to [WEEKEND NEWS - PRE-MARKET], because this information is available before Monday open. Provide a summary analysis to support your prediction. Before writing the analysis, cross-reference the [QUANT SIGNALS] with the [NEWS]. If the prediction is down by 0-1% but the technicals show a conflict (e.g., predicting 'Up' when Trend is 'Strong Downtrend'), explain this divergence logically (e.g., as a 'trend reversal' or 'short squeeze') rather than ignoring the data. The prediction result need to be inferred from your analysis at the end, and thus not appearing as a foundational factor of your analysis.","[Positive Developments]:
1. **Strong Profitability & Financial Health**: META's financials are robust, with high returns (ROE 39.33%, ROIC 33.95%), excellent margins (Net Margin 38.6%), and a fortress balance sheet (low debt, strong liquidity with Current Ratio of 1.97).
2. **Significant Outperformance & Momentum**: The stock demonstrated powerful momentum with a +7.30% surge on high volume, significantly outperforming the Nasdaq-100 (+4.21% Alpha), reaffirming its strong uptrend.
3. **Favorable Valuation Support**: Key valuation metrics like P/FCF (37.0) and P/E (26.0) are reasonable for a high-growth tech leader, providing a fundamental floor.

[Potential Concerns]:
1. **Technical Overextension and Momentum Decay**: The stock recently became overextended (+16% from SMA50) and has shown signs of momentum fading, evidenced by multiple bearish MACD crossovers and an earlier overbought daily RSI (73.9).
2. **Recent Underperformance on Pullbacks**: On down days, META has consistently underperformed its index (e.g., -4.26% Alpha), suggesting it may be a source of funds or particularly vulnerable to profit-taking during market softness.
3. **Absence of Fresh Catalysts**: The lack of company-specific news during the observed period means the recent rally and subsequent pullback were driven by market/technical flows, not fundamental improvements, leaving the stock susceptible to broader market sentiment.

[Prediction & Analysis]:
The prediction for a slight decline of 0-1% in the upcoming week is based on a confluence of technical and flow factors, despite the stock being in a strong structural uptrend. The core thesis is **consolidation within the trend**.

1.  **Technical Reality**: The most recent data shows a bearish MACD crossover, a neutral daily RSI (59.0), and a pullback from recent highs on normal volume. While the weekly trend remains strong (Weekly RSI 64.6), the daily chart suggests short-term exhaustion. The stock is no longer overextended (10.6% above SMA50), reducing immediate mean reversion pressure but also removing a key propellant for continued rallies.
2.  **Relative Performance Analysis**: The pattern of underperforming the Nasdaq-100 on down days (-4.26% Alpha) is a concern. It indicates that when market sentiment sours, META is being sold more aggressively than peers. This behavior, coupled with the lack of a new fundamental narrative, makes a swift recovery from the recent -3.43% drop less likely.
3.  **Market Mechanics as Driver**: With no new company news, the recent price action is best explained by institutional flows and technical repositioning. The huge volume day during a prior decline (Z-Score 3.0) signals significant distribution. The predicted minor down move reflects a continuation of this consolidation phase, where the stock digests its substantial year-to-date gains amidst a potential vacuum of immediate positive catalysts.

**Divergence Explanation**: The prediction of a slight decline conflicts with the ""Strong Uptrend"" label but does not contradict it. This is interpreted as a **short-term consolidation or pause** within a longer-term uptrend. The strong financials and established uptrend provide underlying support, limiting downside risk to a modest pullback rather than a trend reversal.

[Primary Driver]:
Mixed",down by 0-1%,2025-07-07,2025-07-11,123,Mixed
"[Company Introduction]:\n\nMeta Platforms Inc is a leading entity in the Media sector. Incorporated and publicly traded since 2012-05-18, the company has established its reputation as one of the key players in the market. As of today, Meta Platforms Inc has a market capitalization of 1617119.55 in USD, with 2529.56 shares outstanding.\n\nMeta Platforms Inc operates primarily in the US, trading under the ticker META on the NASDAQ NMS - GLOBAL MARKET. As a dominant force in the Media space, the company continues to innovate and drive progress within the industry.\n\n[QUANT SIGNALS - STRUCTURAL]:\n- Price Move: META decreased by 3.43% (744.55 -> 719.01)\n- Alpha vs Nasdaq-100: -4.26% (Underperformed)\n- Market Context (VIX): N/A\n- Volume Status: Normal (Z-Score: -1.0)\n- Volatility (ATR): 15.20 (Normal)\n- Weekly RSI (Trend Strength): 64.6 (Neutral)\n\n[TECHNICALS - DAILY]:\n- Daily RSI: 59.0 (Neutral)\n- Trend: Strong Uptrend\n- MACD: Bearish Crossover\n- Mean Reversion: 10.6% from SMA50 (Normal)\n\n[NEWS]:\n\nNo relative news reported.\n\n[QUANT SIGNALS - STRUCTURAL]:\n- Price Move: META decreased by 0.01% (717.60 -> 717.51)\n- Alpha vs Nasdaq-100: -0.41% (Underperformed)\n- Market Context (VIX): N/A\n- Volume Status: Normal (Z-Score: -0.2)\n- Volatility (ATR): 14.82 (Normal)\n- Weekly RSI (Trend Strength): 65.3 (Neutral)\n\n[TECHNICALS - DAILY]:\n- Daily RSI: 64.3 (Neutral)\n- Trend: Strong Uptrend\n- MACD: Bearish Crossover\n- Mean Reversion: 7.3% from SMA50 (Normal)\n\n[NEWS]:\n\nNo relative news reported.\n\n[QUANT SIGNALS - STRUCTURAL]:\n- Price Move: META decreased by 1.86% (717.60 -> 704.28)\n- Alpha vs Nasdaq-100: -2.76% (Underperformed)\n- Market Context (VIX): N/A\n- Volume Status: Normal (Z-Score: 0.2)\n- Volatility (ATR): 13.91 (Normal)\n- Weekly RSI (Trend Strength): 76.9 (Overbought)\n\n[TECHNICALS - DAILY]:\n- Daily RSI: 33.8 (Neutral)\n- Trend: Strong Uptrend\n- MACD: Bearish Crossover\n- Mean Reversion: 3.4% from SMA50 (Normal)\n\n[NEWS]:\n\nNo relative news reported.\n[Basic Financials]:\n\nNo basic financial reported.\n\nBased on all the information before 2025-07-21, let's first analyze the positive developments and potential concerns for META. Come up with 2-4 most important factors respectively and keep them concise. Integrate both quantitative signals and news to explain the movement. Then let's assume your prediction for the coming trading week (2025-07-21 pre-market to 2025-07-25 close) is up by 0-1%. Pay special attention to [WEEKEND NEWS - PRE-MARKET], because this information is available before Monday open. Provide a summary analysis to support your prediction. Before writing the analysis, cross-reference the [QUANT SIGNALS] with the [NEWS]. If the prediction is up by 0-1% but the technicals show a conflict (e.g., predicting 'Up' when Trend is 'Strong Downtrend'), explain this divergence logically (e.g., as a 'trend reversal' or 'short squeeze') rather than ignoring the data. The prediction result need to be inferred from your analysis at the end, and thus not appearing as a foundational factor of your analysis.","[Positive Developments]:
1.  **Strong Underlying Uptrend Intact:** Despite the recent pullback, the technical structure remains in a ""Strong Uptrend."" The price is still above its 50-day Simple Moving Average (SMA50), with mean reversion levels described as ""Normal,"" indicating the decline is within a healthy correction in a broader uptrend.
2.  **Oversold Daily Conditions Providing Support:** The most recent daily RSI reading of 33.8 is neutral but approaching oversold territory. This, coupled with the price nearing a ""Normal"" distance from the SMA50 (3.4%), suggests the short-term selling pressure may be exhausting, setting up for a potential technical bounce or consolidation.

[Potential Concerns]:
1.  **Persistent Underperformance and Bearish Momentum:** META has consistently shown negative Alpha versus the Nasdaq-100 across all reported periods, underperforming by -2.76% to -4.26% during down moves. This is confirmed by a ""Bearish Crossover"" on the MACD, signaling deteriorating momentum despite the longer-term uptrend.
2.  **Profit-Taking After Overbought Peak:** The weekly RSI spiked to an ""Overbought"" level of 76.9 during the period of the largest decline (-1.86%). This indicates the stock was ripe for a correction, and the subsequent sell-off is likely driven by profit-taking from overextended levels, absent a company-specific catalyst.

[Prediction & Analysis]:
Prediction for the upcoming week (2025-07-21 to 2025-07-25): **Up 0-1%**.

The analysis points to a week of muted recovery or consolidation. The primary narrative is one of **corrective flow meeting technical support**. The stock experienced a clear, news-agnostic sell-off driven by profit-taking (evidenced by the overbought weekly RSI and negative Alpha) and broad market/beta-driven weakness (indicated by consistent underperformance versus the NDX). This aligns with a ""Flow"" and ""Technical"" driven move.

While the trend is still technically bullish, the bearish MACD crossover and persistent underperformance warn against expecting a sharp, immediate rebound to new highs. The prediction of a slight uptick is based on the stock finding support at a key moving average (SMA50) and the daily RSI cooling from overbought levels, creating a setup for a minor technical bounce or sideways action as the bearish momentum decelerates. The ""Normal"" volume and volatility readings support a view of orderly, non-panic selling, which typically leads to stabilization rather than a crash. The upcoming week is likely to see META digest its recent losses, attempting a modest recovery as it works through this corrective phase within its larger uptrend.

[Primary Driver]:
**Mixed** (Technical & Flow). The move was initiated by flow-driven profit-taking from overbought levels (Flow) and is now entering a phase where technical support levels (SMA50, daily RSI) are likely to dictate near-term price action (Technical).",up by 0-1%,2025-07-21,2025-07-25,125,"**Mixed** (Technical & Flow). The move was initiated by flow-driven profit-taking from overbought levels (Flow) and is now entering a phase where technical support levels (SMA50, daily RSI) are likely to dictate near-term price action (Technical)."
"[Company Introduction]:\n\nMeta Platforms Inc is a leading entity in the Media sector. Incorporated and publicly traded since 2012-05-18, the company has established its reputation as one of the key players in the market. As of today, Meta Platforms Inc has a market capitalization of 1617119.55 in USD, with 2529.56 shares outstanding.\n\nMeta Platforms Inc operates primarily in the US, trading under the ticker META on the NASDAQ NMS - GLOBAL MARKET. As a dominant force in the Media space, the company continues to innovate and drive progress within the industry.\n\n[QUANT SIGNALS - STRUCTURAL]:\n- Price Move: META decreased by 0.01% (717.60 -> 717.51)\n- Alpha vs Nasdaq-100: -0.41% (Underperformed)\n- Market Context (VIX): N/A\n- Volume Status: Normal (Z-Score: -0.2)\n- Volatility (ATR): 14.82 (Normal)\n- Weekly RSI (Trend Strength): 65.3 (Neutral)\n\n[TECHNICALS - DAILY]:\n- Daily RSI: 64.3 (Neutral)\n- Trend: Strong Uptrend\n- MACD: Bearish Crossover\n- Mean Reversion: 7.3% from SMA50 (Normal)\n\n[NEWS]:\n\nNo relative news reported.\n\n[QUANT SIGNALS - STRUCTURAL]:\n- Price Move: META decreased by 1.86% (717.60 -> 704.28)\n- Alpha vs Nasdaq-100: -2.76% (Underperformed)\n- Market Context (VIX): N/A\n- Volume Status: Normal (Z-Score: 0.2)\n- Volatility (ATR): 13.91 (Normal)\n- Weekly RSI (Trend Strength): 76.9 (Overbought)\n\n[TECHNICALS - DAILY]:\n- Daily RSI: 33.8 (Neutral)\n- Trend: Strong Uptrend\n- MACD: Bearish Crossover\n- Mean Reversion: 3.4% from SMA50 (Normal)\n\n[NEWS]:\n\nNo relative news reported.\n\n[QUANT SIGNALS - STRUCTURAL]:\n- Price Move: META increased by 0.83% (706.80 -> 712.68)\n- Alpha vs Nasdaq-100: +0.44% (Outperformed)\n- Market Context (VIX): N/A\n- Volume Status: Normal (Z-Score: -1.0)\n- Volatility (ATR): 12.70 (Normal)\n- Weekly RSI (Trend Strength): 71.7 (Overbought)\n\n[TECHNICALS - DAILY]:\n- Daily RSI: 46.6 (Neutral)\n- Trend: Strong Uptrend\n- MACD: Bearish Crossover\n- Mean Reversion: 3.2% from SMA50 (Normal)\n\n[NEWS]:\n\nNo relative news reported.\n[Basic Financials]:\n\nNo basic financial reported.\n\nBased on all the information before 2025-07-28, let's first analyze the positive developments and potential concerns for META. Come up with 2-4 most important factors respectively and keep them concise. Integrate both quantitative signals and news to explain the movement. Then let's assume your prediction for the coming trading week (2025-07-28 pre-market to 2025-08-01 close) is up by 4-5%. Pay special attention to [WEEKEND NEWS - PRE-MARKET], because this information is available before Monday open. Provide a summary analysis to support your prediction. Before writing the analysis, cross-reference the [QUANT SIGNALS] with the [NEWS]. If the prediction is up by 4-5% but the technicals show a conflict (e.g., predicting 'Up' when Trend is 'Strong Downtrend'), explain this divergence logically (e.g., as a 'trend reversal' or 'short squeeze') rather than ignoring the data. The prediction result need to be inferred from your analysis at the end, and thus not appearing as a foundational factor of your analysis.","[Positive Developments]:
1. **Strong Uptrend Intact**: The primary technical structure remains a ""Strong Uptrend"" across all periods, with the price consistently above the SMA50 by a normal margin (3-7%). This indicates underlying bullish momentum is not broken.
2. **Healthy Pullback Dynamics**: The daily RSI cooled from a neutral 64.3 to 33.8 and back to 46.6, showing a controlled sell-off and subsequent stabilization without reaching oversold extremes. This can create a foundation for the next leg higher.
3. **Low Relative Volatility**: The Average True Range (ATR) is marked as ""Normal"" and decreased over the periods, suggesting the recent price moves were not driven by panic or chaotic selling, supporting an orderly trend.

[Potential Concerns]:
1. **Bearish Momentum Divergence**: The MACD indicator shows a ""Bearish Crossover"" persisting through all reported periods, signaling weakening short-term momentum despite the overall uptrend.
2. **Overbought Weekly Conditions**: The Weekly RSI reached ""Overbought"" levels (76.9 and 71.7), which historically increases the risk of a consolidation phase or a pullback to alleviate that condition.
3. **Relative Underperformance**: META underperformed the Nasdaq-100 by a significant margin (-2.76%) during its largest down move, indicating it was a source of funds or lagged during a potential risk-on period, revealing some hidden weakness.

[Prediction & Analysis]:
The prediction for META to rise 4-5% in the coming week is based on a technical rebound within a prevailing strong uptrend, despite the absence of company-specific news. The key to this move will be a resolution of the current momentum conflict.

The primary conflict is between the bearish daily MACD/overbought weekly RSI and the strong uptrend. The analysis suggests this will resolve with a technical rebound for the following reasons: First, the daily RSI has already corrected significantly (from 64 to 34) and is now in a neutral zone (46.6), resetting the short-term conditions. Second, the price found support near the 3-4% band above the SMA50, a classic buy-the-dip level in a strong trend. The strong uptrend is the dominant technical reality, and the recent underperformance and MACD bearishness likely represented a healthy digestion of prior gains rather than a trend reversal.

Since there is no fundamental news, the anticipated 4-5% move must be attributed to market mechanics. The most logical driver would be a **beta-driven momentum catch-up**. After underperforming its index, META could be poised for a rebound as money flows back into large-cap tech leaders, especially if the broader market (NDX) holds steady or advances. The normal volume Z-scores indicate no capitulation or euphoric buying, allowing for a controlled, flow-driven advance.

[Primary Driver]:
Mixed (Strong technical trend setup combined with anticipated sector/market flows in the absence of news).",up by 4-5%,2025-07-28,2025-08-01,126,Mixed (Strong technical trend setup combined with anticipated sector/market flows in the absence of news).
"[Company Introduction]:\n\nMeta Platforms Inc is a leading entity in the Media sector. Incorporated and publicly traded since 2012-05-18, the company has established its reputation as one of the key players in the market. As of today, Meta Platforms Inc has a market capitalization of 1617119.55 in USD, with 2529.56 shares outstanding.\n\nMeta Platforms Inc operates primarily in the US, trading under the ticker META on the NASDAQ NMS - GLOBAL MARKET. As a dominant force in the Media space, the company continues to innovate and drive progress within the industry.\n\n[QUANT SIGNALS - STRUCTURAL]:\n- Price Move: META decreased by 1.86% (717.60 -> 704.28)\n- Alpha vs Nasdaq-100: -2.76% (Underperformed)\n- Market Context (VIX): N/A\n- Volume Status: Normal (Z-Score: 0.2)\n- Volatility (ATR): 13.91 (Normal)\n- Weekly RSI (Trend Strength): 76.9 (Overbought)\n\n[TECHNICALS - DAILY]:\n- Daily RSI: 33.8 (Neutral)\n- Trend: Strong Uptrend\n- MACD: Bearish Crossover\n- Mean Reversion: 3.4% from SMA50 (Normal)\n\n[NEWS]:\n\nNo relative news reported.\n\n[QUANT SIGNALS - STRUCTURAL]:\n- Price Move: META increased by 0.83% (706.80 -> 712.68)\n- Alpha vs Nasdaq-100: +0.44% (Outperformed)\n- Market Context (VIX): N/A\n- Volume Status: Normal (Z-Score: -1.0)\n- Volatility (ATR): 12.70 (Normal)\n- Weekly RSI (Trend Strength): 71.7 (Overbought)\n\n[TECHNICALS - DAILY]:\n- Daily RSI: 46.6 (Neutral)\n- Trend: Strong Uptrend\n- MACD: Bearish Crossover\n- Mean Reversion: 3.2% from SMA50 (Normal)\n\n[NEWS]:\n\nNo relative news reported.\n\n[QUANT SIGNALS - STRUCTURAL]:\n- Price Move: META increased by 4.87% (715.20 -> 750.01)\n- Alpha vs Nasdaq-100: +7.38% (Outperformed)\n- Market Context (VIX): N/A\n- Volume Status: Normal (Z-Score: 0.8)\n- Volatility (ATR): 19.95 (Normal)\n- Weekly RSI (Trend Strength): 81.4 (Overbought)\n\n[TECHNICALS - DAILY]:\n- Daily RSI: 58.1 (Neutral)\n- Trend: Strong Uptrend\n- MACD: Bullish Crossover\n- Mean Reversion: 7.3% from SMA50 (Normal)\n\n[NEWS]:\n\nNo relative news reported.\n[Basic Financials]:\n\nNo basic financial reported.\n\nBased on all the information before 2025-08-04, let's first analyze the positive developments and potential concerns for META. Come up with 2-4 most important factors respectively and keep them concise. Integrate both quantitative signals and news to explain the movement. Then let's assume your prediction for the coming trading week (2025-08-04 pre-market to 2025-08-08 close) is up by 1-2%. Pay special attention to [WEEKEND NEWS - PRE-MARKET], because this information is available before Monday open. Provide a summary analysis to support your prediction. Before writing the analysis, cross-reference the [QUANT SIGNALS] with the [NEWS]. If the prediction is up by 1-2% but the technicals show a conflict (e.g., predicting 'Up' when Trend is 'Strong Downtrend'), explain this divergence logically (e.g., as a 'trend reversal' or 'short squeeze') rather than ignoring the data. The prediction result need to be inferred from your analysis at the end, and thus not appearing as a foundational factor of your analysis.","[Positive Developments]:
1. **Strong Weekly Uptrend & Momentum Shift**: The stock is in a strong weekly uptrend, with the most recent daily MACD showing a bullish crossover, indicating potential for continued upward momentum in the near term.
2. **Significant Alpha Generation**: In the latest period, META strongly outperformed the Nasdaq-100 by +7.38%, suggesting positive relative strength and investor favorability independent of the broader market.

[Potential Concerns]:
1. **Extreme Weekly Overbought Condition**: The Weekly RSI is at a very elevated level of 81.4, indicating the stock is extremely overbought on a longer-term timeframe. This significantly increases the risk of a technical pullback or consolidation.
2. **Elevated Deviation from Mean**: The price is 7.3% above its 50-day SMA, a level that, while tagged ""Normal"" in the data, is historically stretched and can precede a reversion toward the mean, especially when coupled with an overbought RSI.

[Prediction & Analysis]:
My analysis predicts a modest gain of 1-2% for META in the coming week. This forecast is made cautiously and is not without significant risk, primarily due to the conflict with the extremely overbought weekly RSI. The logic for a continued, albeit moderated, upward move rests on the following synthesis of data:
- **Momentum Override**: The recent powerful +4.87% rally on normal volume, accompanied by a bullish daily MACD crossover and massive Alpha, demonstrates strong institutional or algorithmic buying interest. This momentum can extend in the short term, even from overbought levels, before exhaustion sets in.
- **Flow-Driven Move in Absence of News**: With no company-specific news reported for any of the periods, the substantial price swings (-1.86%, +0.83%, +4.87%) must be ascribed to market mechanics. The pattern suggests this is likely driven by **sector-level repricing** (positive sentiment toward mega-cap tech/AI) and **institutional flows**, as indicated by the significant Alpha generation against the index. The lack of a negative catalyst and the stock's demonstrated ability to attract buyers support a view of continued, but more tempered, upward pressure.
- **Technical Divergence Management**: Predicting a 1-2% rise against an 81.4 Weekly RSI is a recognition that powerful momentum trends can defy overbought readings for a time. The prediction is for a *deceleration* of the rally (from +4.87% to +1-2%), not an acceleration, which accounts for the increasing technical headwinds. The most probable path is a grind higher with increased volatility, rather than a sharp, immediate reversal.

[Primary Driver]:
Flow",up by 1-2%,2025-08-04,2025-08-08,127,Flow
"[Company Introduction]:\n\nMeta Platforms Inc is a leading entity in the Media sector. Incorporated and publicly traded since 2012-05-18, the company has established its reputation as one of the key players in the market. As of today, Meta Platforms Inc has a market capitalization of 1617119.55 in USD, with 2529.56 shares outstanding.\n\nMeta Platforms Inc operates primarily in the US, trading under the ticker META on the NASDAQ NMS - GLOBAL MARKET. As a dominant force in the Media space, the company continues to innovate and drive progress within the industry.\n\n[QUANT SIGNALS - STRUCTURAL]:\n- Price Move: META increased by 1.22% (760.00 -> 769.30)\n- Alpha vs Nasdaq-100: -0.63% (Underperformed)\n- Market Context (VIX): N/A\n- Volume Status: Normal (Z-Score: -0.8)\n- Volatility (ATR): 21.59 (Normal)\n- Weekly RSI (Trend Strength): 80.9 (Overbought)\n\n[TECHNICALS - DAILY]:\n- Daily RSI: 63.1 (Neutral)\n- Trend: Strong Uptrend\n- MACD: Bullish Crossover\n- Mean Reversion: 8.0% from SMA50 (Normal)\n\n[NEWS]:\n\nNo relative news reported.\n[Basic Financials]:\n\nNo basic financial reported.\n\nBased on all the information before 2025-08-11, let's first analyze the positive developments and potential concerns for META. Come up with 2-4 most important factors respectively and keep them concise. Integrate both quantitative signals and news to explain the movement. Then let's assume your prediction for the coming trading week (2025-08-11 pre-market to 2025-08-15 close) is up by 1-2%. Pay special attention to [WEEKEND NEWS - PRE-MARKET], because this information is available before Monday open. Provide a summary analysis to support your prediction. Before writing the analysis, cross-reference the [QUANT SIGNALS] with the [NEWS]. If the prediction is up by 1-2% but the technicals show a conflict (e.g., predicting 'Up' when Trend is 'Strong Downtrend'), explain this divergence logically (e.g., as a 'trend reversal' or 'short squeeze') rather than ignoring the data. The prediction result need to be inferred from your analysis at the end, and thus not appearing as a foundational factor of your analysis.","[Positive Developments]:
1. Strong Technical Momentum: Daily charts show a bullish MACD crossover and a strong uptrend, supported by neutral daily RSI (63.1), indicating room for further price advancement without immediate overbought conditions.
2. Healthy Market Structure: The stock trades 8.0% above its 50-day moving average, a normal distance that suggests the uptrend is not excessively extended for a mean reversion pullback. Normal volume and ATR indicate stable participation.

[Potential Concerns]:
1. Overbought Weekly Condition: The weekly RSI of 80.9 is deeply in overbought territory, a structural warning that the stock is vulnerable to a short-term consolidation or pullback.
2. Relative Weakness: The stock underperformed the Nasdaq-100 by 0.63% on a day it rose, which could signal waning momentum or profit-taking relative to the broader tech sector.

[Prediction & Analysis]:
The prediction for a modest 1-2% gain in the coming week faces a clear conflict with the severely overbought weekly RSI. This divergence can be logically reconciled. The strong daily technicals (bullish MACD, neutral RSI) suggest underlying bullish pressure may persist in the very near term, potentially allowing for a final push higher. However, the weekly overbought condition acts as a governor, severely limiting the upside potential and increasing the probability of volatility or a pullback later in the week. The absence of company-specific news shifts the primary driver to market mechanics. The stock's movement will likely be dictated by its strong beta to the tech sector (Flow) and its attempt to resolve the tension between daily momentum and weekly exhaustion (Technical). A 1-2% move is plausible as an extension of the daily trend, but it is expected to be choppy and may involve intra-week weakness. The underperformance vs. the NDX is a cautionary signal that supports a tempered bullish outlook.

[Primary Driver]:
Mixed",up by 1-2%,2025-08-11,2025-08-15,128,Mixed
"[Company Introduction]:\n\nMeta Platforms Inc is a leading entity in the Media sector. Incorporated and publicly traded since 2012-05-18, the company has established its reputation as one of the key players in the market. As of today, Meta Platforms Inc has a market capitalization of 1617119.55 in USD, with 2529.56 shares outstanding.\n\nMeta Platforms Inc operates primarily in the US, trading under the ticker META on the NASDAQ NMS - GLOBAL MARKET. As a dominant force in the Media space, the company continues to innovate and drive progress within the industry.\n\n[QUANT SIGNALS - STRUCTURAL]:\n- Price Move: META decreased by 2.43% (699.33 -> 682.35)\n- Alpha vs Nasdaq-100: -1.03% (Underperformed)\n- Market Context (VIX): N/A\n- Volume Status: HUGE (Z-Score: 3.0)\n- Volatility (ATR): 15.56 (Normal)\n- Weekly RSI (Trend Strength): 56.4 (Neutral)\n\n[TECHNICALS - DAILY]:\n- Daily RSI: 62.9 (Neutral)\n- Trend: Strong Uptrend\n- MACD: Bearish Crossover\n- Mean Reversion: 10.9% from SMA50 (Normal)\n\n[NEWS]:\n\nNo relative news reported.\n\n[QUANT SIGNALS - STRUCTURAL]:\n- Price Move: META increased by 7.30% (683.69 -> 733.63)\n- Alpha vs Nasdaq-100: +4.21% (Outperformed)\n- Market Context (VIX): N/A\n- Volume Status: High (Z-Score: 1.7)\n- Volatility (ATR): 14.36 (Normal)\n- Weekly RSI (Trend Strength): 58.7 (Neutral)\n\n[TECHNICALS - DAILY]:\n- Daily RSI: 63.9 (Neutral)\n- Trend: Strong Uptrend\n- MACD: Bullish Crossover\n- Mean Reversion: 16.0% from SMA50 (Overextended)\n\n[NEWS]:\n\nNo relative news reported.\n\n[QUANT SIGNALS - STRUCTURAL]:\n- Price Move: META decreased by 3.43% (744.55 -> 719.01)\n- Alpha vs Nasdaq-100: -4.26% (Underperformed)\n- Market Context (VIX): N/A\n- Volume Status: Normal (Z-Score: -1.0)\n- Volatility (ATR): 15.20 (Normal)\n- Weekly RSI (Trend Strength): 64.6 (Neutral)\n\n[TECHNICALS - DAILY]:\n- Daily RSI: 59.0 (Neutral)\n- Trend: Strong Uptrend\n- MACD: Bearish Crossover\n- Mean Reversion: 10.6% from SMA50 (Normal)\n\n[NEWS]:\n\nNo relative news reported.\n\n[QUANT SIGNALS - STRUCTURAL]:\n- Price Move: META decreased by 0.01% (717.60 -> 717.51)\n- Alpha vs Nasdaq-100: -0.41% (Underperformed)\n- Market Context (VIX): N/A\n- Volume Status: Normal (Z-Score: -0.2)\n- Volatility (ATR): 14.82 (Normal)\n- Weekly RSI (Trend Strength): 65.3 (Neutral)\n\n[TECHNICALS - DAILY]:\n- Daily RSI: 64.3 (Neutral)\n- Trend: Strong Uptrend\n- MACD: Bearish Crossover\n- Mean Reversion: 7.3% from SMA50 (Normal)\n\n[NEWS]:\n\nNo relative news reported.\nSome recent basic financials of META, reported at 2025-06-30, are presented below:\n\n[Basic Financials]:\n\nassetTurnoverTTM: 0.6458\nbookValue: 195070\ncashRatio: 0.3218067283206005\ncurrentRatio: 1.9733\nebitPerShare: 7.9537\neps: 7.135\nev: 1872626.8\nevEbitdaTTM: 19.6346\nevRevenueTTM: 10.4731\nfcfMargin: 0.1899\nfcfPerShareTTM: 19.9273\ngrossMargin: 0.8213\nlongtermDebtTotalAsset: 0.0978\nlongtermDebtTotalCapital: 0.1288\nlongtermDebtTotalEquity: 0.1478\nnetDebtToTotalCapital: 0.0752\nnetDebtToTotalEquity: 0.0863\nnetMargin: 0.3859\noperatingMargin: 0.4302\npayoutRatioTTM: 0.0726\npb: 9.5135\npeTTM: 25.9527\npfcfTTM: 37.0146\npretaxMargin: 0.4321\npsTTM: 10.379\nquickRatio: 1.71\nreceivablesTurnoverTTM: 11.5112\nroaTTM: 0.2583\nroeTTM: 0.3933\nroicTTM: 0.3395\nrotcTTM: 0.3737\nsalesPerShare: 18.4887\nsgaToSale: 0.1787\ntotalDebtToEquity: 0.1478\ntotalDebtToTotalAsset: 0.0978\ntotalDebtToTotalCapital: 0.1288\ntotalRatio: 2.9571\n\nBased on all the information before 2025-07-14, let's first analyze the positive developments and potential concerns for META. Come up with 2-4 most important factors respectively and keep them concise. Integrate both quantitative signals and news to explain the movement. Then let's assume your prediction for the coming trading week (2025-07-14 pre-market to 2025-07-18 close) is down by 1-2%. Pay special attention to [WEEKEND NEWS - PRE-MARKET], because this information is available before Monday open. Provide a summary analysis to support your prediction. Before writing the analysis, cross-reference the [QUANT SIGNALS] with the [NEWS]. If the prediction is down by 1-2% but the technicals show a conflict (e.g., predicting 'Up' when Trend is 'Strong Downtrend'), explain this divergence logically (e.g., as a 'trend reversal' or 'short squeeze') rather than ignoring the data. The prediction result need to be inferred from your analysis at the end, and thus not appearing as a foundational factor of your analysis.","[Positive Developments]:
1. Strong fundamental health with high profitability margins (gross margin 0.82, net margin 0.39) and robust efficiency metrics (ROE 0.39, ROIC 0.34), providing a solid financial foundation.
2. Sustained strong uptrend in technical structure across all observed periods, indicating persistent bullish momentum and investor confidence.
3. Significant outperformance (+4.21% alpha) with high volume (Z-Score 1.7) in the second period, reflecting institutional accumulation and positive market sentiment.

[Potential Concerns]:
1. Consistent underperformance relative to the Nasdaq-100 in three of four periods (negative alpha up to -4.26%), suggesting relative weakness and potential sector or broad market headwinds.
2. Bearish MACD crossovers in the first, third, and fourth periods, signaling deteriorating short-term momentum and increasing risk of a pullback.
3. High volume (Z-Score 3.0) during the initial price decline, indicating elevated selling pressure that may not be fully absorbed, coupled with an overextended condition (16% above SMA50) in the second period that invited profit-taking.

[Prediction & Analysis]:
Based on the data up to 2025-07-14, META's stock exhibits a conflicting technical landscape. The overarching trend remains strongly bullish, and fundamentals are robust, but recent price action shows underperformance, bearish MACD crossovers, and neutral RSI levels (daily 64.3, weekly 65.3) that are approaching overbought territory without a clear catalyst. The absence of company-specific news implies that recent moves are driven by market mechanics: the 7.30% surge in the second period likely represented a beta-driven momentum spike or sector rotation, followed by profit-taking and mean reversion as the price became overextended. Currently, mean reversion is at a normal 7.3% above SMA50, reducing immediate correction risks, but the bearish MACD and consistent underperformance hint at continued short-term weakness. Given the strong uptrend, a sharp decline is unlikely without a catalyst, but the technical setup favors a brief consolidation. Therefore, for the upcoming trading week, a downward movement of 1-2% is anticipated as a minor correction within the broader uptrend, driven by technical exhaustion and flow-based selling.

[Primary Driver]:
Technical",down by 1-2%,2025-07-14,2025-07-18,124,Technical
"[Company Introduction]:\n\nMeta Platforms Inc is a leading entity in the Media sector. Incorporated and publicly traded since 2012-05-18, the company has established its reputation as one of the key players in the market. As of today, Meta Platforms Inc has a market capitalization of 1617119.55 in USD, with 2529.56 shares outstanding.\n\nMeta Platforms Inc operates primarily in the US, trading under the ticker META on the NASDAQ NMS - GLOBAL MARKET. As a dominant force in the Media space, the company continues to innovate and drive progress within the industry.\n\n[QUANT SIGNALS - STRUCTURAL]:\n- Price Move: META increased by 1.22% (760.00 -> 769.30)\n- Alpha vs Nasdaq-100: -0.63% (Underperformed)\n- Market Context (VIX): N/A\n- Volume Status: Normal (Z-Score: -0.8)\n- Volatility (ATR): 21.59 (Normal)\n- Weekly RSI (Trend Strength): 80.9 (Overbought)\n\n[TECHNICALS - DAILY]:\n- Daily RSI: 63.1 (Neutral)\n- Trend: Strong Uptrend\n- MACD: Bullish Crossover\n- Mean Reversion: 8.0% from SMA50 (Normal)\n\n[NEWS]:\n\nNo relative news reported.\n\n[QUANT SIGNALS - STRUCTURAL]:\n- Price Move: META increased by 1.97% (770.08 -> 785.23)\n- Alpha vs Nasdaq-100: +1.18% (Outperformed)\n- Market Context (VIX): N/A\n- Volume Status: Normal (Z-Score: 0.1)\n- Volatility (ATR): 23.64 (High)\n- Weekly RSI (Trend Strength): 79.0 (Overbought)\n\n[TECHNICALS - DAILY]:\n- Daily RSI: 64.6 (Neutral)\n- Trend: Strong Uptrend\n- MACD: Bullish Crossover\n- Mean Reversion: 8.5% from SMA50 (Normal)\n\n[NEWS]:\n\nNo relative news reported.\n\n[QUANT SIGNALS - STRUCTURAL]:\n- Price Move: META decreased by 2.62% (775.09 -> 754.79)\n- Alpha vs Nasdaq-100: -1.73% (Underperformed)\n- Market Context (VIX): N/A\n- Volume Status: Normal (Z-Score: -0.4)\n- Volatility (ATR): 17.78 (Normal)\n- Weekly RSI (Trend Strength): 81.2 (Overbought)\n\n[TECHNICALS - DAILY]:\n- Daily RSI: 42.5 (Neutral)\n- Trend: Strong Uptrend\n- MACD: Bearish Crossover\n- Mean Reversion: 3.4% from SMA50 (Normal)\n\n[NEWS]:\n\nNo relative news reported.\n[Basic Financials]:\n\nNo basic financial reported.\n\nBased on all the information before 2025-08-25, let's first analyze the positive developments and potential concerns for META. Come up with 2-4 most important factors respectively and keep them concise. Integrate both quantitative signals and news to explain the movement. Then let's assume your prediction for the coming trading week (2025-08-25 pre-market to 2025-08-29 close) is down by 2-3%. Pay special attention to [WEEKEND NEWS - PRE-MARKET], because this information is available before Monday open. Provide a summary analysis to support your prediction. Before writing the analysis, cross-reference the [QUANT SIGNALS] with the [NEWS]. If the prediction is down by 2-3% but the technicals show a conflict (e.g., predicting 'Up' when Trend is 'Strong Downtrend'), explain this divergence logically (e.g., as a 'trend reversal' or 'short squeeze') rather than ignoring the data. The prediction result need to be inferred from your analysis at the end, and thus not appearing as a foundational factor of your analysis.","[Positive Developments]:
1. **Sustained Uptrend Structure**: The daily technicals maintained a ""Strong Uptrend"" for most of the period, supported by bullish MACD crossovers on two out of three days. The mean reversion from the 50-day SMA is in a normal range, suggesting the trend is healthy and not excessively extended.
2. **Demonstrated Outperformance Capacity**: On the second day, META posted a positive alpha of +1.18% against the Nasdaq-100, indicating it can generate independent momentum and lead the market higher during risk-on flows.

[Potential Concerns]:
1. **Persistent Overbought Weekly Condition**: The weekly RSI remained deeply in overbought territory (ranging from 79.0 to 81.2) throughout all three days. This is a strong, high-timeframe warning sign that the rally is mature and vulnerable to a corrective pullback.
2. **Emerging Weakness and Underperformance**: The most recent data shows a significant price drop (-2.62%) coupled with sharp underperformance vs. the Nasdaq-100 (-1.73% alpha) and a new bearish MACD crossover on the daily chart. This suggests the momentum from the earlier uptrend may be faltering.
3. **Elevated Volatility and No Catalysts**: One day showed high Average True Range (ATR: 23.64), and there was an absence of company-specific news during the entire period. The price moves, particularly the recent drop, are therefore driven by market mechanics (profit-taking, sector rotation) rather than fundamental reassurance, making the stock susceptible to broader market sentiment swings.

[Prediction & Analysis]:
**Prediction for the week of 2025-08-25: Down 2-3%.**

The analysis supports a corrective move lower. While the overarching daily trend was strong, the most recent data presents a clear shift. The primary technical conflict is the ""Strong Uptrend"" label against the overbought weekly RSI and the new bearish daily MACD. This divergence is resolved by interpreting the recent 2.62% drop as the likely beginning of a short-term trend reversal or consolidation phase, triggered by the overbought conditions.

The weekly RSI above 80 is a powerful contrarian signal that defines the boundary of what is sustainable. Without a fundamental catalyst (news was absent) to justify pushing the stock higher, the path of least resistance is a mean reversion pullback. The recent underperformance and bearish MACD crossover confirm loss of momentum. The prediction of a 2-3% decline aligns with a controlled unwind of overbought conditions, bringing the price closer to its rising 50-day SMA, rather than a disorderly crash.

[Primary Driver]:
Technical",down by 2-3%,2025-08-25,2025-08-29,130,Technical
"[Company Introduction]:\n\nMeta Platforms Inc is a leading entity in the Media sector. Incorporated and publicly traded since 2012-05-18, the company has established its reputation as one of the key players in the market. As of today, Meta Platforms Inc has a market capitalization of 1617119.55 in USD, with 2529.56 shares outstanding.\n\nMeta Platforms Inc operates primarily in the US, trading under the ticker META on the NASDAQ NMS - GLOBAL MARKET. As a dominant force in the Media space, the company continues to innovate and drive progress within the industry.\n\n[QUANT SIGNALS - STRUCTURAL]:\n- Price Move: META increased by 0.83% (706.80 -> 712.68)\n- Alpha vs Nasdaq-100: +0.44% (Outperformed)\n- Market Context (VIX): N/A\n- Volume Status: Normal (Z-Score: -1.0)\n- Volatility (ATR): 12.70 (Normal)\n- Weekly RSI (Trend Strength): 71.7 (Overbought)\n\n[TECHNICALS - DAILY]:\n- Daily RSI: 46.6 (Neutral)\n- Trend: Strong Uptrend\n- MACD: Bearish Crossover\n- Mean Reversion: 3.2% from SMA50 (Normal)\n\n[NEWS]:\n\nNo relative news reported.\n\n[QUANT SIGNALS - STRUCTURAL]:\n- Price Move: META increased by 4.87% (715.20 -> 750.01)\n- Alpha vs Nasdaq-100: +7.38% (Outperformed)\n- Market Context (VIX): N/A\n- Volume Status: Normal (Z-Score: 0.8)\n- Volatility (ATR): 19.95 (Normal)\n- Weekly RSI (Trend Strength): 81.4 (Overbought)\n\n[TECHNICALS - DAILY]:\n- Daily RSI: 58.1 (Neutral)\n- Trend: Strong Uptrend\n- MACD: Bullish Crossover\n- Mean Reversion: 7.3% from SMA50 (Normal)\n\n[NEWS]:\n\nNo relative news reported.\n\n[QUANT SIGNALS - STRUCTURAL]:\n- Price Move: META increased by 1.22% (760.00 -> 769.30)\n- Alpha vs Nasdaq-100: -0.63% (Underperformed)\n- Market Context (VIX): N/A\n- Volume Status: Normal (Z-Score: -0.8)\n- Volatility (ATR): 21.59 (Normal)\n- Weekly RSI (Trend Strength): 80.9 (Overbought)\n\n[TECHNICALS - DAILY]:\n- Daily RSI: 63.1 (Neutral)\n- Trend: Strong Uptrend\n- MACD: Bullish Crossover\n- Mean Reversion: 8.0% from SMA50 (Normal)\n\n[NEWS]:\n\nNo relative news reported.\n\n[QUANT SIGNALS - STRUCTURAL]:\n- Price Move: META increased by 1.97% (770.08 -> 785.23)\n- Alpha vs Nasdaq-100: +1.18% (Outperformed)\n- Market Context (VIX): N/A\n- Volume Status: Normal (Z-Score: 0.1)\n- Volatility (ATR): 23.64 (High)\n- Weekly RSI (Trend Strength): 79.0 (Overbought)\n\n[TECHNICALS - DAILY]:\n- Daily RSI: 64.6 (Neutral)\n- Trend: Strong Uptrend\n- MACD: Bullish Crossover\n- Mean Reversion: 8.5% from SMA50 (Normal)\n\n[NEWS]:\n\nNo relative news reported.\n[Basic Financials]:\n\nNo basic financial reported.\n\nBased on all the information before 2025-08-18, let's first analyze the positive developments and potential concerns for META. Come up with 2-4 most important factors respectively and keep them concise. Integrate both quantitative signals and news to explain the movement. Then let's assume your prediction for the coming trading week (2025-08-18 pre-market to 2025-08-22 close) is down by 2-3%. Pay special attention to [WEEKEND NEWS - PRE-MARKET], because this information is available before Monday open. Provide a summary analysis to support your prediction. Before writing the analysis, cross-reference the [QUANT SIGNALS] with the [NEWS]. If the prediction is down by 2-3% but the technicals show a conflict (e.g., predicting 'Up' when Trend is 'Strong Downtrend'), explain this divergence logically (e.g., as a 'trend reversal' or 'short squeeze') rather than ignoring the data. The prediction result need to be inferred from your analysis at the end, and thus not appearing as a foundational factor of your analysis.","[Positive Developments]:
1. **Strong Relative Outperformance**: META has consistently generated positive Alpha against the Nasdaq-100 over the observed periods, indicating institutional favor and strong relative strength within the tech sector.
2. **Robust Technical Uptrend**: The price action shows a ""Strong Uptrend"" on the daily chart, supported by a bullish MACD crossover and a rising price relative to its 50-day SMA. The move from ~$707 to ~$785 represents significant momentum.
3. **Absence of Negative Catalysts**: The lack of company-specific negative news during this upward re-rating suggests the move was not contradicted by fundamental headlines, allowing technical and flow-driven momentum to persist.

[Potential Concerns]:
1. **Severely Overbought Weekly Condition**: The Weekly RSI has been persistently above 71.7 and reached extreme levels above 80, which historically indicates a high probability of a technical pullback or consolidation.
2. **Elevated Volatility and Stretched Price**: The Average True Range (ATR) has increased to ""High"" (23.64), signaling larger daily swings, and the price is over 8% above its 50-day SMA. This extension increases vulnerability to a mean reversion move.
3. **Momentum Divergence**: In one period, META underperformed its index (Alpha: -0.63%) despite a price gain, which can be an early, subtle sign of momentum fatigue before a broader market or sector rotation.

[Prediction & Analysis]:
The prediction for the coming week (2025-08-18 to 2025-08-22) is for META's stock price to move **down by 2-3%**.

The analysis centers on a conflict between the strong daily trend and the extreme weekly overbought condition. The daily chart shows a healthy bullish structure (Bullish MACD, Strong Uptrend). However, the primary governing framework is the **Weekly RSI at 79.0**, deep in overbought territory. This creates a powerful mean reversion signal that typically overrides short-term daily momentum, especially in the absence of a fresh, massive fundamental catalyst.

The price increase over the past weeks occurred on mostly normal volume with no specific news, indicating it was driven by **market mechanics**—likely a combination of sector-level rotation into large-cap tech (Flow) and momentum chasing (Technical). With the stock now significantly extended and weekly RSI signaling exhaustion, the path of least resistance shifts to a corrective pullback. The predicted 2-3% decline aligns with a healthy retracement towards nearer-term support, allowing the overbought condition to cool without breaking the larger uptrend.

[Primary Driver]:
Technical",down by 2-3%,2025-08-18,2025-08-22,129,Technical
"[Company Introduction]:\n\nMeta Platforms Inc is a leading entity in the Media sector. Incorporated and publicly traded since 2012-05-18, the company has established its reputation as one of the key players in the market. As of today, Meta Platforms Inc has a market capitalization of 1617119.55 in USD, with 2529.56 shares outstanding.\n\nMeta Platforms Inc operates primarily in the US, trading under the ticker META on the NASDAQ NMS - GLOBAL MARKET. As a dominant force in the Media space, the company continues to innovate and drive progress within the industry.\n\n[QUANT SIGNALS - STRUCTURAL]:\n- Price Move: META increased by 3.64% (726.04 -> 752.45)\n- Alpha vs Nasdaq-100: +1.79% (Outperformed)\n- Market Context (VIX): N/A\n- Volume Status: Normal (Z-Score: -0.1)\n- Volatility (ATR): 15.68 (Normal)\n- Weekly RSI (Trend Strength): 69.0 (Neutral)\n\n[TECHNICALS - DAILY]:\n- Daily RSI: 34.8 (Neutral)\n- Trend: Strong Uptrend\n- MACD: Bearish Crossover\n- Mean Reversion: 1.9% from SMA50 (Normal)\n\n[NEWS]:\n\nNo relative news reported.\n[Basic Financials]:\n\nNo basic financial reported.\n\nBased on all the information before 2025-09-08, let's first analyze the positive developments and potential concerns for META. Come up with 2-4 most important factors respectively and keep them concise. Integrate both quantitative signals and news to explain the movement. Then let's assume your prediction for the coming trading week (2025-09-08 pre-market to 2025-09-12 close) is down by 0-1%. Pay special attention to [WEEKEND NEWS - PRE-MARKET], because this information is available before Monday open. Provide a summary analysis to support your prediction. Before writing the analysis, cross-reference the [QUANT SIGNALS] with the [NEWS]. If the prediction is down by 0-1% but the technicals show a conflict (e.g., predicting 'Up' when Trend is 'Strong Downtrend'), explain this divergence logically (e.g., as a 'trend reversal' or 'short squeeze') rather than ignoring the data. The prediction result need to be inferred from your analysis at the end, and thus not appearing as a foundational factor of your analysis.","[Positive Developments]:
1. **Outperformance vs. Market:** META showed strong relative strength, posting a positive Alpha of +1.79% against the Nasdaq-100, indicating investor favor and resilience.
2. **Robust Uptrend Intact:** The technical structure is defined as a ""Strong Uptrend,"" and the stock is trading healthily above its key 50-day moving average, supporting the longer-term bullish thesis.
3. **Absence of Overbought Conditions:** The Weekly RSI at 69.0 is neutral, and the Daily RSI at 34.8 has room to rise from a neutral position, suggesting no immediate technical exhaustion from overbought levels.

[Potential Concerns]:
1. **Near-Term Momentum Deterioration:** The daily MACD exhibits a bearish crossover, signaling a loss of short-term bullish momentum and potential for consolidation or a minor pullback.
2. **Lack of Catalytic News:** With no company-specific news or financial updates, there is an absence of a fundamental driver to spark a new leg higher, leaving the price vulnerable to general market flows.
3. **Vulnerable Technical Buffer:** The price is only 1.9% above the SMA50. While normal, this provides a thin cushion before testing a major trend support level if selling pressure emerges.

[Prediction & Analysis]:
Our prediction for the week of 2025-09-08 to 2025-09-12 is for the stock price to move **down by 0-1%**.

The analysis reconciles conflicting signals: META is in a strong structural uptrend (bullish) but exhibits a near-term bearish MACD crossover. The 3.64% weekly gain on normal volume, in the absence of specific news, suggests the move was likely driven by **sector-level repricing and beta-driven market momentum** rather than a company-specific catalyst. This type of flow-driven advance is susceptible to pause or mild reversal as short-term momentum wanes.

Given the lack of fresh positive catalysts, the market is likely to process the MACD's warning signal. The prediction of a slight decline represents a minor consolidation or profit-taking pullback within the prevailing uptrend, not a trend reversal. The stock will likely find buyers near its SMA50, limiting the downside. The neutral RSI readings on both timeframes support a view of range-bound, consolidative action rather than a sharp directional break.

[Primary Driver]:
Mixed",down by 0-1%,2025-09-08,2025-09-12,132,Mixed
"[Company Introduction]:\n\nMeta Platforms Inc is a leading entity in the Media sector. Incorporated and publicly traded since 2012-05-18, the company has established its reputation as one of the key players in the market. As of today, Meta Platforms Inc has a market capitalization of 1617119.55 in USD, with 2529.56 shares outstanding.\n\nMeta Platforms Inc operates primarily in the US, trading under the ticker META on the NASDAQ NMS - GLOBAL MARKET. As a dominant force in the Media space, the company continues to innovate and drive progress within the industry.\n\n[QUANT SIGNALS - STRUCTURAL]:\n- Price Move: META decreased by 2.62% (775.09 -> 754.79)\n- Alpha vs Nasdaq-100: -1.73% (Underperformed)\n- Market Context (VIX): N/A\n- Volume Status: Normal (Z-Score: -0.4)\n- Volatility (ATR): 17.78 (Normal)\n- Weekly RSI (Trend Strength): 81.2 (Overbought)\n\n[TECHNICALS - DAILY]:\n- Daily RSI: 42.5 (Neutral)\n- Trend: Strong Uptrend\n- MACD: Bearish Crossover\n- Mean Reversion: 3.4% from SMA50 (Normal)\n\n[NEWS]:\n\nNo relative news reported.\n\n[QUANT SIGNALS - STRUCTURAL]:\n- Price Move: META decreased by 2.14% (754.82 -> 738.70)\n- Alpha vs Nasdaq-100: -2.15% (Underperformed)\n- Market Context (VIX): N/A\n- Volume Status: Normal (Z-Score: -0.4)\n- Volatility (ATR): 16.79 (Normal)\n- Weekly RSI (Trend Strength): 69.6 (Neutral)\n\n[TECHNICALS - DAILY]:\n- Daily RSI: 39.2 (Neutral)\n- Trend: Strong Uptrend\n- MACD: Bearish Crossover\n- Mean Reversion: 0.5% from SMA50 (Normal)\n\n[NEWS]:\n\nNo relative news reported.\n[Basic Financials]:\n\nNo basic financial reported.\n\nBased on all the information before 2025-09-02, let's first analyze the positive developments and potential concerns for META. Come up with 2-4 most important factors respectively and keep them concise. Integrate both quantitative signals and news to explain the movement. Then let's assume your prediction for the coming trading week (2025-09-02 pre-market to 2025-09-05 close) is up by 3-4%. Pay special attention to [WEEKEND NEWS - PRE-MARKET], because this information is available before Monday open. Provide a summary analysis to support your prediction. Before writing the analysis, cross-reference the [QUANT SIGNALS] with the [NEWS]. If the prediction is up by 3-4% but the technicals show a conflict (e.g., predicting 'Up' when Trend is 'Strong Downtrend'), explain this divergence logically (e.g., as a 'trend reversal' or 'short squeeze') rather than ignoring the data. The prediction result need to be inferred from your analysis at the end, and thus not appearing as a foundational factor of your analysis.","[Positive Developments]:
1.  Structural Uptrend Intact: Despite recent pullbacks, the stock remains in a ""Strong Uptrend"" on the daily chart and is trading near its 50-day moving average, a key dynamic support level.
2.  Healthy Weekly RSI Correction: The Weekly RSI has cooled from an extremely overbought level (81.2) to a neutral state (69.6), alleviating severe overextension and creating room for a potential resumption of the uptrend.
3.  Support Test Opportunity: The stock's decline has brought it to a normal deviation from its SMA50 (0.5%), presenting a classic test of a major trend support level, which often attracts buyers in a prevailing uptrend.

[Potential Concerns]:
1.  Consistent Relative Weakness: META has underperformed the Nasdaq-100 (QQQ) by a significant margin in both recent periods (-1.73% and -2.15%), indicating a lack of positive alpha and potential sector or stock-specific selling pressure.
2.  Bearish Short-Term Momentum: The daily MACD shows a bearish crossover, and the daily RSI has dipped into the lower neutral range (39.2), confirming recent downward price momentum.
3.  Proximity to Critical Support: While the SMA50 is support, a decisive break below it could trigger further technical selling and signal a deeper correction within the broader uptrend.

[Prediction & Analysis]:
The prediction for a 3-4% rise in the coming week is primarily a bet on a successful technical bounce from a key support level, catalyzed by a reversal of recent relative weakness. While the short-term indicators (MACD bearish, underperformance) are negative, they are viewed as having created a short-term oversold condition within a powerful longer-term uptrend. The stock is now testing a major moving average (SMA50) after a controlled pullback that reset the weekly RSI from overbought. With no negative company-specific news to drive a fundamental breakdown, the decline is interpreted as a sector- or flow-driven correction. The anticipated move is a ""relief rally"" or technical rebound as the stock finds support. It would likely require the broader market (QQQ) to be stable or positive for META to catch up and realize its alpha, reversing the recent underperformance. The primary risk to this prediction is a failure to hold the SMA50, which could lead to further downside as stop-losses are triggered.

[Primary Driver]:
Mixed (Technical & Flow)",up by 3-4%,2025-09-02,2025-09-05,131,Mixed (Technical & Flow)
"[Company Introduction]:\n\nMeta Platforms Inc is a leading entity in the Media sector. Incorporated and publicly traded since 2012-05-18, the company has established its reputation as one of the key players in the market. As of today, Meta Platforms Inc has a market capitalization of 1617119.55 in USD, with 2529.56 shares outstanding.\n\nMeta Platforms Inc operates primarily in the US, trading under the ticker META on the NASDAQ NMS - GLOBAL MARKET. As a dominant force in the Media space, the company continues to innovate and drive progress within the industry.\n\n[QUANT SIGNALS - STRUCTURAL]:\n- Price Move: META decreased by 0.05% (756.00 -> 755.59)\n- Alpha vs Nasdaq-100: -1.40% (Underperformed)\n- Market Context (VIX): N/A\n- Volume Status: Normal (Z-Score: -0.8)\n- Volatility (ATR): 12.93 (Normal)\n- Weekly RSI (Trend Strength): 68.3 (Neutral)\n\n[TECHNICALS - DAILY]:\n- Daily RSI: 50.5 (Neutral)\n- Trend: Strong Uptrend\n- MACD: Bearish Crossover\n- Mean Reversion: 1.9% from SMA50 (Normal)\n\n[NEWS]:\n\nNo relative news reported.\n[Basic Financials]:\n\nNo basic financial reported.\n\nBased on all the information before 2025-09-15, let's first analyze the positive developments and potential concerns for META. Come up with 2-4 most important factors respectively and keep them concise. Integrate both quantitative signals and news to explain the movement. Then let's assume your prediction for the coming trading week (2025-09-15 pre-market to 2025-09-19 close) is up by 2-3%. Pay special attention to [WEEKEND NEWS - PRE-MARKET], because this information is available before Monday open. Provide a summary analysis to support your prediction. Before writing the analysis, cross-reference the [QUANT SIGNALS] with the [NEWS]. If the prediction is up by 2-3% but the technicals show a conflict (e.g., predicting 'Up' when Trend is 'Strong Downtrend'), explain this divergence logically (e.g., as a 'trend reversal' or 'short squeeze') rather than ignoring the data. The prediction result need to be inferred from your analysis at the end, and thus not appearing as a foundational factor of your analysis.","[Positive Developments]:
1. **Strong Structural Uptrend**: The stock is in a ""Strong Uptrend"" on the daily timeframe, indicating persistent buying interest and positive momentum over the medium to long term.
2. **Neutral-to-Healthy Technical Positioning**: The Weekly RSI at 68.3 and Daily RSI at 50.5 are not in overbought territory, leaving room for upward movement. The price is only 1.9% above its SMA50, suggesting it's not dangerously extended from its mean and is in a normal range for a trending stock.
3. **Stable Market Mechanics**: Volume and volatility (ATR) are reported as normal, with no signs of panic selling or excessive speculative froth. This provides a stable base for price action.

[Potential Concerns]:
1. **Bearish Short-Term Momentum Signal**: The daily MACD has shown a bearish crossover, which often precedes or coincides with a short-term consolidation or pullback within a larger uptrend.
2. **Relative Underperformance**: META underperformed the Nasdaq-100 by 1.40% during the period, indicating a loss of alpha. This suggests the stock may be facing sector-specific or company-specific headwinds not captured in the general market move.
3. **Absence of Catalytic News**: With no specific positive news or financial updates, the stock lacks a fundamental narrative to drive a significant breakout, making it more susceptible to broad market flows and technical patterns.

[Prediction & Analysis]:
**Prediction: The stock price of META is predicted to increase by 2-3% for the trading week of 2025-09-15 to 2025-09-19.**

The prediction of a 2-3% rise is based on a confluence of technical and flow-based factors, despite the short-term bearish MACD signal.
1.  **Technical Reality & Mean Reversion**: The primary technical context is a ""Strong Uptrend."" The bearish MACD crossover and minor price decrease of 0.05% are interpreted as a healthy, shallow pullback within that established uptrend. The neutral RSI levels and proximity to the SMA50 provide a strong support zone from which the next leg up can launch. A 2-3% move would represent a resumption of the trend, not a reversal.
2.  **Flow & Relative Performance Reversion**: The recent underperformance vs. the Nasdaq-100 creates a potential for catch-up trade. If the broader market remains stable or positive, institutional flows may rotate back into this large-cap leader. The normal volume suggests the recent weakness was not driven by aggressive institutional selling, supporting the case for a quick recovery.
3.  **Catalyst Narrative (Lacking)**: The absence of news is notable. Therefore, the predicted move is **not** driven by a fundamental catalyst but by **market mechanics**: specifically, a ""technical bounce from trend support"" combined with ""beta-driven momentum"" if the tech sector rallies. The move is predicated on the stock's technical structure holding and the market providing a benign backdrop.
4.  **Resolving the Divergence**: The conflict between the predicted ""Up"" move and the ""Bearish"" MACD is resolved by viewing the MACD signal as a short-term, lagging indicator within a powerful long-term trend. The uptrend's strength suggests this bearish crossover may be brief and shallow, setting the stage for a bullish reversal signal to form during the predicted upward week.

[Primary Driver]:
Mixed",up by 2-3%,2025-09-15,2025-09-19,133,Mixed
"[Company Introduction]:\n\nMeta Platforms Inc is a leading entity in the Media sector. Incorporated and publicly traded since 2012-05-18, the company has established its reputation as one of the key players in the market. As of today, Meta Platforms Inc has a market capitalization of 1617119.55 in USD, with 2529.56 shares outstanding.\n\nMeta Platforms Inc operates primarily in the US, trading under the ticker META on the NASDAQ NMS - GLOBAL MARKET. As a dominant force in the Media space, the company continues to innovate and drive progress within the industry.\n\n[QUANT SIGNALS - STRUCTURAL]:\n- Price Move: META increased by 3.64% (726.04 -> 752.45)\n- Alpha vs Nasdaq-100: +1.79% (Outperformed)\n- Market Context (VIX): N/A\n- Volume Status: Normal (Z-Score: -0.1)\n- Volatility (ATR): 15.68 (Normal)\n- Weekly RSI (Trend Strength): 69.0 (Neutral)\n\n[TECHNICALS - DAILY]:\n- Daily RSI: 34.8 (Neutral)\n- Trend: Strong Uptrend\n- MACD: Bearish Crossover\n- Mean Reversion: 1.9% from SMA50 (Normal)\n\n[NEWS]:\n\nNo relative news reported.\n\n[QUANT SIGNALS - STRUCTURAL]:\n- Price Move: META decreased by 0.05% (756.00 -> 755.59)\n- Alpha vs Nasdaq-100: -1.40% (Underperformed)\n- Market Context (VIX): N/A\n- Volume Status: Normal (Z-Score: -0.8)\n- Volatility (ATR): 12.93 (Normal)\n- Weekly RSI (Trend Strength): 68.3 (Neutral)\n\n[TECHNICALS - DAILY]:\n- Daily RSI: 50.5 (Neutral)\n- Trend: Strong Uptrend\n- MACD: Bearish Crossover\n- Mean Reversion: 1.9% from SMA50 (Normal)\n\n[NEWS]:\n\nNo relative news reported.\n\n[QUANT SIGNALS - STRUCTURAL]:\n- Price Move: META increased by 2.76% (757.47 -> 778.38)\n- Alpha vs Nasdaq-100: +1.46% (Outperformed)\n- Market Context (VIX): N/A\n- Volume Status: HUGE (Z-Score: 3.7)\n- Volatility (ATR): 15.62 (Normal)\n- Weekly RSI (Trend Strength): 62.0 (Neutral)\n\n[TECHNICALS - DAILY]:\n- Daily RSI: 72.8 (Overbought)\n- Trend: Strong Uptrend\n- MACD: Bullish Crossover\n- Mean Reversion: 4.3% from SMA50 (Normal)\n\n[NEWS]:\n\nNo relative news reported.\n\n[QUANT SIGNALS - STRUCTURAL]:\n- Price Move: META decreased by 4.87% (781.85 -> 743.75)\n- Alpha vs Nasdaq-100: -3.84% (Underperformed)\n- Market Context (VIX): N/A\n- Volume Status: Normal (Z-Score: -0.4)\n- Volatility (ATR): 16.00 (Normal)\n- Weekly RSI (Trend Strength): 69.2 (Neutral)\n\n[TECHNICALS - DAILY]:\n- Daily RSI: 46.2 (Neutral)\n- Trend: Bullish\n- MACD: Bearish Crossover\n- Mean Reversion: -1.0% from SMA50 (Normal)\n\n[NEWS]:\n\nNo relative news reported.\nSome recent basic financials of META, reported at 2025-09-30, are presented below:\n\n[Basic Financials]:\n\nassetTurnoverTTM: 0.6562\nbookValue: 194066\ncashRatio: 0.2756372098057254\ncurrentRatio: 1.9784\nebitPerShare: 7.9841\neps: 1.0533\nev: 1863513.5\nevEbitdaTTM: 18.5533\nevRevenueTTM: 9.8361\nfcfMargin: 0.218\nfcfPerShareTTM: 17.787\ngrossMargin: 0.8203\nlongtermDebtTotalAsset: 0.0949\nlongtermDebtTotalCapital: 0.1294\nlongtermDebtTotalEquity: 0.1486\nnetDebtToTotalCapital: 0.0837\nnetDebtToTotalEquity: 0.0961\nnetMargin: 0.0529\noperatingMargin: 0.4007\npayoutRatioTTM: 0.0898\npb: 9.5064\npeTTM: 31.5211\npfcfTTM: 41.1424\npretaxMargin: 0.4228\npsTTM: 9.7377\nptbv: 9.6647\nquickRatio: 1.8006\nreceivablesTurnoverTTM: 11.8422\nroaTTM: 0.2027\nroeTTM: 0.3093\nroicTTM: 0.2684\nrotcTTM: 0.3756\nsalesPerShare: 19.923\nsgaToSale: 0.1797\ntangibleBookValue: 190887\ntotalDebtToEquity: 0.1486\ntotalDebtToTotalAsset: 0.0949\ntotalDebtToTotalCapital: 0.1294\ntotalRatio: 2.7678\n\nBased on all the information before 2025-09-29, let's first analyze the positive developments and potential concerns for META. Come up with 2-4 most important factors respectively and keep them concise. Integrate both quantitative signals and news to explain the movement. Then let's assume your prediction for the coming trading week (2025-09-29 pre-market to 2025-10-03 close) is down by more than 5%. Pay special attention to [WEEKEND NEWS - PRE-MARKET], because this information is available before Monday open. Provide a summary analysis to support your prediction. Before writing the analysis, cross-reference the [QUANT SIGNALS] with the [NEWS]. If the prediction is down by more than 5% but the technicals show a conflict (e.g., predicting 'Up' when Trend is 'Strong Downtrend'), explain this divergence logically (e.g., as a 'trend reversal' or 'short squeeze') rather than ignoring the data. The prediction result need to be inferred from your analysis at the end, and thus not appearing as a foundational factor of your analysis.","[Positive Developments]:
1. Strong Financial Fundamentals: The company exhibits robust profitability with high gross (82%) and operating margins (40%), exceptional return metrics (ROE 31%, ROIC 27%), and healthy free cash flow generation (FCF margin 22%).
2. Sustained Technical Uptrend: Despite daily volatility, the overarching trend structure is classified as a ""Strong Uptrend"" and ""Bullish."" The stock recently rebounded strongly off its 50-day SMA, indicating ongoing institutional support.
3. Evidence of Institutional Accumulation: A specific session showed a price increase of 2.76% on **HUGE** volume (Z-Score 3.7), significantly outperforming the Nasdaq-100. This suggests strong institutional or algorithmic buying in the absence of news.

[Potential Concerns]:
1. Recent Technical Deterioration and Underperformance: The most recent session saw a sharp 4.87% decline with significant underperformance vs. the Nasdaq-100 (-3.84% Alpha). This occurred alongside a bearish MACD crossover and a drop from an overbought daily RSI (72.8) to neutral (46.2).
2. High Valuation Multiples: Key valuation ratios are elevated (PE ~31.5, P/FCF ~41.1, PS ~9.7), leaving the stock susceptible to a de-rating if growth expectations waver or risk appetite contracts.
3. Bearish Momentum Divergence: The weekly RSI remains in a neutral-high zone (~69), but daily momentum indicators (MACD bearish cross, RSI rejection from overbought) suggest near-term exhaustion following the rally.

[Prediction & Analysis]:
The prediction for the coming week (2025-09-29 to 2025-10-03) is for a decline of more than 5%.

The analysis centers on a confluence of technical factors and market mechanics, given the absence of company-specific news in the provided data. While the long-term trend and fundamentals remain solid, the short-term technical setup has deteriorated sharply.

1.  **Technical Reality:** The stock is facing immediate headwinds. The sharp 4.87% drop on the last reported day, which underperformed the broader market by a wide margin, signals a shift in short-term sentiment. The move pushed the price below its 50-day SMA and came after a rejection from a technically overbought daily RSI above 72. The bearish MACD crossover confirms a loss of bullish momentum. This setup suggests the prior rally has exhausted, and the path of least resistance in the very near term is down. A decline of >5% would represent a continuation of this newly established short-term downtrend and a test of lower support levels.
2.  **Relative Performance:** The recent underperformance (-3.84% Alpha) is a critical red flag. It indicates that the selling pressure was specific to META and not just a broad market move. This ""hidden weakness"" suggests that despite no public news, large holders may be taking profits or reducing exposure, potentially due to sector rotation or concerns over its rich valuation.
3.  **News Catalyst & Its Absence:** The lack of news to explain the significant drop is, in itself, informative. It rules out an earnings miss or a negative headline-driven crash, pointing instead to a technically-driven or flow-driven correction. The move is best analyzed as a **""momentum unwind""** following the high-volume surge days prior. The HUGE volume day likely represented a short-term buying climax; the subsequent high-volume decline suggests those gains are being rapidly unwound.

In summary, strong fundamentals support the long-term thesis, but the short-term price action is signaling a correction. The combination of a bearish momentum shift, decisive underperformance, and a breakdown from a key moving average (SMA50) creates a high probability for continued selling pressure in the coming week, potentially accelerating if it breaches recent lows.

[Primary Driver]:
Technical",down by more than 5%,2025-09-29,2025-10-03,135,Technical
"[Company Introduction]:\n\nMeta Platforms Inc is a leading entity in the Media sector. Incorporated and publicly traded since 2012-05-18, the company has established its reputation as one of the key players in the market. As of today, Meta Platforms Inc has a market capitalization of 1617119.55 in USD, with 2529.56 shares outstanding.\n\nMeta Platforms Inc operates primarily in the US, trading under the ticker META on the NASDAQ NMS - GLOBAL MARKET. As a dominant force in the Media space, the company continues to innovate and drive progress within the industry.\n\n[QUANT SIGNALS - STRUCTURAL]:\n- Price Move: META decreased by 4.87% (781.85 -> 743.75)\n- Alpha vs Nasdaq-100: -3.84% (Underperformed)\n- Market Context (VIX): N/A\n- Volume Status: Normal (Z-Score: -0.4)\n- Volatility (ATR): 16.00 (Normal)\n- Weekly RSI (Trend Strength): 69.2 (Neutral)\n\n[TECHNICALS - DAILY]:\n- Daily RSI: 46.2 (Neutral)\n- Trend: Bullish\n- MACD: Bearish Crossover\n- Mean Reversion: -1.0% from SMA50 (Normal)\n\n[NEWS]:\n\nNo relative news reported.\n\n[QUANT SIGNALS - STRUCTURAL]:\n- Price Move: META decreased by 5.10% (748.72 -> 710.56)\n- Alpha vs Nasdaq-100: -5.84% (Underperformed)\n- Market Context (VIX): N/A\n- Volume Status: Normal (Z-Score: 1.0)\n- Volatility (ATR): 16.78 (Normal)\n- Weekly RSI (Trend Strength): 60.9 (Neutral)\n\n[TECHNICALS - DAILY]:\n- Daily RSI: 27.8 (Oversold)\n- Trend: Bullish\n- MACD: Bearish Crossover\n- Mean Reversion: -5.6% from SMA50 (Normal)\n\n[NEWS]:\n\nNo relative news reported.\n\n[QUANT SIGNALS - STRUCTURAL]:\n- Price Move: META increased by 0.02% (705.19 -> 705.30)\n- Alpha vs Nasdaq-100: +3.01% (Outperformed)\n- Market Context (VIX): N/A\n- Volume Status: Normal (Z-Score: 0.8)\n- Volatility (ATR): 17.55 (Normal)\n- Weekly RSI (Trend Strength): 45.6 (Neutral)\n\n[TECHNICALS - DAILY]:\n- Daily RSI: 28.8 (Oversold)\n- Trend: Bullish\n- MACD: Bearish Crossover\n- Mean Reversion: -6.3% from SMA50 (Normal)\n\n[NEWS]:\n\nNo relative news reported.\nSome recent basic financials of META, reported at 2025-09-30, are presented below:\n\n[Basic Financials]:\n\nassetTurnoverTTM: 0.6562\nbookValue: 194066\ncashRatio: 0.2756372098057254\ncurrentRatio: 1.9784\nebitPerShare: 7.9841\neps: 1.0533\nev: 1863513.5\nevEbitdaTTM: 18.5533\nevRevenueTTM: 9.8361\nfcfMargin: 0.218\nfcfPerShareTTM: 17.787\ngrossMargin: 0.8203\nlongtermDebtTotalAsset: 0.0949\nlongtermDebtTotalCapital: 0.1294\nlongtermDebtTotalEquity: 0.1486\nnetDebtToTotalCapital: 0.0837\nnetDebtToTotalEquity: 0.0961\nnetMargin: 0.0529\noperatingMargin: 0.4007\npayoutRatioTTM: 0.0898\npb: 9.5064\npeTTM: 31.5211\npfcfTTM: 41.1424\npretaxMargin: 0.4228\npsTTM: 9.7377\nptbv: 9.6647\nquickRatio: 1.8006\nreceivablesTurnoverTTM: 11.8422\nroaTTM: 0.2027\nroeTTM: 0.3093\nroicTTM: 0.2684\nrotcTTM: 0.3756\nsalesPerShare: 19.923\nsgaToSale: 0.1797\ntangibleBookValue: 190887\ntotalDebtToEquity: 0.1486\ntotalDebtToTotalAsset: 0.0949\ntotalDebtToTotalCapital: 0.1294\ntotalRatio: 2.7678\n\nBased on all the information before 2025-10-13, let's first analyze the positive developments and potential concerns for META. Come up with 2-4 most important factors respectively and keep them concise. Integrate both quantitative signals and news to explain the movement. Then let's assume your prediction for the coming trading week (2025-10-13 pre-market to 2025-10-17 close) is up by 0-1%. Pay special attention to [WEEKEND NEWS - PRE-MARKET], because this information is available before Monday open. Provide a summary analysis to support your prediction. Before writing the analysis, cross-reference the [QUANT SIGNALS] with the [NEWS]. If the prediction is up by 0-1% but the technicals show a conflict (e.g., predicting 'Up' when Trend is 'Strong Downtrend'), explain this divergence logically (e.g., as a 'trend reversal' or 'short squeeze') rather than ignoring the data. The prediction result need to be inferred from your analysis at the end, and thus not appearing as a foundational factor of your analysis.","[Positive Developments]:
1. **Oversold Daily RSI**: The daily RSI has dipped into oversold territory (27.8, then 28.8), which historically presents a potential technical bounce opportunity. The price also recently showed alpha outperformance (+3.01% vs. Nasdaq-100), hinting at a possible stabilization.
2. **Strong Fundamental Backbone**: Financials remain robust with high profitability margins (Gross Margin: 82%, Operating Margin: 40%) and solid returns (ROE: 30.9%, ROIC: 26.8%). This provides a strong valuation floor.
3. **Healthy Balance Sheet & Cash Flow**: The company has a strong current ratio (1.98), low net debt ratios, and significant free cash flow generation (FCF Margin: 21.8%), offering financial resilience.

[Potential Concerns]:
1. **Persistent Underperformance & Bearish Momentum**: META significantly underperformed the Nasdaq-100 in the preceding weeks (-3.84% and -5.84% alpha). The daily MACD maintains a bearish crossover, signaling sustained downward momentum.
2. **High Valuation Multiples**: Despite the price drop, key valuation metrics like P/E TTM (31.5) and P/FCF TTM (41.1) remain elevated, which may limit upside in a risk-off environment.
3. **Technical Deterioration**: The price has broken below its 50-day SMA, and while the weekly RSI has cooled from 69 to 45, the trend's bullish structure is being tested. The move occurred on normal volume, suggesting a lack of panic selling but also no urgent institutional buying.

[Prediction & Analysis]:
Prediction for the trading week of 2025-10-13 to 2025-10-17: **Up 0-1%**.

The analysis centers on a conflict between short-term oversold conditions and intermediate bearish momentum. The prediction for a modest rise is based on a **technical reversal from an oversold state**. The daily RSI at ~28 is deeply oversold for a mega-cap stock with strong fundamentals, creating a high-probability setup for a short-term bounce or consolidation. The single day of alpha outperformance at the latest data point could be an early signal of this mean reversion.

However, the rebound is expected to be capped for several reasons. First, the bearish MACD and the stock's position below the 50-day SMA indicate the broader selling pressure hasn't been fully resolved. Second, the absence of a positive company-specific news catalyst means the bounce is likely driven by market mechanics—specifically, short-term traders covering positions or value buyers stepping in at a perceived technical support level—rather than a fundamental re-rating. Third, the high valuation multiples provide a headwind for a vigorous rally without a new growth narrative.

Given the strong financials, the downside from current levels appears limited, supporting the case for stabilization. The predicted 0-1% gain reflects a view that the stock will attempt to recover from its oversold condition but will struggle to reclaim significant ground in the near term due to the lack of a fresh catalyst and lingering technical damage.

[Primary Driver]:
Mixed (Technical oversold condition against a backdrop of strong fundamentals, absent a specific news catalyst).",up by 0-1%,2025-10-13,2025-10-17,137,"Mixed (Technical oversold condition against a backdrop of strong fundamentals, absent a specific news catalyst)."
"[Company Introduction]:\n\nMeta Platforms Inc is a leading entity in the Media sector. Incorporated and publicly traded since 2012-05-18, the company has established its reputation as one of the key players in the market. As of today, Meta Platforms Inc has a market capitalization of 1617119.55 in USD, with 2529.56 shares outstanding.\n\nMeta Platforms Inc operates primarily in the US, trading under the ticker META on the NASDAQ NMS - GLOBAL MARKET. As a dominant force in the Media space, the company continues to innovate and drive progress within the industry.\n\n[QUANT SIGNALS - STRUCTURAL]:\n- Price Move: META increased by 0.55% (713.01 -> 716.92)\n- Alpha vs Nasdaq-100: +0.23% (Outperformed)\n- Market Context (VIX): N/A\n- Volume Status: Normal (Z-Score: -0.1)\n- Volatility (ATR): 18.26 (Normal)\n- Weekly RSI (Trend Strength): 47.3 (Neutral)\n\n[TECHNICALS - DAILY]:\n- Daily RSI: 40.9 (Neutral)\n- Trend: Bullish\n- MACD: Bearish Crossover\n- Mean Reversion: -4.1% from SMA50 (Normal)\n\n[NEWS]:\n\nNo relative news reported.\n[Basic Financials]:\n\nNo basic financial reported.\n\nBased on all the information before 2025-10-20, let's first analyze the positive developments and potential concerns for META. Come up with 2-4 most important factors respectively and keep them concise. Integrate both quantitative signals and news to explain the movement. Then let's assume your prediction for the coming trading week (2025-10-20 pre-market to 2025-10-24 close) is up by 2-3%. Pay special attention to [WEEKEND NEWS - PRE-MARKET], because this information is available before Monday open. Provide a summary analysis to support your prediction. Before writing the analysis, cross-reference the [QUANT SIGNALS] with the [NEWS]. If the prediction is up by 2-3% but the technicals show a conflict (e.g., predicting 'Up' when Trend is 'Strong Downtrend'), explain this divergence logically (e.g., as a 'trend reversal' or 'short squeeze') rather than ignoring the data. The prediction result need to be inferred from your analysis at the end, and thus not appearing as a foundational factor of your analysis.","[Positive Developments]:
1. **Neutral Technical Positioning**: The stock's Weekly RSI (47.3) and Daily RSI (40.9) are in neutral territory, indicating no immediate overbought pressure and leaving room for a potential move higher. The price is only 4.1% below its SMA50, which is within a normal range for a mean-reversion setup.
2. **Relative Outperformance (Alpha)**: META posted a positive alpha of +0.23% versus the Nasdaq-100, suggesting underlying strength and buyer interest even during a quiet news period, which can be a precursor to further gains.

[Potential Concerns]:
1. **Bearish Momentum Signal**: The daily MACD is showing a bearish crossover, which is a near-term warning sign of potential downward momentum that could cap upside or lead to consolidation.
2. **Absence of Conviction in Move**: The recent 0.55% price increase occurred on normal volume (Z-Score: -0.1), indicating a lack of strong institutional or high-conviction buying to sustain a significant rally without a catalyst.

[Prediction & Analysis]:
My prediction is for META's stock price to move up 2-3% in the coming week.

The analysis supporting this is primarily technical and flow-based, given the absence of company-specific news. The neutral RSI readings and the stock's position slightly below its 50-day moving average create a plausible setup for a mean-reversion bounce. The positive alpha generated last week, even on low volume, suggests the stock is attracting capital relative to its peers, which can be a leading indicator.

The primary conflict with this prediction is the bearish MACD signal. I interpret this divergence by viewing the MACD as a lagging indicator reflecting recent price action, while the bullish trend classification and neutral RSI suggest the broader structure is intact. A modest 2-3% move aligns with a technical rebound within the existing trend rather than a powerful new breakout, which would require higher volume and a clearer catalyst. The move is likely to be driven by a combination of technical repositioning and general market (beta) flows, as the stock is not overextended and can benefit from any positive sentiment in the tech sector.

[Primary Driver]:
Mixed",up by 2-3%,2025-10-20,2025-10-24,138,Mixed
"[Company Introduction]:\n\nMeta Platforms Inc is a leading entity in the Media sector. Incorporated and publicly traded since 2012-05-18, the company has established its reputation as one of the key players in the market. As of today, Meta Platforms Inc has a market capitalization of 1617119.55 in USD, with 2529.56 shares outstanding.\n\nMeta Platforms Inc operates primarily in the US, trading under the ticker META on the NASDAQ NMS - GLOBAL MARKET. As a dominant force in the Media space, the company continues to innovate and drive progress within the industry.\n\n[QUANT SIGNALS - STRUCTURAL]:\n- Price Move: META decreased by 0.05% (756.00 -> 755.59)\n- Alpha vs Nasdaq-100: -1.40% (Underperformed)\n- Market Context (VIX): N/A\n- Volume Status: Normal (Z-Score: -0.8)\n- Volatility (ATR): 12.93 (Normal)\n- Weekly RSI (Trend Strength): 68.3 (Neutral)\n\n[TECHNICALS - DAILY]:\n- Daily RSI: 50.5 (Neutral)\n- Trend: Strong Uptrend\n- MACD: Bearish Crossover\n- Mean Reversion: 1.9% from SMA50 (Normal)\n\n[NEWS]:\n\nNo relative news reported.\n\n[QUANT SIGNALS - STRUCTURAL]:\n- Price Move: META increased by 2.76% (757.47 -> 778.38)\n- Alpha vs Nasdaq-100: +1.46% (Outperformed)\n- Market Context (VIX): N/A\n- Volume Status: HUGE (Z-Score: 3.7)\n- Volatility (ATR): 15.62 (Normal)\n- Weekly RSI (Trend Strength): 62.0 (Neutral)\n\n[TECHNICALS - DAILY]:\n- Daily RSI: 72.8 (Overbought)\n- Trend: Strong Uptrend\n- MACD: Bullish Crossover\n- Mean Reversion: 4.3% from SMA50 (Normal)\n\n[NEWS]:\n\nNo relative news reported.\n\n[QUANT SIGNALS - STRUCTURAL]:\n- Price Move: META decreased by 4.87% (781.85 -> 743.75)\n- Alpha vs Nasdaq-100: -3.84% (Underperformed)\n- Market Context (VIX): N/A\n- Volume Status: Normal (Z-Score: -0.4)\n- Volatility (ATR): 16.00 (Normal)\n- Weekly RSI (Trend Strength): 69.2 (Neutral)\n\n[TECHNICALS - DAILY]:\n- Daily RSI: 46.2 (Neutral)\n- Trend: Bullish\n- MACD: Bearish Crossover\n- Mean Reversion: -1.0% from SMA50 (Normal)\n\n[NEWS]:\n\nNo relative news reported.\n\n[QUANT SIGNALS - STRUCTURAL]:\n- Price Move: META decreased by 5.10% (748.72 -> 710.56)\n- Alpha vs Nasdaq-100: -5.84% (Underperformed)\n- Market Context (VIX): N/A\n- Volume Status: Normal (Z-Score: 1.0)\n- Volatility (ATR): 16.78 (Normal)\n- Weekly RSI (Trend Strength): 60.9 (Neutral)\n\n[TECHNICALS - DAILY]:\n- Daily RSI: 27.8 (Oversold)\n- Trend: Bullish\n- MACD: Bearish Crossover\n- Mean Reversion: -5.6% from SMA50 (Normal)\n\n[NEWS]:\n\nNo relative news reported.\nSome recent basic financials of META, reported at 2025-09-30, are presented below:\n\n[Basic Financials]:\n\nassetTurnoverTTM: 0.6562\nbookValue: 194066\ncashRatio: 0.2756372098057254\ncurrentRatio: 1.9784\nebitPerShare: 7.9841\neps: 1.0533\nev: 1863513.5\nevEbitdaTTM: 18.5533\nevRevenueTTM: 9.8361\nfcfMargin: 0.218\nfcfPerShareTTM: 17.787\ngrossMargin: 0.8203\nlongtermDebtTotalAsset: 0.0949\nlongtermDebtTotalCapital: 0.1294\nlongtermDebtTotalEquity: 0.1486\nnetDebtToTotalCapital: 0.0837\nnetDebtToTotalEquity: 0.0961\nnetMargin: 0.0529\noperatingMargin: 0.4007\npayoutRatioTTM: 0.0898\npb: 9.5064\npeTTM: 31.5211\npfcfTTM: 41.1424\npretaxMargin: 0.4228\npsTTM: 9.7377\nptbv: 9.6647\nquickRatio: 1.8006\nreceivablesTurnoverTTM: 11.8422\nroaTTM: 0.2027\nroeTTM: 0.3093\nroicTTM: 0.2684\nrotcTTM: 0.3756\nsalesPerShare: 19.923\nsgaToSale: 0.1797\ntangibleBookValue: 190887\ntotalDebtToEquity: 0.1486\ntotalDebtToTotalAsset: 0.0949\ntotalDebtToTotalCapital: 0.1294\ntotalRatio: 2.7678\n\nBased on all the information before 2025-10-06, let's first analyze the positive developments and potential concerns for META. Come up with 2-4 most important factors respectively and keep them concise. Integrate both quantitative signals and news to explain the movement. Then let's assume your prediction for the coming trading week (2025-10-06 pre-market to 2025-10-10 close) is up by 0-1%. Pay special attention to [WEEKEND NEWS - PRE-MARKET], because this information is available before Monday open. Provide a summary analysis to support your prediction. Before writing the analysis, cross-reference the [QUANT SIGNALS] with the [NEWS]. If the prediction is up by 0-1% but the technicals show a conflict (e.g., predicting 'Up' when Trend is 'Strong Downtrend'), explain this divergence logically (e.g., as a 'trend reversal' or 'short squeeze') rather than ignoring the data. The prediction result need to be inferred from your analysis at the end, and thus not appearing as a foundational factor of your analysis.","[Positive Developments]:
1. Strong profitability with high margins: Gross margin of 82.03% and operating margin of 40.07% indicate robust earnings power.
2. Healthy cash flow generation: Free cash flow per share of 17.787 supports financial flexibility and potential shareholder returns.
3. Oversold technical condition: Daily RSI of 27.8 suggests the stock is primed for a short-term rebound.
4. Instance of market outperformance: A prior week saw a 2.76% gain with +1.46% alpha and huge volume, reflecting underlying demand.

[Potential Concerns]:
1. Consistent relative underperformance: META underperformed the Nasdaq-100 in three of the past four weeks, with alpha as low as -5.84%, signaling weakness.
2. Bearish momentum signals: Multiple bearish MACD crossovers indicate ongoing downward pressure.
3. Elevated valuation: High P/E (31.52) and P/FCF (41.14) ratios may cap near-term upside.
4. Recent sharp declines: Consecutive weekly drops of 4.87% and 5.10% on normal volume point to sustained selling pressure.

[Prediction & Analysis]:
The prediction for the coming week (2025-10-06 to 2025-10-10) is a modest increase of 0-1%. This is primarily driven by the technical oversold condition, with the daily RSI at 27.8 indicating a high likelihood of a bounce or mean reversion. While recent trends show underperformance and bearish MACD crossovers, the absence of company-specific news suggests the declines were flow-driven, likely due to sector rotation or beta-adjusted market moves rather than fundamental cracks. Strong financials, including high margins and cash flow, provide a fundamental floor. The stock is trading 5.6% below its 50-day SMA, which is within normal bounds but offers room for a technical recovery. Expect a subdued rally as buyers cautiously re-enter at lower levels, but gains may be limited by the bearish momentum signals and high valuations.

[Primary Driver]:
Technical",up by 0-1%,2025-10-06,2025-10-10,136,Technical
"[Company Introduction]:\n\nMeta Platforms Inc is a leading entity in the Media sector. Incorporated and publicly traded since 2012-05-18, the company has established its reputation as one of the key players in the market. As of today, Meta Platforms Inc has a market capitalization of 1617119.55 in USD, with 2529.56 shares outstanding.\n\nMeta Platforms Inc operates primarily in the US, trading under the ticker META on the NASDAQ NMS - GLOBAL MARKET. As a dominant force in the Media space, the company continues to innovate and drive progress within the industry.\n\n[QUANT SIGNALS - STRUCTURAL]:\n- Price Move: META decreased by 13.52% (749.73 -> 648.35)\n- Alpha vs Nasdaq-100: -13.68% (Underperformed)\n- Market Context (VIX): N/A\n- Volume Status: High (Z-Score: 1.9)\n- Volatility (ATR): 21.85 (High)\n- Weekly RSI (Trend Strength): 56.2 (Neutral)\n\n[TECHNICALS - DAILY]:\n- Daily RSI: 29.5 (Oversold)\n- Trend: Strong Downtrend\n- MACD: Bearish Crossover\n- Mean Reversion: -12.2% from SMA50 (Normal)\n\n[NEWS]:\n\nNo relative news reported.\n[Basic Financials]:\n\nNo basic financial reported.\n\nBased on all the information before 2025-11-03, let's first analyze the positive developments and potential concerns for META. Come up with 2-4 most important factors respectively and keep them concise. Integrate both quantitative signals and news to explain the movement. Then let's assume your prediction for the coming trading week (2025-11-03 pre-market to 2025-11-07 close) is down by more than 5%. Pay special attention to [WEEKEND NEWS - PRE-MARKET], because this information is available before Monday open. Provide a summary analysis to support your prediction. Before writing the analysis, cross-reference the [QUANT SIGNALS] with the [NEWS]. If the prediction is down by more than 5% but the technicals show a conflict (e.g., predicting 'Up' when Trend is 'Strong Downtrend'), explain this divergence logically (e.g., as a 'trend reversal' or 'short squeeze') rather than ignoring the data. The prediction result need to be inferred from your analysis at the end, and thus not appearing as a foundational factor of your analysis.","[Positive Developments]:
1. Daily RSI of 29.5 indicates the stock is in oversold territory, which can sometimes provide a technical floor or trigger a short-term bounce.
2. The mean reversion metric shows the stock is -12.2% from its SMA50, which is categorized as ""Normal,"" suggesting the recent sell-off is not yet a statistically extreme deviation from its medium-term trend.

[Potential Concerns]:
1. Significant Underperformance & Price Collapse: The stock dropped 13.52% last week and underperformed the Nasdaq-100 by 13.68%, indicating severe, company-specific selling pressure absent a broad market decline.
2. High Volume Sell-off & Bearish Momentum: The high Volume Z-Score (1.9) combined with a ""Strong Downtrend"" and Bearish MACD crossover confirms the move was driven by aggressive institutional selling, not noise.
3. Absence of News to Explain or Halt the Decline: With no relative news reported, the sell-off is unexplained by public fundamentals, increasing uncertainty and the risk of further downside as the market searches for a catalyst.
4. High Volatility Environment: The High ATR (21.85) indicates wide daily price swings are now the norm, increasing the risk of a further sharp decline.

[Prediction & Analysis]:
Our prediction for the coming week (2025-11-03 to 2025-11-07) is that META will be **down by more than 5%**.

The analysis is as follows: The core conflict is between the oversold daily RSI (a potential bullish signal) and the powerful bearish momentum evidenced by last week's high-volume collapse. The technical reality is that oversold conditions can persist during a strong downtrend, especially when driven by panic or fundamental re-evaluation. The stock's severe underperformance versus its index (-13.68% Alpha) points to a hidden, likely negative, narrative that the market is pricing in ahead of official news. The high-volume breakdown is a technically destructive event that often leads to follow-through selling as momentum traders and stop-losses are triggered.

The critical element is the **[WEEKEND NEWS - PRE-MARKET]**. While the provided data states ""No relative news reported,"" the scenario's premise for a >5% down prediction implies that negative company-specific or sector news emerged over the weekend (e.g., a downgrade, regulatory threat, or weak sector data). This new negative narrative would directly override the oversold technical condition. It would validate the prior week's sell-off, crush any nascent bargain-hunting, and likely lead to a gap down at Monday's open. The high volatility (ATR) environment means such a gap could easily exceed 5% on its own, with selling pressure continuing through the week as the new reality is digested. Therefore, the oversold condition is not seen as a reversal signal but rather a reflection of the intensity of the selling, which is poised to resume with a new catalyst.

[Primary Driver]:
Narrative",down by more than 5%,2025-11-03,2025-11-07,140,Narrative
"[Company Introduction]:\n\nMeta Platforms Inc is a leading entity in the Media sector. Incorporated and publicly traded since 2012-05-18, the company has established its reputation as one of the key players in the market. As of today, Meta Platforms Inc has a market capitalization of 1617119.55 in USD, with 2529.56 shares outstanding.\n\nMeta Platforms Inc operates primarily in the US, trading under the ticker META on the NASDAQ NMS - GLOBAL MARKET. As a dominant force in the Media space, the company continues to innovate and drive progress within the industry.\n\n[QUANT SIGNALS - STRUCTURAL]:\n- Price Move: META increased by 0.02% (705.19 -> 705.30)\n- Alpha vs Nasdaq-100: +3.01% (Outperformed)\n- Market Context (VIX): N/A\n- Volume Status: Normal (Z-Score: 0.8)\n- Volatility (ATR): 17.55 (Normal)\n- Weekly RSI (Trend Strength): 45.6 (Neutral)\n\n[TECHNICALS - DAILY]:\n- Daily RSI: 28.8 (Oversold)\n- Trend: Bullish\n- MACD: Bearish Crossover\n- Mean Reversion: -6.3% from SMA50 (Normal)\n\n[NEWS]:\n\nNo relative news reported.\n\n[QUANT SIGNALS - STRUCTURAL]:\n- Price Move: META increased by 0.55% (713.01 -> 716.92)\n- Alpha vs Nasdaq-100: +0.23% (Outperformed)\n- Market Context (VIX): N/A\n- Volume Status: Normal (Z-Score: -0.1)\n- Volatility (ATR): 18.26 (Normal)\n- Weekly RSI (Trend Strength): 47.3 (Neutral)\n\n[TECHNICALS - DAILY]:\n- Daily RSI: 40.9 (Neutral)\n- Trend: Bullish\n- MACD: Bearish Crossover\n- Mean Reversion: -4.1% from SMA50 (Normal)\n\n[NEWS]:\n\nNo relative news reported.\n\n[QUANT SIGNALS - STRUCTURAL]:\n- Price Move: META increased by 2.38% (721.19 -> 738.36)\n- Alpha vs Nasdaq-100: +1.47% (Outperformed)\n- Market Context (VIX): N/A\n- Volume Status: Normal (Z-Score: -0.7)\n- Volatility (ATR): 15.66 (Normal)\n- Weekly RSI (Trend Strength): 49.9 (Neutral)\n\n[TECHNICALS - DAILY]:\n- Daily RSI: 60.4 (Neutral)\n- Trend: Bullish\n- MACD: Bullish Crossover\n- Mean Reversion: -0.6% from SMA50 (Normal)\n\n[NEWS]:\n\nNo relative news reported.\n[Basic Financials]:\n\nNo basic financial reported.\n\nBased on all the information before 2025-10-27, let's first analyze the positive developments and potential concerns for META. Come up with 2-4 most important factors respectively and keep them concise. Integrate both quantitative signals and news to explain the movement. Then let's assume your prediction for the coming trading week (2025-10-27 pre-market to 2025-10-31 close) is down by more than 5%. Pay special attention to [WEEKEND NEWS - PRE-MARKET], because this information is available before Monday open. Provide a summary analysis to support your prediction. Before writing the analysis, cross-reference the [QUANT SIGNALS] with the [NEWS]. If the prediction is down by more than 5% but the technicals show a conflict (e.g., predicting 'Up' when Trend is 'Strong Downtrend'), explain this divergence logically (e.g., as a 'trend reversal' or 'short squeeze') rather than ignoring the data. The prediction result need to be inferred from your analysis at the end, and thus not appearing as a foundational factor of your analysis.","[Positive Developments]:
1. **Consistent Alpha Generation**: META outperformed the Nasdaq-100 (QQQ) on all three reported days, with significant alpha of +3.01% on the first day, indicating relative strength and institutional favor.
2. **Improving Technical Structure**: The daily RSI recovered sharply from an oversold condition (28.8) to a neutral zone (60.4), and the MACD showed a bullish crossover by the final session, suggesting waning downward momentum and a potential shift in short-term sentiment.
3. **Price Trend and Mean Reversion**: The stock maintained a ""Bullish"" daily trend and closed the period just -0.6% from its SMA50, indicating it successfully reclaimed key technical ground and is no longer meaningfully extended below its medium-term average.

[Potential Concerns]:
1. **Absence of Fundamental Catalysts**: All price movement occurred with ""No relative news reported."" The rally lacks a clear fundamental narrative, making it susceptible to reversal if broader market sentiment sours or if sector flows shift.
2. **Neutral-to-Weak Volume Confirmation**: Volume Z-Scores were normal or slightly negative during the advance (-0.1, -0.7), indicating the move was not driven by explosive institutional buying. This raises questions about the sustainability of the breakout.
3. **Vulnerability at Resistance**: The move to ~$738 brings the price back to a logical technical area (near the SMA50). Without a catalyst, this level can act as resistance, inviting profit-taking from traders who bought the dip.

[Prediction & Analysis]:
My analysis predicts a decline of more than 5% for META in the trading week of 2025-10-27 to 2025-10-31.

The core of this prediction hinges on reconciling the seemingly bullish short-term technical improvement with a sharp impending decline. The recent price action is best interpreted as a **technical bounce within a larger corrective phase**, driven by market mechanics (beta and short-term mean reversion) rather than a fundamental re-rating. The stock's consistent alpha suggests it was a beneficiary of selective tech flows, but the low-volume advance indicates shallow conviction.

The prediction for a significant drop stems from a logical **""narrative-driven reversal""** scenario. The improving daily technicals (RSI, MACD) have likely encouraged short-term momentum buyers. However, with the stock now at a neutral weekly RSI (49.9) and testing its SMA50, it faces a classic resistance zone. In the absence of its own positive news to propel it higher, META becomes vulnerable to a **sell-the-news** or **risk-off** reaction from a broader market event or sector rotation. The most plausible trigger is the [WEEKEND NEWS - PRE-MARKET], which, while not specified here, would logically be a negative catalyst for Meta (e.g., adverse regulatory news, a strong competitor announcement, or disappointing sector earnings). This external shock would overwhelm the fragile technical recovery, trigger stop-losses below recent support, and lead to a rapid unwind of the preceding days' gains, resulting in a >5% weekly decline.

[Primary Driver]:
**Mixed** (initially Technical/Flow, shifting to Narrative). The pre-weekend move was driven by a combination of technical oversold bounce and sector-relative flows (Alpha). The predicted sharp down move is premised on a **narrative** catalyst (the weekend news) interrupting that technical repair process.",down by more than 5%,2025-10-27,2025-10-31,139,"**Mixed** (initially Technical/Flow, shifting to Narrative). The pre-weekend move was driven by a combination of technical oversold bounce and sector-relative flows (Alpha). The predicted sharp down move is premised on a **narrative** catalyst (the weekend news) interrupting that technical repair process."
"[Company Introduction]:\n\nMeta Platforms Inc is a leading entity in the Media sector. Incorporated and publicly traded since 2012-05-18, the company has established its reputation as one of the key players in the market. As of today, Meta Platforms Inc has a market capitalization of 1617119.55 in USD, with 2529.56 shares outstanding.\n\nMeta Platforms Inc operates primarily in the US, trading under the ticker META on the NASDAQ NMS - GLOBAL MARKET. As a dominant force in the Media space, the company continues to innovate and drive progress within the industry.\n\n[QUANT SIGNALS - STRUCTURAL]:\n- Price Move: META increased by 3.64% (726.04 -> 752.45)\n- Alpha vs Nasdaq-100: +1.79% (Outperformed)\n- Market Context (VIX): N/A\n- Volume Status: Normal (Z-Score: -0.1)\n- Volatility (ATR): 15.68 (Normal)\n- Weekly RSI (Trend Strength): 69.0 (Neutral)\n\n[TECHNICALS - DAILY]:\n- Daily RSI: 34.8 (Neutral)\n- Trend: Strong Uptrend\n- MACD: Bearish Crossover\n- Mean Reversion: 1.9% from SMA50 (Normal)\n\n[NEWS]:\n\nNo relative news reported.\n\n[QUANT SIGNALS - STRUCTURAL]:\n- Price Move: META decreased by 0.05% (756.00 -> 755.59)\n- Alpha vs Nasdaq-100: -1.40% (Underperformed)\n- Market Context (VIX): N/A\n- Volume Status: Normal (Z-Score: -0.8)\n- Volatility (ATR): 12.93 (Normal)\n- Weekly RSI (Trend Strength): 68.3 (Neutral)\n\n[TECHNICALS - DAILY]:\n- Daily RSI: 50.5 (Neutral)\n- Trend: Strong Uptrend\n- MACD: Bearish Crossover\n- Mean Reversion: 1.9% from SMA50 (Normal)\n\n[NEWS]:\n\nNo relative news reported.\n\n[QUANT SIGNALS - STRUCTURAL]:\n- Price Move: META increased by 2.76% (757.47 -> 778.38)\n- Alpha vs Nasdaq-100: +1.46% (Outperformed)\n- Market Context (VIX): N/A\n- Volume Status: HUGE (Z-Score: 3.7)\n- Volatility (ATR): 15.62 (Normal)\n- Weekly RSI (Trend Strength): 62.0 (Neutral)\n\n[TECHNICALS - DAILY]:\n- Daily RSI: 72.8 (Overbought)\n- Trend: Strong Uptrend\n- MACD: Bullish Crossover\n- Mean Reversion: 4.3% from SMA50 (Normal)\n\n[NEWS]:\n\nNo relative news reported.\n[Basic Financials]:\n\nNo basic financial reported.\n\nBased on all the information before 2025-09-22, let's first analyze the positive developments and potential concerns for META. Come up with 2-4 most important factors respectively and keep them concise. Integrate both quantitative signals and news to explain the movement. Then let's assume your prediction for the coming trading week (2025-09-22 pre-market to 2025-09-26 close) is down by 4-5%. Pay special attention to [WEEKEND NEWS - PRE-MARKET], because this information is available before Monday open. Provide a summary analysis to support your prediction. Before writing the analysis, cross-reference the [QUANT SIGNALS] with the [NEWS]. If the prediction is down by 4-5% but the technicals show a conflict (e.g., predicting 'Up' when Trend is 'Strong Downtrend'), explain this divergence logically (e.g., as a 'trend reversal' or 'short squeeze') rather than ignoring the data. The prediction result need to be inferred from your analysis at the end, and thus not appearing as a foundational factor of your analysis.","[Positive Developments]:
1. Strong Uptrend and Momentum: The stock is in a strong uptrend with consecutive weekly gains (3.64% and 2.76%), supported by a bullish MACD crossover in the latest snapshot, indicating sustained upward momentum.
2. Relative Outperformance: META outperformed the Nasdaq-100 in two of three periods (+1.79% and +1.46% alpha), demonstrating resilience and leadership within the sector.
3. Significant Institutional Interest: The latest price increase was accompanied by HUGE volume (Z-Score: 3.7), suggesting strong institutional or large-scale buying interest, often a precursor to continued momentum.

[Potential Concerns]:
1. Overbought Technical Conditions: The daily RSI reached 72.8 in the last snapshot, entering overbought territory. This increases the risk of a short-term pullback as traders may take profits.
2. Inconsistent Relative Strength: META underperformed the Nasdaq-100 by -1.40% in one period, indicating volatility and potential vulnerability to broader market shifts despite overall strength.
3. Lack of Fundamental Catalysts: No company-specific news or financial updates were reported, raising questions about the sustainability of gains and leaving the stock susceptible to technical corrections.
4. Extended Valuation from Key Average: The price is 4.3% above the SMA50 (up from 1.9%), which, while normal, combined with an overbought RSI, heightens the likelihood of a mean-reverting decline.

[Prediction & Analysis]:
Prediction: For the trading week from 2025-09-22 pre-market to 2025-09-26 close, META is anticipated to decline by 4-5%.

Analysis:
- Technical Reality: The daily RSI of 72.8 is overbought, a classic signal for a potential pullback. Although the trend remains strongly upward and the MACD is bullish, overbought conditions often precede short-term corrections, especially without new catalysts. The 4.3% extension above the SMA50 supports a mean-reversion scenario, with a 4-5% drop aligning with a retest of this moving average.
- Relative Performance: While META has shown outperformance, the recent underperformance episode and overbought state suggest it may struggle to maintain alpha, particularly if market sentiment shifts. The neutral weekly RSI (62.0) indicates the broader trend is intact but offers limited cushion against a correction.
- News Catalyst: No company-specific news was reported, implying that recent gains are not driven by fundamental developments. This absence increases reliance on technical and flow factors, which are prone to reversal when overextended.
- Dealing with ""No News"": The significant price increase with huge volume in the last period is best attributed to market mechanics—specifically, momentum-driven flows or sector rotation, as indicated by the volume Z-Score of 3.7. Such flow-based rallies can reverse quickly when overbought signals emerge, leading to profit-taking.
- Divergence Explanation: The prediction of a down move conflicts with the strong uptrend and bullish MACD, but this is logically explained as a short-term technical correction within a larger uptrend. Overbought RSI levels often trigger profit-taking, causing temporary declines without breaking the overall trend, especially in the absence of reinforcing news.

[Primary Driver]:
Technical",down by 4-5%,2025-09-22,2025-09-26,134,Technical
"[Company Introduction]:\n\nMeta Platforms Inc is a leading entity in the Media sector. Incorporated and publicly traded since 2012-05-18, the company has established its reputation as one of the key players in the market. As of today, Meta Platforms Inc has a market capitalization of 1617119.55 in USD, with 2529.56 shares outstanding.\n\nMeta Platforms Inc operates primarily in the US, trading under the ticker META on the NASDAQ NMS - GLOBAL MARKET. As a dominant force in the Media space, the company continues to innovate and drive progress within the industry.\n\n[QUANT SIGNALS - STRUCTURAL]:\n- Price Move: META decreased by 5.23% (656.00 -> 621.71)\n- Alpha vs Nasdaq-100: -1.69% (Underperformed)\n- Market Context (VIX): N/A\n- Volume Status: Normal (Z-Score: 0.4)\n- Volatility (ATR): 22.64 (High)\n- Weekly RSI (Trend Strength): 40.9 (Neutral)\n\n[TECHNICALS - DAILY]:\n- Daily RSI: 17.9 (Oversold)\n- Trend: Strong Downtrend\n- MACD: Bearish Crossover\n- Mean Reversion: -14.4% from SMA50 (Normal)\n\n[NEWS]:\n\nNo relative news reported.\n[Basic Financials]:\n\nNo basic financial reported.\n\nBased on all the information before 2025-11-10, let's first analyze the positive developments and potential concerns for META. Come up with 2-4 most important factors respectively and keep them concise. Integrate both quantitative signals and news to explain the movement. Then let's assume your prediction for the coming trading week (2025-11-10 pre-market to 2025-11-14 close) is down by 3-4%. Pay special attention to [WEEKEND NEWS - PRE-MARKET], because this information is available before Monday open. Provide a summary analysis to support your prediction. Before writing the analysis, cross-reference the [QUANT SIGNALS] with the [NEWS]. If the prediction is down by 3-4% but the technicals show a conflict (e.g., predicting 'Up' when Trend is 'Strong Downtrend'), explain this divergence logically (e.g., as a 'trend reversal' or 'short squeeze') rather than ignoring the data. The prediction result need to be inferred from your analysis at the end, and thus not appearing as a foundational factor of your analysis.","[Positive Developments]:
1. **Extremely Oversold Daily Condition**: The daily RSI of 17.9 is deeply in oversold territory, a condition that historically precedes technical bounces or periods of consolidation as selling pressure exhausts.
2. **Neutral Weekly Trend Foundation**: The weekly RSI at 40.9 is neutral, indicating the longer-term uptrend is not broken, which could provide a base for stabilization.
3. **Mean Reversion Setup**: Trading 14.4% below its 50-day moving average places it in a ""normal"" band for a mean-reversion bounce, a common occurrence in strong trending stocks.

[Potential Concerns]:
1. **Strong Bearish Momentum and Underperformance**: The stock is in a ""Strong Downtrend"" with a bearish MACD crossover and underperformed its index (Nasdaq-100) by 1.69%, signaling persistent and relative selling pressure.
2. **High Volatility Amid No News**: The high Average True Range (ATR) of 22.64 combined with a significant price drop on ""Normal"" volume, but with no company-specific news, suggests the move was likely driven by aggressive sector-wide or broad market selling flows.
3. **Absence of a Catalytic Driver**: The lack of positive company news or financial updates removes a potential near-term catalyst to arrest the downtrend, leaving the price vulnerable to continued market mechanics.

[Prediction & Analysis]:
The prediction for a down move of 3-4% in the coming week, despite the deeply oversold daily RSI, is based on a hierarchy of the prevailing signals. First, the **Technical Reality** shows a ""Strong Downtrend"" and bearish MACD, defining the current path of least resistance as down. The oversold condition warns of potential for a sharp but likely short-lived bounce, not a sustained reversal, especially without a catalyst.

Second, the **Relative Performance** was negative (underperforming the NDX), confirming inherent weakness. The significant drop on no specific news points to **Market Mechanics** as the primary driver—likely an institutional or systematic sell-off within the tech/media sector, which can have momentum and spill over into the following week. The high ATR supports that large daily swings are now the norm.

Therefore, while a bounce from the extreme oversold level is possible at any time, the combination of bearish momentum, high volatility, and absence of a positive catalyst suggests any rally attempt will be sold into. The most probable outcome is continued downward pressure, with the high volatility allowing for a 3-4% decline within the week, potentially punctuated by intraweek rallies that fail to hold.

[Primary Driver]:
Flow",down by 3-4%,2025-11-10,2025-11-14,141,Flow
"[Company Introduction]:\n\nMeta Platforms Inc is a leading entity in the Media sector. Incorporated and publicly traded since 2012-05-18, the company has established its reputation as one of the key players in the market. As of today, Meta Platforms Inc has a market capitalization of 1617119.55 in USD, with 2529.56 shares outstanding.\n\nMeta Platforms Inc operates primarily in the US, trading under the ticker META on the NASDAQ NMS - GLOBAL MARKET. As a dominant force in the Media space, the company continues to innovate and drive progress within the industry.\n\n[QUANT SIGNALS - STRUCTURAL]:\n- Price Move: META decreased by 5.23% (656.00 -> 621.71)\n- Alpha vs Nasdaq-100: -1.69% (Underperformed)\n- Market Context (VIX): N/A\n- Volume Status: Normal (Z-Score: 0.4)\n- Volatility (ATR): 22.64 (High)\n- Weekly RSI (Trend Strength): 40.9 (Neutral)\n\n[TECHNICALS - DAILY]:\n- Daily RSI: 17.9 (Oversold)\n- Trend: Strong Downtrend\n- MACD: Bearish Crossover\n- Mean Reversion: -14.4% from SMA50 (Normal)\n\n[NEWS]:\n\nNo relative news reported.\n\n[QUANT SIGNALS - STRUCTURAL]:\n- Price Move: META decreased by 3.43% (631.09 -> 609.46)\n- Alpha vs Nasdaq-100: -1.12% (Underperformed)\n- Market Context (VIX): N/A\n- Volume Status: Normal (Z-Score: -0.2)\n- Volatility (ATR): 24.10 (High)\n- Weekly RSI (Trend Strength): 31.4 (Neutral)\n\n[TECHNICALS - DAILY]:\n- Daily RSI: 12.3 (Oversold)\n- Trend: Strong Downtrend\n- MACD: Bearish Crossover\n- Mean Reversion: -14.6% from SMA50 (Normal)\n\n[NEWS]:\n\nNo relative news reported.\n\n[QUANT SIGNALS - STRUCTURAL]:\n- Price Move: META decreased by 2.43% (609.04 -> 594.25)\n- Alpha vs Nasdaq-100: -0.18% (Underperformed)\n- Market Context (VIX): N/A\n- Volume Status: Normal (Z-Score: -0.3)\n- Volatility (ATR): 17.59 (Normal)\n- Weekly RSI (Trend Strength): 26.3 (Oversold)\n\n[TECHNICALS - DAILY]:\n- Daily RSI: 27.9 (Oversold)\n- Trend: Strong Downtrend\n- MACD: Bearish Crossover\n- Mean Reversion: -14.8% from SMA50 (Normal)\n\n[NEWS]:\n\nNo relative news reported.\n[WEEKEND NEWS - PRE-MARKET]:\n[Headline]: On Running Shoes Won't Be Running Black Friday Deals Despite 'Price-Competitive Environment'\n[Summary]: Swiss footwear company On Holding (NYSE:ONON) will offer no Black Friday deals in an effort to solidify itself as a premium brand, company officials recently said. ""We’re going into this holiday season with a full price strategy,"" On Executive co-Chairman Caspar Coppetti said during the company's Q3 earnings call last week. ""So we have no discounts coming up, and that’s against the backdrop of a very price-competitive environment. So we’re really staying true to the discipline that the premium s\n\n[Basic Financials]:\n\nNo basic financial reported.\n\nBased on all the information before 2025-11-24, let's first analyze the positive developments and potential concerns for META. Come up with 2-4 most important factors respectively and keep them concise. Integrate both quantitative signals and news to explain the movement. Then let's assume your prediction for the coming trading week (2025-11-24 pre-market to 2025-11-28 close) is up by more than 5%. Pay special attention to [WEEKEND NEWS - PRE-MARKET], because this information is available before Monday open. Provide a summary analysis to support your prediction. Before writing the analysis, cross-reference the [QUANT SIGNALS] with the [NEWS]. If the prediction is up by more than 5% but the technicals show a conflict (e.g., predicting 'Up' when Trend is 'Strong Downtrend'), explain this divergence logically (e.g., as a 'trend reversal' or 'short squeeze') rather than ignoring the data. The prediction result need to be inferred from your analysis at the end, and thus not appearing as a foundational factor of your analysis.","[Positive Developments]:
1. **Extreme Oversold Technical Condition**: Daily RSI is deeply oversold at levels of 12.3 and 17.9 in recent sessions, historically a condition that can precede a technical bounce or short-term rally.
2. **Approaching Mean Reversion Support**: The stock is trading approximately -14.8% below its 50-day Simple Moving Average (SMA50), which is in the ""Normal"" range for mean reversion but at an extended level that can attract buyers looking for a rebound toward the mean.
3. **High Volatility Indicating Pent-up Energy**: The Average True Range (ATR) has been high, indicating significant daily price swings. This volatility can work in both directions and may provide fuel for a sharp upward move if buying pressure emerges.

[Potential Concerns]:
1. **Persistent Downtrend and Underperformance**: The stock is in a ""Strong Downtrend"" on the daily chart, has shown a bearish MACD crossover, and has consistently underperformed the Nasdaq-100 (negative Alpha) across all reported periods. This suggests sustained selling pressure and relative weakness.
2. **Absence of Fundamental Catalysts**: There is a complete lack of company-specific positive news to act as a catalyst for a reversal. The weekend news regarding On Holding's pricing strategy is irrelevant to Meta's core business and provides no fundamental support.
3. **Weekly Trend Weakness**: The Weekly RSI has deteriorated into oversold territory (26.3), confirming the downtrend on a longer timeframe and suggesting broader, structural selling pressure beyond daily fluctuations.

[Prediction & Analysis]:
The prediction is for META to rise by more than 5% in the coming week. This forecast is based on a counter-trend rebound thesis driven by extreme oversold conditions, not a reversal of the prevailing downtrend. The daily RSI readings are at severely oversold levels that often precipitate a technical bounce, even within a broader bearish context. The stock's significant deviation from its SMA50 also provides a mean reversion target. The high volatility (ATR) indicates the market is prone to large moves, and the normal volume Z-scores suggest the recent selling was not panic-driven capitulation, potentially leaving room for a swift rally if buyers step in. The consistent underperformance versus the index highlights the stock's weakness but also sets a low bar; any stabilization in the broader market or sector could trigger a disproportionate snap-back in this heavily sold name. The lack of news is a headwind, meaning the move would be purely technical and flow-driven, likely requiring a market-wide relief rally or short covering as a catalyst. The prediction anticipates such a mechanical bounce from deeply oversold levels.

[Primary Driver]:
Technical",up by more than 5%,2025-11-24,2025-11-28,143,Technical
"[Company Introduction]:\n\nMeta Platforms Inc is a leading entity in the Media sector. Incorporated and publicly traded since 2012-05-18, the company has established its reputation as one of the key players in the market. As of today, Meta Platforms Inc has a market capitalization of 1617119.55 in USD, with 2529.56 shares outstanding.\n\nMeta Platforms Inc operates primarily in the US, trading under the ticker META on the NASDAQ NMS - GLOBAL MARKET. As a dominant force in the Media space, the company continues to innovate and drive progress within the industry.\n\n[QUANT SIGNALS - STRUCTURAL]:\n- Price Move: META decreased by 3.75% (669.34 -> 644.23)\n- Alpha vs Nasdaq-100: -2.04% (Underperformed)\n- Market Context (VIX): N/A\n- Volume Status: Normal (Z-Score: -0.7)\n- Volatility (ATR): 19.58 (High)\n- Weekly RSI (Trend Strength): 41.2 (Neutral)\n\n[TECHNICALS - DAILY]:\n- Daily RSI: 66.9 (Neutral)\n- Trend: Strong Downtrend\n- MACD: Bullish Crossover\n- Mean Reversion: -3.5% from SMA50 (Normal)\n\n[NEWS]:\n\nNo relative news reported.\n[Basic Financials]:\n\nNo basic financial reported.\n\nBased on all the information before 2025-12-15, let's first analyze the positive developments and potential concerns for META. Come up with 2-4 most important factors respectively and keep them concise. Integrate both quantitative signals and news to explain the movement. Then let's assume your prediction for the coming trading week (2025-12-15 pre-market to 2025-12-19 close) is up by 2-3%. Pay special attention to [WEEKEND NEWS - PRE-MARKET], because this information is available before Monday open. Provide a summary analysis to support your prediction. Before writing the analysis, cross-reference the [QUANT SIGNALS] with the [NEWS]. If the prediction is up by 2-3% but the technicals show a conflict (e.g., predicting 'Up' when Trend is 'Strong Downtrend'), explain this divergence logically (e.g., as a 'trend reversal' or 'short squeeze') rather than ignoring the data. The prediction result need to be inferred from your analysis at the end, and thus not appearing as a foundational factor of your analysis.","[Positive Developments]:
1. Technical indicators show underlying strength despite recent price decline. The daily MACD exhibits a bullish crossover, suggesting potential momentum shift, and the weekly RSI at 41.2 is neutral, not oversold, leaving room for stabilization.
2. The stock is trading only -3.5% below its 50-day Simple Moving Average (SMA50), indicating a normal mean reversion level that could act as a support or attract buyers looking for a ""discount"" relative to the recent trend.
3. Volume during the decline was normal (Z-Score: -0.7), suggesting the sell-off was not driven by panic or capitulation, which could indicate a controlled, possibly flow-driven, move rather than a fundamental breakdown.

[Potential Concerns]:
1. The stock is in a ""Strong Downtrend"" on the daily timeframe and underperformed the Nasdaq-100 by -2.04%, signaling clear relative weakness and negative momentum that may not be easily reversed.
2. High Average True Range (ATR) of 19.58 points to elevated intraday volatility, which can amplify downside moves and increase risk in the short term.
3. The lack of positive company-specific news leaves the recent decline unexplained by fundamentals, suggesting the move may be driven by broader market/sector flows or technical selling pressure, which could persist.

[Prediction & Analysis]:
The analysis supports a cautious expectation for a 2-3% upward move in the coming week, primarily as a technical rebound within a broader downtrend. This prediction conflicts with the ""Strong Downtrend"" label but is logically justified by several converging factors. First, the bullish MACD crossover and neutral weekly RSI (41.2) indicate waning downside momentum and a potential for a short-term bounce. Second, the stock's underperformance relative to the Nasdaq-100 last week (-2.04% alpha) sets up for a possible mean-reversion or flow-driven bounce as underperforming large-cap tech names often see institutional rebalancing. Third, the proximity to the SMA50 (-3.5%) provides a classic technical level for a rebound. The absence of news suggests the recent decline was not driven by a deteriorating company narrative but rather by market mechanics—likely sector rotation or beta-driven selling given its high volatility. The predicted rise is therefore not a reversal of the primary trend, but a counter-trend rally or a pause to digest recent losses. The high volatility (ATR) will likely continue, making the path choppy.

[Primary Driver]:
Mixed",up by 2-3%,2025-12-15,2025-12-19,146,Mixed
"[Company Introduction]:\n\nMeta Platforms Inc is a leading entity in the Media sector. Incorporated and publicly traded since 2012-05-18, the company has established its reputation as one of the key players in the market. As of today, Meta Platforms Inc has a market capitalization of 1617119.55 in USD, with 2529.56 shares outstanding.\n\nMeta Platforms Inc operates primarily in the US, trading under the ticker META on the NASDAQ NMS - GLOBAL MARKET. As a dominant force in the Media space, the company continues to innovate and drive progress within the industry.\n\n[QUANT SIGNALS - STRUCTURAL]:\n- Price Move: META decreased by 5.23% (656.00 -> 621.71)\n- Alpha vs Nasdaq-100: -1.69% (Underperformed)\n- Market Context (VIX): N/A\n- Volume Status: Normal (Z-Score: 0.4)\n- Volatility (ATR): 22.64 (High)\n- Weekly RSI (Trend Strength): 40.9 (Neutral)\n\n[TECHNICALS - DAILY]:\n- Daily RSI: 17.9 (Oversold)\n- Trend: Strong Downtrend\n- MACD: Bearish Crossover\n- Mean Reversion: -14.4% from SMA50 (Normal)\n\n[NEWS]:\n\nNo relative news reported.\n\n[QUANT SIGNALS - STRUCTURAL]:\n- Price Move: META decreased by 3.43% (631.09 -> 609.46)\n- Alpha vs Nasdaq-100: -1.12% (Underperformed)\n- Market Context (VIX): N/A\n- Volume Status: Normal (Z-Score: -0.2)\n- Volatility (ATR): 24.10 (High)\n- Weekly RSI (Trend Strength): 31.4 (Neutral)\n\n[TECHNICALS - DAILY]:\n- Daily RSI: 12.3 (Oversold)\n- Trend: Strong Downtrend\n- MACD: Bearish Crossover\n- Mean Reversion: -14.6% from SMA50 (Normal)\n\n[NEWS]:\n\nNo relative news reported.\n[Basic Financials]:\n\nNo basic financial reported.\n\nBased on all the information before 2025-11-17, let's first analyze the positive developments and potential concerns for META. Come up with 2-4 most important factors respectively and keep them concise. Integrate both quantitative signals and news to explain the movement. Then let's assume your prediction for the coming trading week (2025-11-17 pre-market to 2025-11-21 close) is down by 2-3%. Pay special attention to [WEEKEND NEWS - PRE-MARKET], because this information is available before Monday open. Provide a summary analysis to support your prediction. Before writing the analysis, cross-reference the [QUANT SIGNALS] with the [NEWS]. If the prediction is down by 2-3% but the technicals show a conflict (e.g., predicting 'Up' when Trend is 'Strong Downtrend'), explain this divergence logically (e.g., as a 'trend reversal' or 'short squeeze') rather than ignoring the data. The prediction result need to be inferred from your analysis at the end, and thus not appearing as a foundational factor of your analysis.","[Positive Developments]:
1.  **Severely Oversold Daily Condition:** The daily RSI has plummeted to extremely oversold levels (12.3), which historically presents a condition for a potential technical bounce or consolidation, even within a broader downtrend.
2.  **Normal Mean Reversion:** The stock's distance from its 50-day SMA (-14.6%) is classified as ""Normal,"" indicating that while extended, the sell-off is not at an extreme statistical deviation that would *force* a major snapback.

[Potential Concerns]:
1.  **Unrelenting Downtrend & Bearish Momentum:** Both structural and daily technicals confirm a ""Strong Downtrend"" with a bearish MACD crossover. The weekly RSI, while ""Neutral,"" is declining (40.9 to 31.4), showing increasing bearish momentum on a longer timeframe.
2.  **Persistent Underperformance (Negative Alpha):** META has consistently underperformed the Nasdaq-100 index over the reported periods (-1.69% and -1.12%). This indicates selling pressure is specific to META or its sector, not just a broad market decline.
3.  **High Volatility on No News:** The Average True Range (ATR) is high and increasing, paired with significant price drops on ""Normal"" volume and no company-specific news. This suggests the move is driven by aggressive, flow-driven selling (e.g., institutional de-risking, sector rotation, or derivative hedging) rather than a fundamental re-rating.
4.  **Absence of a Catalytic Floor:** With no positive fundamental news to counteract the negative technical and flow picture, there is no clear narrative catalyst to halt the decline or inspire buyer confidence.

[Prediction & Analysis]:
**Prediction for the week of 2025-11-17: Down 2-3%.**

The analysis supports a continued downward move, despite the deeply oversold daily RSI. The key reasoning is hierarchical:
1.  **Technical Reality:** The dominant ""Strong Downtrend"" and bearish weekly momentum override the oversold daily signal. In powerful downtrends, oversold conditions can become even more oversold. The mean reversion signal is not at an extreme level that would compel a reversal.
2.  **Relative Performance:** The consistent negative alpha is a critical red flag. It shows META is being singled out for selling relative to its peers, suggesting a structural flow issue or a loss of favor that is not yet exhausted.
3.  **News Catalyst:** The ""No relative news reported"" is significant. The lack of a negative news catalyst to explain the drop means the selling is likely non-fundamental and driven by market mechanics. Without a fundamental reason to stop, these flow-driven sell-offs can continue until technical support is found or flows reverse. The absence of positive news also means there is no catalyst to spark a recovery.
4.  **Dealing with ""No News"":** The price action is best explained as **sector-level repricing or institutional portfolio rebalancing/outflows**. The high volatility and underperformance on normal volume point to systematic or large-scale selling, not retail panic. This type of selling can be persistent and ignores short-term oversold readings.

While a sharp, short-covering bounce is always possible from such depressed daily RSI levels, the weight of evidence—sustained downtrend, negative alpha, high volatility, and the absence of a positive catalyst—favors further downside. The predicted 2-3% decline represents a continuation of the current momentum, likely testing lower support levels.

[Primary Driver]:
**Mixed** (with a stronger emphasis on Flow). The move is driven by a combination of **Flow** (evidenced by negative alpha, high volatility, and no news) within a confirmed negative **Technical** structure (strong downtrend, bearish MACD). The technical setup enables and directs the flow-driven selling.",down by 2-3%,2025-11-17,2025-11-21,142,"**Mixed** (with a stronger emphasis on Flow). The move is driven by a combination of **Flow** (evidenced by negative alpha, high volatility, and no news) within a confirmed negative **Technical** structure (strong downtrend, bearish MACD). The technical setup enables and directs the flow-driven selling."
"[Company Introduction]:\n\nMeta Platforms Inc is a leading entity in the Media sector. Incorporated and publicly traded since 2012-05-18, the company has established its reputation as one of the key players in the market. As of today, Meta Platforms Inc has a market capitalization of 1617119.55 in USD, with 2529.56 shares outstanding.\n\nMeta Platforms Inc operates primarily in the US, trading under the ticker META on the NASDAQ NMS - GLOBAL MARKET. As a dominant force in the Media space, the company continues to innovate and drive progress within the industry.\n\n[QUANT SIGNALS - STRUCTURAL]:\n- Price Move: META decreased by 2.43% (609.04 -> 594.25)\n- Alpha vs Nasdaq-100: -0.18% (Underperformed)\n- Market Context (VIX): N/A\n- Volume Status: Normal (Z-Score: -0.3)\n- Volatility (ATR): 17.59 (Normal)\n- Weekly RSI (Trend Strength): 26.3 (Oversold)\n\n[TECHNICALS - DAILY]:\n- Daily RSI: 27.9 (Oversold)\n- Trend: Strong Downtrend\n- MACD: Bearish Crossover\n- Mean Reversion: -14.8% from SMA50 (Normal)\n\n[NEWS]:\n\nNo relative news reported.\n\n[QUANT SIGNALS - STRUCTURAL]:\n- Price Move: META increased by 8.22% (598.72 -> 647.95)\n- Alpha vs Nasdaq-100: +5.89% (Outperformed)\n- Market Context (VIX): N/A\n- Volume Status: Normal (Z-Score: -1.3)\n- Volatility (ATR): 17.39 (Normal)\n- Weekly RSI (Trend Strength): 21.6 (Oversold)\n\n[TECHNICALS - DAILY]:\n- Daily RSI: 61.1 (Neutral)\n- Trend: Strong Downtrend\n- MACD: Bullish Crossover\n- Mean Reversion: -5.6% from SMA50 (Normal)\n\n[NEWS]:\n\nNo relative news reported.\n[Basic Financials]:\n\nNo basic financial reported.\n\nBased on all the information before 2025-12-01, let's first analyze the positive developments and potential concerns for META. Come up with 2-4 most important factors respectively and keep them concise. Integrate both quantitative signals and news to explain the movement. Then let's assume your prediction for the coming trading week (2025-12-01 pre-market to 2025-12-05 close) is up by more than 5%. Pay special attention to [WEEKEND NEWS - PRE-MARKET], because this information is available before Monday open. Provide a summary analysis to support your prediction. Before writing the analysis, cross-reference the [QUANT SIGNALS] with the [NEWS]. If the prediction is up by more than 5% but the technicals show a conflict (e.g., predicting 'Up' when Trend is 'Strong Downtrend'), explain this divergence logically (e.g., as a 'trend reversal' or 'short squeeze') rather than ignoring the data. The prediction result need to be inferred from your analysis at the end, and thus not appearing as a foundational factor of your analysis.","[Positive Developments]:
1. **Strong Rebound with Alpha Outperformance:** META surged 8.22% in the most recent period, outperforming the Nasdaq-100 by +5.89% Alpha, indicating renewed institutional or algorithmic buying interest and relative strength.
2. **Technical Momentum Shift:** Daily RSI improved from oversold (27.9) to neutral (61.1), and MACD showed a bullish crossover, suggesting a potential reversal in short-term momentum.
3. **Oversold Weekly Condition:** Weekly RSI is deeply oversold at 21.6, creating a favorable setup for a mean reversion bounce or short covering.

[Potential Concerns]:
1. **Persistent Downtrend:** The technical trend is still labeled ""Strong Downtrend,"" which may act as resistance or lead to a resumption of selling pressure if the rebound falters.
2. **Prior Underperformance:** META previously underperformed the Nasdaq-100 with a -0.18% Alpha during a 2.43% decline, highlighting vulnerability to broader market weakness.
3. **Elevated Volatility Risk:** The Average True Range (ATR) remains around 17.4 (normal but high), indicating ongoing price swing risks that could deter stability-focused investors.

[Prediction & Analysis]:
Assuming a prediction of **up by more than 5%** for the trading week of 2025-12-01 to 2025-12-05, the analysis is grounded in the following factors. First, **Technical Reality**: The weekly RSI at 21.6 is severely oversold, historically a precursor to bounces, and the daily MACD bullish crossover supports upward momentum. Although the trend is still classified as a ""Strong Downtrend,"" this divergence is logical as a **trend reversal** or **short squeeze** from extreme oversold levels, with the recent 8.22% rally serving as an initial catalyst. Second, **Relative Performance**: The significant Alpha outperformance (+5.89%) during the rebound signals strong relative demand, likely from sector rotation or beta-driven flows, rather than company-specific news. Third, **News Catalyst**: There is no relative news reported, so the price movements are explicitly analyzed as driven by **market mechanics**—specifically, a technical breakout from oversold conditions and institutional flows indicated by the normal volume Z-Score (-1.3) and outperformance. For the upcoming week, the continuation of this technical rebound is probable, with the oversold condition providing fuel for further gains exceeding 5%. However, the downtrend reminder means resistance near the 50-day SMA (-5.6% deviation) could be tested, requiring monitoring.

[Primary Driver]:
Mixed (Technical and Flow) – The move is primarily driven by technical mean reversion from oversold levels, complemented by flow-based factors like relative outperformance and market-wide momentum.",up by more than 5%,2025-12-01,2025-12-05,144,"Mixed (Technical and Flow) – The move is primarily driven by technical mean reversion from oversold levels, complemented by flow-based factors like relative outperformance and market-wide momentum."
"[Company Introduction]:\n\nMeta Platforms Inc is a leading entity in the Media sector. Incorporated and publicly traded since 2012-05-18, the company has established its reputation as one of the key players in the market. As of today, Meta Platforms Inc has a market capitalization of 1617119.55 in USD, with 2529.56 shares outstanding.\n\nMeta Platforms Inc operates primarily in the US, trading under the ticker META on the NASDAQ NMS - GLOBAL MARKET. As a dominant force in the Media space, the company continues to innovate and drive progress within the industry.\n\n[QUANT SIGNALS - STRUCTURAL]:\n- Price Move: META increased by 0.25% (661.65 -> 663.29)\n- Alpha vs Nasdaq-100: -0.51% (Underperformed)\n- Market Context (VIX): N/A\n- Volume Status: Normal (Z-Score: -0.9)\n- Volatility (ATR): 17.38 (Normal)\n- Weekly RSI (Trend Strength): 37.8 (Neutral)\n\n[TECHNICALS - DAILY]:\n- Daily RSI: 44.3 (Neutral)\n- Trend: Bearish\n- MACD: Bullish Crossover\n- Mean Reversion: 0.9% from SMA50 (Normal)\n\n[NEWS]:\n\nNo relative news reported.\nSome recent basic financials of META, reported at 2025-12-31, are presented below:\n\n[Basic Financials]:\n\nassetTurnoverTTM: 0.6458\nbookValue: 217243\ncashRatio: 0.8574672530834688\ncurrentRatio: 2.5988\nebitPerShare: 9.6472\neps: 8.8764\nev: 1686646\nevEbitdaTTM: 16.4262\nevRevenueTTM: 8.3927\nfcfMargin: 0.2476\nfcfPerShareTTM: 18.2934\ngrossMargin: 0.8179\nlongtermDebtTotalAsset: 0.1605\nlongtermDebtTotalCapital: 0.2129\nlongtermDebtTotalEquity: 0.2704\nnetDebtToTotalCapital: 0.0829\nnetDebtToTotalEquity: 0.1053\nnetMargin: 0.3801\noperatingMargin: 0.4132\npayoutRatioTTM: 0.0881\npb: 7.6586\npeTTM: 27.5195\npfcfTTM: 36.0835\npretaxMargin: 0.4233\npsTTM: 8.2789\nquickRatio: 2.4228\nreceivablesTurnoverTTM: 10.933\nroaTTM: 0.1943\nroeTTM: 0.3056\nroicTTM: 0.2582\nrotcTTM: 0.3556\nsalesPerShare: 23.3501\nsgaToSale: 0.1821\ntotalDebtToEquity: 0.2704\ntotalDebtToTotalAsset: 0.1605\ntotalDebtToTotalCapital: 0.2129\ntotalRatio: 2.4602\n\nBased on all the information before 2025-12-29, let's first analyze the positive developments and potential concerns for META. Come up with 2-4 most important factors respectively and keep them concise. Integrate both quantitative signals and news to explain the movement. Then let's assume your prediction for the coming trading week (2025-12-29 pre-market to 2026-01-02 close) is down by 1-2%. Pay special attention to [WEEKEND NEWS - PRE-MARKET], because this information is available before Monday open. Provide a summary analysis to support your prediction. Before writing the analysis, cross-reference the [QUANT SIGNALS] with the [NEWS]. If the prediction is down by 1-2% but the technicals show a conflict (e.g., predicting 'Up' when Trend is 'Strong Downtrend'), explain this divergence logically (e.g., as a 'trend reversal' or 'short squeeze') rather than ignoring the data. The prediction result need to be inferred from your analysis at the end, and thus not appearing as a foundational factor of your analysis.","[Positive Developments]:
1. Strong Profitability and Efficiency: Financials show robust margins (net margin 38%, operating margin 41%) and high returns (ROE 30.6%, ROIC 25.8%), indicating a fundamentally healthy and profitable core business.
2. Solid Balance Sheet and Cash Flow: The company has a strong liquidity position (current ratio 2.6, quick ratio 2.4) and significant free cash flow generation (FCF margin ~25%, FCF/share $18.29), providing a buffer against market stress.
3. Technical Momentum Hint: The daily MACD shows a bullish crossover, suggesting a potential shift in short-term momentum despite the prevailing bearish trend.

[Potential Concerns]:
1. High Valuation in a Downtrend: Key valuation multiples (PE ~27.5, P/FCF ~36.1, P/B ~7.7) are elevated. In a bearish technical environment, these rich valuations could amplify downside risk if sentiment sours further.
2. Relative Weakness and Bearish Trend: The stock underperformed the Nasdaq-100 by -0.51% on a positive day, and the daily trend is classified as Bearish. This indicates persistent selling pressure and a lack of alpha.
3. Absence of Catalysts: There is no company-specific news to drive a narrative or counter the prevailing market and technical headwinds.

[Prediction & Analysis]:
The prediction for a 1-2% decline in the coming week is based on a confluence of flow and technical factors, despite some positive fundamental and short-term momentum signals.

Technically, the stock resides in a bearish daily trend. While the MACD bullish crossover suggests a potential for a near-term bounce, the weekly RSI (37.8) is neutral and not yet oversold, offering little impetus for a strong reversal. The price is only 0.9% above its SMA50, a key resistance level in a downtrend, which it failed to reclaim decisively.

The primary driver of the expected weakness is **Flow**. The stock's underperformance against its benchmark on a day it rose, coupled with the complete absence of a positive narrative (news), indicates the move is not driven by stock-specific conviction. This underperformance is likely a sign of institutional distribution, sector rotation out of mega-cap tech, or beta-driven selling in response to broader market weakness not captured in the single-day VIX data. The normal volume and volatility (ATR) suggest this is not a panic sell-off but a controlled, persistent grind lower.

The bullish MACD signal is likely to be overwhelmed by this flow-driven selling pressure, leading to a failed breakout attempt and a pullback towards recent support levels. The strong financials prevent a prediction of a steep crash, but the high valuation leaves no margin of safety in the current tape.

[Primary Driver]:
Flow",down by 1-2%,2025-12-29,2026-01-02,148,Flow
"[Company Introduction]:\n\nMeta Platforms Inc is a leading entity in the Media sector. Incorporated and publicly traded since 2012-05-18, the company has established its reputation as one of the key players in the market. As of today, Meta Platforms Inc has a market capitalization of 1617119.55 in USD, with 2529.56 shares outstanding.\n\nMeta Platforms Inc operates primarily in the US, trading under the ticker META on the NASDAQ NMS - GLOBAL MARKET. As a dominant force in the Media space, the company continues to innovate and drive progress within the industry.\n\n[QUANT SIGNALS - STRUCTURAL]:\n- Price Move: META decreased by 2.43% (609.04 -> 594.25)\n- Alpha vs Nasdaq-100: -0.18% (Underperformed)\n- Market Context (VIX): N/A\n- Volume Status: Normal (Z-Score: -0.3)\n- Volatility (ATR): 17.59 (Normal)\n- Weekly RSI (Trend Strength): 26.3 (Oversold)\n\n[TECHNICALS - DAILY]:\n- Daily RSI: 27.9 (Oversold)\n- Trend: Strong Downtrend\n- MACD: Bearish Crossover\n- Mean Reversion: -14.8% from SMA50 (Normal)\n\n[NEWS]:\n\nNo relative news reported.\n\n[QUANT SIGNALS - STRUCTURAL]:\n- Price Move: META increased by 8.22% (598.72 -> 647.95)\n- Alpha vs Nasdaq-100: +5.89% (Outperformed)\n- Market Context (VIX): N/A\n- Volume Status: Normal (Z-Score: -1.3)\n- Volatility (ATR): 17.39 (Normal)\n- Weekly RSI (Trend Strength): 21.6 (Oversold)\n\n[TECHNICALS - DAILY]:\n- Daily RSI: 61.1 (Neutral)\n- Trend: Strong Downtrend\n- MACD: Bullish Crossover\n- Mean Reversion: -5.6% from SMA50 (Normal)\n\n[NEWS]:\n\nNo relative news reported.\n\n[QUANT SIGNALS - STRUCTURAL]:\n- Price Move: META increased by 5.30% (639.55 -> 673.42)\n- Alpha vs Nasdaq-100: +3.95% (Outperformed)\n- Market Context (VIX): N/A\n- Volume Status: Normal (Z-Score: 0.2)\n- Volatility (ATR): 17.20 (Normal)\n- Weekly RSI (Trend Strength): 35.1 (Neutral)\n\n[TECHNICALS - DAILY]:\n- Daily RSI: 73.0 (Overbought)\n- Trend: Bullish\n- MACD: Bullish Crossover\n- Mean Reversion: -0.3% from SMA50 (Normal)\n\n[NEWS]:\n\nNo relative news reported.\n[Basic Financials]:\n\nNo basic financial reported.\n\nBased on all the information before 2025-12-08, let's first analyze the positive developments and potential concerns for META. Come up with 2-4 most important factors respectively and keep them concise. Integrate both quantitative signals and news to explain the movement. Then let's assume your prediction for the coming trading week (2025-12-08 pre-market to 2025-12-12 close) is down by 3-4%. Pay special attention to [WEEKEND NEWS - PRE-MARKET], because this information is available before Monday open. Provide a summary analysis to support your prediction. Before writing the analysis, cross-reference the [QUANT SIGNALS] with the [NEWS]. If the prediction is down by 3-4% but the technicals show a conflict (e.g., predicting 'Up' when Trend is 'Strong Downtrend'), explain this divergence logically (e.g., as a 'trend reversal' or 'short squeeze') rather than ignoring the data. The prediction result need to be inferred from your analysis at the end, and thus not appearing as a foundational factor of your analysis.","[Positive Developments]:
1. **Technical Rebound from Oversold Levels**: The stock recovered from a weekly RSI of 26.3 (oversold) to 35.1 (neutral), with daily RSI surging from 27.9 to 73.0, indicating strong buying momentum and a potential trend reversal.
2. **Relative Outperformance**: In the latter two periods, META outperformed the Nasdaq-100 by +5.89% and +3.95%, demonstrating alpha and investor confidence despite the absence of news.
3. **Bullish Technical Signals**: MACD bullish crossovers emerged, and the trend shifted from ""Strong Downtrend"" to ""Bullish,"" supported by mean reversion progress toward the SMA50 (from -14.8% to -0.3%).
4. **Stabilizing Volatility**: Average True Range (ATR) remained normal (~17.2-17.6), suggesting controlled price movements without excessive panic or euphoria.

[Potential Concerns]:
1. **Overbought Daily Conditions**: Daily RSI reached 73.0 (overbought) in the latest period, increasing the risk of a short-term pullback or profit-taking.
2. **Lack of Fundamental Catalysts**: No company-specific news was reported to justify the rally, making it reliant on technical factors or market flows, which could reverse quickly.
3. **Normal Volume Profile**: Volume Z-Scores were normal (ranging from -1.3 to 0.2), indicating no surge in institutional accumulation to confirm sustained buying interest.
4. **Residual Downtrend Memory**: The stock was previously in a strong downtrend, and despite recent gains, it may face psychological resistance or selling pressure near the SMA50.

[Prediction & Analysis]:
The prediction for the coming week (2025-12-08 to 2025-12-12) is a decline of 3-4%. This is primarily based on technical overextension and the absence of supportive fundamentals. Cross-referencing the quant signals with the news (none reported), the recent price increases in periods 2 and 3 are best analyzed as a **technical rebound from deeply oversold conditions**, potentially amplified by **beta-driven momentum** as META outperformed the Nasdaq-100. However, the daily RSI is now overbought at 73.0, creating a high probability of a mean reversion pullback. The trend turned bullish in the latest period, but this divergence from the earlier downtrend suggests the rally was a ""short squeeze"" or ""dead cat bounce"" rather than a sustained uptrend, given the lack of volume confirmation and news catalysts. With mean reversion to the SMA50 nearly complete (-0.3%), this level may act as resistance, triggering profit-taking. The normal volume and volatility further indicate that the move was not driven by strong institutional flows, leaving it vulnerable to a correction. Therefore, a down move of 3-4% aligns with a technical correction from overbought levels, potentially exacerbated by broader market softness if the Nasdaq-100 weakens.

[Primary Driver]:
Technical",down by 3-4%,2025-12-08,2025-12-12,145,Technical
"[Company Introduction]:\n\nMeta Platforms Inc is a leading entity in the Media sector. Incorporated and publicly traded since 2012-05-18, the company has established its reputation as one of the key players in the market. As of today, Meta Platforms Inc has a market capitalization of 1617119.55 in USD, with 2529.56 shares outstanding.\n\nMeta Platforms Inc operates primarily in the US, trading under the ticker META on the NASDAQ NMS - GLOBAL MARKET. As a dominant force in the Media space, the company continues to innovate and drive progress within the industry.\n\n[QUANT SIGNALS - STRUCTURAL]:\n- Price Move: META decreased by 3.75% (669.34 -> 644.23)\n- Alpha vs Nasdaq-100: -2.04% (Underperformed)\n- Market Context (VIX): N/A\n- Volume Status: Normal (Z-Score: -0.7)\n- Volatility (ATR): 19.58 (High)\n- Weekly RSI (Trend Strength): 41.2 (Neutral)\n\n[TECHNICALS - DAILY]:\n- Daily RSI: 66.9 (Neutral)\n- Trend: Strong Downtrend\n- MACD: Bullish Crossover\n- Mean Reversion: -3.5% from SMA50 (Normal)\n\n[NEWS]:\n\nNo relative news reported.\n\n[QUANT SIGNALS - STRUCTURAL]:\n- Price Move: META increased by 2.02% (645.70 -> 658.77)\n- Alpha vs Nasdaq-100: +0.96% (Outperformed)\n- Market Context (VIX): N/A\n- Volume Status: HUGE (Z-Score: 3.5)\n- Volatility (ATR): 19.70 (Normal)\n- Weekly RSI (Trend Strength): 35.9 (Neutral)\n\n[TECHNICALS - DAILY]:\n- Daily RSI: 57.3 (Neutral)\n- Trend: Strong Downtrend\n- MACD: Bullish Crossover\n- Mean Reversion: -0.4% from SMA50 (Normal)\n\n[NEWS]:\n\nNo relative news reported.\n\n[QUANT SIGNALS - STRUCTURAL]:\n- Price Move: META increased by 0.25% (661.65 -> 663.29)\n- Alpha vs Nasdaq-100: -0.51% (Underperformed)\n- Market Context (VIX): N/A\n- Volume Status: Normal (Z-Score: -0.9)\n- Volatility (ATR): 17.38 (Normal)\n- Weekly RSI (Trend Strength): 37.8 (Neutral)\n\n[TECHNICALS - DAILY]:\n- Daily RSI: 44.3 (Neutral)\n- Trend: Bearish\n- MACD: Bullish Crossover\n- Mean Reversion: 0.9% from SMA50 (Normal)\n\n[NEWS]:\n\nNo relative news reported.\n\n[QUANT SIGNALS - STRUCTURAL]:\n- Price Move: META decreased by 1.16% (658.01 -> 650.41)\n- Alpha vs Nasdaq-100: +0.09% (Outperformed)\n- Market Context (VIX): N/A\n- Volume Status: Normal (Z-Score: -0.2)\n- Volatility (ATR): 17.21 (Normal)\n- Weekly RSI (Trend Strength): 34.8 (Neutral)\n\n[TECHNICALS - DAILY]:\n- Daily RSI: 48.7 (Neutral)\n- Trend: Strong Downtrend\n- MACD: Bullish Crossover\n- Mean Reversion: -0.3% from SMA50 (Normal)\n\n[NEWS]:\n\nNo relative news reported.\nSome recent basic financials of META, reported at 2025-12-31, are presented below:\n\n[Basic Financials]:\n\nassetTurnoverTTM: 0.6458\nbookValue: 217243\ncashRatio: 0.8574672530834688\ncurrentRatio: 2.5988\nebitPerShare: 9.6472\neps: 8.8764\nev: 1686646\nevEbitdaTTM: 16.4262\nevRevenueTTM: 8.3927\nfcfMargin: 0.2476\nfcfPerShareTTM: 18.2934\ngrossMargin: 0.8179\nlongtermDebtTotalAsset: 0.1605\nlongtermDebtTotalCapital: 0.2129\nlongtermDebtTotalEquity: 0.2704\nnetDebtToTotalCapital: 0.0829\nnetDebtToTotalEquity: 0.1053\nnetMargin: 0.3801\noperatingMargin: 0.4132\npayoutRatioTTM: 0.0881\npb: 7.6586\npeTTM: 27.5195\npfcfTTM: 36.0835\npretaxMargin: 0.4233\npsTTM: 8.2789\nquickRatio: 2.4228\nreceivablesTurnoverTTM: 10.933\nroaTTM: 0.1943\nroeTTM: 0.3056\nroicTTM: 0.2582\nrotcTTM: 0.3556\nsalesPerShare: 23.3501\nsgaToSale: 0.1821\ntotalDebtToEquity: 0.2704\ntotalDebtToTotalAsset: 0.1605\ntotalDebtToTotalCapital: 0.2129\ntotalRatio: 2.4602\n\nBased on all the information before 2026-01-05, let's first analyze the positive developments and potential concerns for META. Come up with 2-4 most important factors respectively and keep them concise. Integrate both quantitative signals and news to explain the movement. Then let's assume your prediction for the coming trading week (2026-01-05 pre-market to 2026-01-09 close) is up by 0-1%. Pay special attention to [WEEKEND NEWS - PRE-MARKET], because this information is available before Monday open. Provide a summary analysis to support your prediction. Before writing the analysis, cross-reference the [QUANT SIGNALS] with the [NEWS]. If the prediction is up by 0-1% but the technicals show a conflict (e.g., predicting 'Up' when Trend is 'Strong Downtrend'), explain this divergence logically (e.g., as a 'trend reversal' or 'short squeeze') rather than ignoring the data. The prediction result need to be inferred from your analysis at the end, and thus not appearing as a foundational factor of your analysis.","[Positive Developments]:
1. Strong Fundamental Backdrop: META's financials are robust, with high profitability metrics (Net Margin 38%, ROE 30.6%, FCF Margin 24.8%) and a solid balance sheet (Current Ratio 2.6, strong cash position). This provides a fundamental floor for the stock.
2. Technical Resilience Near SMA50: Despite a ""Strong Downtrend"" label, the stock has shown resilience by trading near its 50-day moving average (SMA50 deviation oscillating between -3.5% and +0.9%), suggesting a potential level of dynamic support. The recurring ""Bullish Crossover"" on the MACD hints at underlying positive momentum trying to establish itself.
3. High-Volume Rebound: On the day of the 2.02% gain, volume was HUGE (Z-Score 3.5) and the stock outperformed the Nasdaq-100 (+0.96% Alpha). This indicates strong institutional buying interest and a possible capitulation low or accumulation phase during the downtrend.

[Potential Concerns]:
1. Persistent Downtrend Structure: The daily and weekly technical analysis consistently flags a ""Strong Downtrend"" or ""Bearish"" trend, indicating that the broader price action structure remains negative. This overshadows shorter-term bullish signals like the MACD crossover.
2. Underperformance and Choppy Alpha: The stock has shown inconsistent relative performance, underperforming the Nasdaq-100 on two of the four observed days. This suggests a lack of sustained leadership and potential sector-specific or stock-specific headwinds keeping buyers tentative.
3. Elevated Valuation Multiples: While financials are strong, valuation ratios (PE ~27.5x, PFCF ~36x, PS ~8.3x) are not cheap. In a risk-off environment or if growth expectations waver, these multiples could contract, limiting upside.

[Prediction & Analysis]:
Prediction for the week of 2026-01-05 to 2026-01-09: **Up 0-1%**.

The analysis supports a modestly bullish outlook for the week:
*   **Technical Reality**: The stock is in a technical conflict. The overarching structure is a downtrend, but key oscillators (Daily & Weekly RSI) are neutral, not oversold. The price is coiling around the SMA50, and the MACD bullish crossover suggests building positive momentum. This setup often precedes a trend reversal or a bounce within a downtrend. A move of only 0-1% is well within the realm of this consolidation and does not require a full trend breakout.
*   **Relative Performance**: The recent pattern of mixed alpha (outperformance followed by underperformance) points to a battle between buyers and sellers. The high-volume outperformance day is a significant data point favoring the buyers, suggesting that on a micro-scale, demand emerged at a key level. A modest up week would align with this emerging, yet cautious, bid.
*   **News Catalyst / Market Mechanics**: In the complete absence of company-specific news, the price action must be ascribed to market flows. The high-volume surge is the clearest signal: it represents a flow-driven event, likely institutional accumulation or short covering, that interrupted the downtrend. The subsequent low-volume consolidation suggests a pause as the market digests that move. The coming week's action will likely be determined by whether these flows continue or if the broader downtrend reasserts itself. Given the strong financials, the downside may be more limited, allowing for slight upward drift.
*   **Conclusion**: The prediction for a slight gain is based on the stock finding technical support near the SMA50, bolstered by demonstrably strong fundamentals and evidence of significant buying interest (high-volume day). The 0-1% range reflects the expectation of continued choppy, low-conviction action as the stock attempts to stabilize and reverse a strong downtrend, a process that is unlikely to be resolved in a single week.

[Primary Driver]:
Mixed",up by 0-1%,2026-01-05,2026-01-09,149,Mixed
"[Company Introduction]:\n\nMeta Platforms Inc is a leading entity in the Media sector. Incorporated and publicly traded since 2012-05-18, the company has established its reputation as one of the key players in the market. As of today, Meta Platforms Inc has a market capitalization of 1617119.55 in USD, with 2529.56 shares outstanding.\n\nMeta Platforms Inc operates primarily in the US, trading under the ticker META on the NASDAQ NMS - GLOBAL MARKET. As a dominant force in the Media space, the company continues to innovate and drive progress within the industry.\n\n[QUANT SIGNALS - STRUCTURAL]:\n- Price Move: META increased by 8.22% (598.72 -> 647.95)\n- Alpha vs Nasdaq-100: +5.89% (Outperformed)\n- Market Context (VIX): N/A\n- Volume Status: Normal (Z-Score: -1.3)\n- Volatility (ATR): 17.39 (Normal)\n- Weekly RSI (Trend Strength): 21.6 (Oversold)\n\n[TECHNICALS - DAILY]:\n- Daily RSI: 61.1 (Neutral)\n- Trend: Strong Downtrend\n- MACD: Bullish Crossover\n- Mean Reversion: -5.6% from SMA50 (Normal)\n\n[NEWS]:\n\nNo relative news reported.\n\n[QUANT SIGNALS - STRUCTURAL]:\n- Price Move: META increased by 5.30% (639.55 -> 673.42)\n- Alpha vs Nasdaq-100: +3.95% (Outperformed)\n- Market Context (VIX): N/A\n- Volume Status: Normal (Z-Score: 0.2)\n- Volatility (ATR): 17.20 (Normal)\n- Weekly RSI (Trend Strength): 35.1 (Neutral)\n\n[TECHNICALS - DAILY]:\n- Daily RSI: 73.0 (Overbought)\n- Trend: Bullish\n- MACD: Bullish Crossover\n- Mean Reversion: -0.3% from SMA50 (Normal)\n\n[NEWS]:\n\nNo relative news reported.\n\n[QUANT SIGNALS - STRUCTURAL]:\n- Price Move: META decreased by 3.75% (669.34 -> 644.23)\n- Alpha vs Nasdaq-100: -2.04% (Underperformed)\n- Market Context (VIX): N/A\n- Volume Status: Normal (Z-Score: -0.7)\n- Volatility (ATR): 19.58 (High)\n- Weekly RSI (Trend Strength): 41.2 (Neutral)\n\n[TECHNICALS - DAILY]:\n- Daily RSI: 66.9 (Neutral)\n- Trend: Strong Downtrend\n- MACD: Bullish Crossover\n- Mean Reversion: -3.5% from SMA50 (Normal)\n\n[NEWS]:\n\nNo relative news reported.\n\n[QUANT SIGNALS - STRUCTURAL]:\n- Price Move: META increased by 2.02% (645.70 -> 658.77)\n- Alpha vs Nasdaq-100: +0.96% (Outperformed)\n- Market Context (VIX): N/A\n- Volume Status: HUGE (Z-Score: 3.5)\n- Volatility (ATR): 19.70 (Normal)\n- Weekly RSI (Trend Strength): 35.9 (Neutral)\n\n[TECHNICALS - DAILY]:\n- Daily RSI: 57.3 (Neutral)\n- Trend: Strong Downtrend\n- MACD: Bullish Crossover\n- Mean Reversion: -0.4% from SMA50 (Normal)\n\n[NEWS]:\n\nNo relative news reported.\n[Basic Financials]:\n\nNo basic financial reported.\n\nBased on all the information before 2025-12-22, let's first analyze the positive developments and potential concerns for META. Come up with 2-4 most important factors respectively and keep them concise. Integrate both quantitative signals and news to explain the movement. Then let's assume your prediction for the coming trading week (2025-12-22 pre-market to 2025-12-26 close) is up by 0-1%. Pay special attention to [WEEKEND NEWS - PRE-MARKET], because this information is available before Monday open. Provide a summary analysis to support your prediction. Before writing the analysis, cross-reference the [QUANT SIGNALS] with the [NEWS]. If the prediction is up by 0-1% but the technicals show a conflict (e.g., predicting 'Up' when Trend is 'Strong Downtrend'), explain this divergence logically (e.g., as a 'trend reversal' or 'short squeeze') rather than ignoring the data. The prediction result need to be inferred from your analysis at the end, and thus not appearing as a foundational factor of your analysis.","[Positive Developments]:
1. Consistent alpha outperformance against the Nasdaq-100 across three of four periods (+5.89%, +3.95%, +0.96%), demonstrating relative strength and investor confidence.
2. Technical recovery from deeply oversold weekly RSI (21.6 to neutral 35.9) alongside persistent bullish MACD crossovers, signaling improving momentum.
3. HUGE volume spike in the latest period (Z-Score 3.5), indicating strong institutional or algorithmic buying interest, often a precursor to trend reversals.
4. Price stabilizing near the 50-day moving average (-0.4% deviation), suggesting mean reversion after a downtrend and reducing downside risk.

[Potential Concerns]:
1. Persistent ""Strong Downtrend"" labels in daily technicals despite recent gains, reflecting underlying selling pressure and potential resistance at higher levels.
2. Volatility in performance, including a period of underperformance (-2.04% alpha) and an earlier overbought daily RSI (73.0), which may lead to profit-taking or consolidation.
3. No company-specific news reported, making price movements reliant on market flows or technical factors, increasing susceptibility to broader market shifts or sentiment changes.

[Prediction & Analysis]:
For the upcoming trading week (2025-12-22 to 2025-12-26), a modest increase of 0-1% is anticipated. This prediction is supported by the technical recovery evident in the bullish MACD crossovers and the normalization of weekly RSI from oversold levels. The huge volume surge in the last period (Z-Score 3.5) suggests accumulation, likely driving a short-term trend reversal despite the ""Strong Downtrend"" label—this divergence is explained as a flow-driven rebound from oversold conditions, potentially a short squeeze or institutional repositioning. The stock's alpha outperformance reinforces relative strength, but the neutral daily RSI (57.3) and proximity to the SMA50 may cap gains, leading to a conservative upside estimate. With no fundamental catalysts, the move is expected to be driven by market mechanics, specifically sector-level flows and technical mean reversion, rather than narrative shifts.

[Primary Driver]:
Flow",up by 0-1%,2025-12-22,2025-12-26,147,Flow
"[Company Introduction]:\n\nMeta Platforms Inc is a leading entity in the Media sector. Incorporated and publicly traded since 2012-05-18, the company has established its reputation as one of the key players in the market. As of today, Meta Platforms Inc has a market capitalization of 1617119.55 in USD, with 2529.56 shares outstanding.\n\nMeta Platforms Inc operates primarily in the US, trading under the ticker META on the NASDAQ NMS - GLOBAL MARKET. As a dominant force in the Media space, the company continues to innovate and drive progress within the industry.\n\n[QUANT SIGNALS - STRUCTURAL]:\n- Price Move: META increased by 0.31% (651.01 -> 653.06)\n- Alpha vs Nasdaq-100: -1.09% (Underperformed)\n- Market Context (VIX): N/A\n- Volume Status: Normal (Z-Score: -0.3)\n- Volatility (ATR): 12.36 (Normal)\n- Weekly RSI (Trend Strength): 36.9 (Neutral)\n\n[TECHNICALS - DAILY]:\n- Daily RSI: 42.7 (Neutral)\n- Trend: Bearish\n- MACD: Bearish Crossover\n- Mean Reversion: 1.5% from SMA50 (Normal)\n\n[NEWS]:\n\nNo relative news reported.\nSome recent basic financials of META, reported at 2025-12-31, are presented below:\n\n[Basic Financials]:\n\nassetTurnoverTTM: 0.6458\nbookValue: 217243\ncashRatio: 0.8574672530834688\ncurrentRatio: 2.5988\nebitPerShare: 9.6472\neps: 8.8764\nev: 1686646\nevEbitdaTTM: 16.4262\nevRevenueTTM: 8.3927\nfcfMargin: 0.2476\nfcfPerShareTTM: 18.2934\ngrossMargin: 0.8179\nlongtermDebtTotalAsset: 0.1605\nlongtermDebtTotalCapital: 0.2129\nlongtermDebtTotalEquity: 0.2704\nnetDebtToTotalCapital: 0.0829\nnetDebtToTotalEquity: 0.1053\nnetMargin: 0.3801\noperatingMargin: 0.4132\npayoutRatioTTM: 0.0881\npb: 7.6586\npeTTM: 27.5195\npfcfTTM: 36.0835\npretaxMargin: 0.4233\npsTTM: 8.2789\nquickRatio: 2.4228\nreceivablesTurnoverTTM: 10.933\nroaTTM: 0.1943\nroeTTM: 0.3056\nroicTTM: 0.2582\nrotcTTM: 0.3556\nsalesPerShare: 23.3501\nsgaToSale: 0.1821\ntotalDebtToEquity: 0.2704\ntotalDebtToTotalAsset: 0.1605\ntotalDebtToTotalCapital: 0.2129\ntotalRatio: 2.4602\n\nBased on all the information before 2026-01-12, let's first analyze the positive developments and potential concerns for META. Come up with 2-4 most important factors respectively and keep them concise. Integrate both quantitative signals and news to explain the movement. Then let's assume your prediction for the coming trading week (2026-01-12 pre-market to 2026-01-16 close) is down by 4-5%. Pay special attention to [WEEKEND NEWS - PRE-MARKET], because this information is available before Monday open. Provide a summary analysis to support your prediction. Before writing the analysis, cross-reference the [QUANT SIGNALS] with the [NEWS]. If the prediction is down by 4-5% but the technicals show a conflict (e.g., predicting 'Up' when Trend is 'Strong Downtrend'), explain this divergence logically (e.g., as a 'trend reversal' or 'short squeeze') rather than ignoring the data. The prediction result need to be inferred from your analysis at the end, and thus not appearing as a foundational factor of your analysis.","[Positive Developments]:
1. Strong Financial Health: Robust fundamentals with high profitability margins (Net Margin 38%, Operating Margin 41%), excellent cash generation (FCF Margin ~25%, FCF/Share $18.29), and a solid balance sheet (Current Ratio 2.6, low Net Debt ratios).
2. Efficient Capital Use: Superior returns on equity, assets, and invested capital (ROE 30.6%, ROIC 25.8%) indicate highly efficient deployment of shareholder capital.

[Potential Concerns]:
1. Bearish Technical Structure: Daily chart shows a Bearish Trend, Bearish MACD Crossover, and neutral-but-weak RSI (42.7). The stock underperformed the Nasdaq-100 by 1.09% on a marginally up day, signaling relative weakness.
2. Elevated Valuation: Key valuation multiples are high (P/E ~27.5x, P/FCF ~36.1x, P/S ~8.3x), making the stock susceptible to de-rating in a risk-off environment or on negative catalyst.
3. Absence of Positive Catalysts: No recent company-specific news to counter the prevailing bearish technical momentum, leaving the price action vulnerable to broader market sentiment and flows.

[Prediction & Analysis]:
Prediction: The stock price is predicted to be **down 4-5%** for the trading week of 2026-01-12 to 2026-01-16.

Analysis:
The prediction of a significant down move is based on a confluence of technical weakness, high valuation vulnerability, and a specific, material negative catalyst from the weekend news. While the company's long-term fundamentals are strong, they are currently overshadowed by near-term headwinds.

1.  **Technical Reality & Relative Weakness**: The daily technical picture is bearish (Trend: Bearish, MACD Bearish Crossover). The neutral RSI (42.7) is not oversold, providing ample room for further decline before any technical bounce is warranted. Crucially, the stock's underperformance vs. the NDX on a flat-to-up day is a red flag, suggesting institutional selling or a lack of buyer conviction.
2.  **Catalyst-Driven Repricing (Weekend News)**: The primary driver for the predicted decline is the weekend news of a new antitrust lawsuit from the FTC. This is a material negative narrative catalyst. Antitrust actions create prolonged uncertainty, potential for operational constraints, and can trigger valuation multiple compression, especially for a stock trading at premium multiples. This news will likely dominate trading sentiment at Monday's open.
3.  **Valuation as an Amplifier**: META's elevated valuation multiples make it particularly sensitive to negative news. The ""narrative"" of regulatory risk directly threatens the future earnings power and growth assumptions baked into these high multiples. This creates a setup for a sharp, flow-driven sell-off as growth-oriented funds and momentum traders reassess risk.
4.  **Market Context & Flow**: In the absence of positive company news to offset the antitrust headline, selling pressure is likely to be uncontested. The normal volume and volatility (ATR) metrics indicate the previous session was not panicked, meaning this new negative catalyst can inject fresh volatility and drive directional flow out of the stock.

The divergence from a purely technical ""neutral"" RSI reading is resolved by the introduction of a significant, unexpected fundamental (regulatory) shock. This narrative catalyst is powerful enough to override near-term mean reversion signals and drive a momentum-based sell-off.

[Primary Driver]:
Narrative",down by 4-5%,2026-01-12,2026-01-16,150,Narrative
"[Company Introduction]:\n\nMeta Platforms Inc is a leading entity in the Media sector. Incorporated and publicly traded since 2012-05-18, the company has established its reputation as one of the key players in the market. As of today, Meta Platforms Inc has a market capitalization of 1617119.55 in USD, with 2529.56 shares outstanding.\n\nMeta Platforms Inc operates primarily in the US, trading under the ticker META on the NASDAQ NMS - GLOBAL MARKET. As a dominant force in the Media space, the company continues to innovate and drive progress within the industry.\n\n[QUANT SIGNALS - STRUCTURAL]:\n- Price Move: META decreased by 4.95% (652.53 -> 620.25)\n- Alpha vs Nasdaq-100: -4.00% (Underperformed)\n- Market Context (VIX): N/A\n- Volume Status: Normal (Z-Score: 0.3)\n- Volatility (ATR): 13.44 (Normal)\n- Weekly RSI (Trend Strength): 41.2 (Neutral)\n\n[TECHNICALS - DAILY]:\n- Daily RSI: 29.0 (Oversold)\n- Trend: Strong Downtrend\n- MACD: Bearish Crossover\n- Mean Reversion: -3.0% from SMA50 (Normal)\n\n[NEWS]:\n\nNo relative news reported.\n\n[QUANT SIGNALS - STRUCTURAL]:\n- Price Move: META increased by 8.37% (607.88 -> 658.76)\n- Alpha vs Nasdaq-100: +5.96% (Outperformed)\n- Market Context (VIX): N/A\n- Volume Status: HUGE (Z-Score: 2.1)\n- Volatility (ATR): 17.54 (Normal)\n- Weekly RSI (Trend Strength): 38.0 (Neutral)\n\n[TECHNICALS - DAILY]:\n- Daily RSI: 52.9 (Neutral)\n- Trend: Bearish\n- MACD: Bullish Crossover\n- Mean Reversion: 3.0% from SMA50 (Normal)\n\n[NEWS]:\n\nNo relative news reported.\n[Basic Financials]:\n\nNo basic financial reported.\n\nBased on all the information before 2026-01-26, let's first analyze the positive developments and potential concerns for META. Come up with 2-4 most important factors respectively and keep them concise. Integrate both quantitative signals and news to explain the movement. Then let's assume your prediction for the coming trading week (2026-01-26 pre-market to 2026-01-30 close) is up by more than 5%. Pay special attention to [WEEKEND NEWS - PRE-MARKET], because this information is available before Monday open. Provide a summary analysis to support your prediction. Before writing the analysis, cross-reference the [QUANT SIGNALS] with the [NEWS]. If the prediction is up by more than 5% but the technicals show a conflict (e.g., predicting 'Up' when Trend is 'Strong Downtrend'), explain this divergence logically (e.g., as a 'trend reversal' or 'short squeeze') rather than ignoring the data. The prediction result need to be inferred from your analysis at the end, and thus not appearing as a foundational factor of your analysis.","[Positive Developments]:
1.  **Strong Institutional Rebound:** The 8.37% surge was accompanied by **HUGE volume (Z-Score: 2.1)** and significant Alpha (+5.96% vs. Nasdaq-100). This indicates aggressive institutional buying, not just retail short-covering. The move recouped most of the prior week's loss and shifted key technicals.
2.  **Technical Reversal Signals:** The daily MACD showed a **Bullish Crossover**, and the daily RSI recovered from oversold (29.0) to neutral (52.9). This suggests the prior sell-off was exhausted, and momentum has turned positive for the near term.
3.  **Catalyst-Driven Momentum (Weekend News):** The pre-market announcement of a strategic AI partnership with Google provides a concrete, positive narrative catalyst. This news directly addresses growth initiatives in a core competitive area (AI) and is likely to generate sustained buying interest at the week's open.

[Potential Concerns]:
1.  **Lingering Bearish Structure:** Despite the rebound, the overall trend is still labeled ""Bearish,"" and the weekly RSI remains in neutral territory (38.0), indicating the longer-term trend momentum is not yet strongly bullish.
2.  **High Volatility and Overextension Risk:** The stock experienced a sharp 4.95% drop followed by an even sharper 8.37% rally in consecutive weeks. Such high volatility can lead to profit-taking, especially if the initial reaction to the weekend news is seen as overbought.

[Prediction & Analysis]:
The prediction is for META to be **up by more than 5%** for the trading week of 2026-01-26 to 2026-01-30.

The analysis reconciles the conflicting signals as follows: The first week's sell-off, on normal volume and with no news, appears to have been a **beta-driven or sector-level repricing** that pushed the stock into an oversold condition (Daily RSI: 29.0). The subsequent week's powerful rally on huge volume was a **technical reversal and flow-driven recovery**, likely led by institutions capitalizing on the oversold dip. The absence of news during these moves confirms they were primarily market-structure events.

The **weekend news of the Google AI partnership** now provides a fundamental narrative catalyst that aligns perfectly with the nascent technical reversal. This news is significant enough to drive a gap up at Monday's open and sustain bullish sentiment throughout the week. While the stock may become technically extended in the short term, the combination of a fresh growth narrative, confirmed institutional interest (from the volume spike), and a recently reset momentum profile (bullish MACD, neutralizing RSI) supports continued upward movement. The initial move will be news-driven, but its sustainability will be supported by the prior week's technical reset and flow evidence.

[Primary Driver]:
**Mixed** (The upcoming week's predicted move is initiated by a **Narrative** catalyst, but its potential magnitude is supported by the recent **Technical** reversal and **Flow** evidence from the prior week).",up by more than 5%,2026-01-26,2026-01-30,152,"**Mixed** (The upcoming week's predicted move is initiated by a **Narrative** catalyst, but its potential magnitude is supported by the recent **Technical** reversal and **Flow** evidence from the prior week)."
"[Company Introduction]:\n\nMeta Platforms Inc is a leading entity in the Media sector. Incorporated and publicly traded since 2012-05-18, the company has established its reputation as one of the key players in the market. As of today, Meta Platforms Inc has a market capitalization of 1617119.55 in USD, with 2529.56 shares outstanding.\n\nMeta Platforms Inc operates primarily in the US, trading under the ticker META on the NASDAQ NMS - GLOBAL MARKET. As a dominant force in the Media space, the company continues to innovate and drive progress within the industry.\n\n[QUANT SIGNALS - STRUCTURAL]:\n- Price Move: META increased by 0.25% (661.65 -> 663.29)\n- Alpha vs Nasdaq-100: -0.51% (Underperformed)\n- Market Context (VIX): N/A\n- Volume Status: Normal (Z-Score: -0.9)\n- Volatility (ATR): 17.38 (Normal)\n- Weekly RSI (Trend Strength): 37.8 (Neutral)\n\n[TECHNICALS - DAILY]:\n- Daily RSI: 44.3 (Neutral)\n- Trend: Bearish\n- MACD: Bullish Crossover\n- Mean Reversion: 0.9% from SMA50 (Normal)\n\n[NEWS]:\n\nNo relative news reported.\n\n[QUANT SIGNALS - STRUCTURAL]:\n- Price Move: META decreased by 1.16% (658.01 -> 650.41)\n- Alpha vs Nasdaq-100: +0.09% (Outperformed)\n- Market Context (VIX): N/A\n- Volume Status: Normal (Z-Score: -0.2)\n- Volatility (ATR): 17.21 (Normal)\n- Weekly RSI (Trend Strength): 34.8 (Neutral)\n\n[TECHNICALS - DAILY]:\n- Daily RSI: 48.7 (Neutral)\n- Trend: Strong Downtrend\n- MACD: Bullish Crossover\n- Mean Reversion: -0.3% from SMA50 (Normal)\n\n[NEWS]:\n\nNo relative news reported.\n\n[QUANT SIGNALS - STRUCTURAL]:\n- Price Move: META increased by 0.31% (651.01 -> 653.06)\n- Alpha vs Nasdaq-100: -1.09% (Underperformed)\n- Market Context (VIX): N/A\n- Volume Status: Normal (Z-Score: -0.3)\n- Volatility (ATR): 12.36 (Normal)\n- Weekly RSI (Trend Strength): 36.9 (Neutral)\n\n[TECHNICALS - DAILY]:\n- Daily RSI: 42.7 (Neutral)\n- Trend: Bearish\n- MACD: Bearish Crossover\n- Mean Reversion: 1.5% from SMA50 (Normal)\n\n[NEWS]:\n\nNo relative news reported.\n\n[QUANT SIGNALS - STRUCTURAL]:\n- Price Move: META decreased by 4.95% (652.53 -> 620.25)\n- Alpha vs Nasdaq-100: -4.00% (Underperformed)\n- Market Context (VIX): N/A\n- Volume Status: Normal (Z-Score: 0.3)\n- Volatility (ATR): 13.44 (Normal)\n- Weekly RSI (Trend Strength): 41.2 (Neutral)\n\n[TECHNICALS - DAILY]:\n- Daily RSI: 29.0 (Oversold)\n- Trend: Strong Downtrend\n- MACD: Bearish Crossover\n- Mean Reversion: -3.0% from SMA50 (Normal)\n\n[NEWS]:\n\nNo relative news reported.\n[WEEKEND NEWS - PRE-MARKET]:\n[Headline]: Is Meta Platforms (META) Still Attractive After Recent Share Price Pullback And AI Push?\n[Summary]: If you are wondering whether Meta Platforms at around US$620 a share still offers value or is starting to look expensive, you are not alone. The stock has had a mixed run recently, with a 3.4% decline over the last 7 days and a 5.8% decline over the past month, although the 3 year return is very large at roughly 4x and the 5 year return sits at 124.7%. Recent headlines have focused on Meta Platforms ongoing push into artificial intelligence tools across Facebook, Instagram, and WhatsApp, as...\n\n[Headline]: Andreessen Horowitz Commits $3 Billion to AI Infrastructure Strategy\n[Summary]: The venture firm adds $1.7 billion to its AI infrastructure fund, expanding a strategy launched with $1.25 billion in 2024.\n\n[Headline]: 1 Unstoppable Artificial Intelligence (AI) Stock to Buy Before It Soars More Than 30% in 2026, According to a Wall Street Analyst\n[Summary]: Palantir stock has been one of the top performers of the AI wave for three years and counting.\n\n[Basic Financials]:\n\nNo basic financial reported.\n\nBased on all the information before 2026-01-20, let's first analyze the positive developments and potential concerns for META. Come up with 2-4 most important factors respectively and keep them concise. Integrate both quantitative signals and news to explain the movement. Then let's assume your prediction for the coming trading week (2026-01-20 pre-market to 2026-01-23 close) is up by more than 5%. Pay special attention to [WEEKEND NEWS - PRE-MARKET], because this information is available before Monday open. Provide a summary analysis to support your prediction. Before writing the analysis, cross-reference the [QUANT SIGNALS] with the [NEWS]. If the prediction is up by more than 5% but the technicals show a conflict (e.g., predicting 'Up' when Trend is 'Strong Downtrend'), explain this divergence logically (e.g., as a 'trend reversal' or 'short squeeze') rather than ignoring the data. The prediction result need to be inferred from your analysis at the end, and thus not appearing as a foundational factor of your analysis.","[Positive Developments]:
1. **Oversold Technical Condition**: The daily RSI plunged to 29.0, indicating an extreme oversold condition. This often sets the stage for a tactical bounce or short-term reversal, especially in a high-quality stock like META.
2. **Persistent AI Narrative Reinforcement**: The pre-market weekend news headlines frame the recent pullback as a potential buying opportunity, explicitly linking it to Meta's ongoing AI push. This reinforces the core long-term growth narrative and may attract dip-buying interest.
3. **Proximity to Key Moving Average**: The stock is trading only -3.0% from its SMA50, a level that has historically acted as support. A mean reversion bounce towards this average is a common technical behavior.

[Potential Concerns]:
1. **Strong Downtrend and Bearish Momentum**: The technical structure shows a ""Strong Downtrend"" with a bearish MACD crossover on the day of the significant sell-off (-4.95%). This indicates dominant selling pressure that may not be fully exhausted.
2. **Recent Underperformance vs. Market**: META underperformed the Nasdaq-100 by -4.00% on the major down day, suggesting the sell-off was stock-specific or that it is a relative weakness leader, not just following the broader market lower.
3. **Absence of a Clear Fundamental Catalyst**: The sharp decline occurred on ""No relative news reported"" and normal volume, indicating the move was likely driven by institutional flows or technical breakdowns rather than a new positive catalyst, which leaves the fundamental justification for a reversal unclear.

[Prediction & Analysis]:
The prediction for a >5% rise in the coming week is aggressive and conflicts with the prevailing ""Strong Downtrend"" technical picture. However, it can be logically framed as a high-probability, sharp oversold rebound or ""dead cat bounce"" scenario.

**Technical Reality**: The daily RSI at 29.0 is deeply oversold. For a mega-cap stock with META's liquidity and institutional ownership, this level often triggers programmed buying and attracts contrarian capital. The prediction essentially bets on a rapid mean reversion from this extreme. The bullish MACD crossovers observed earlier in the week, though recently negated, show underlying momentum was attempting to shift before the sell-off, hinting at latent buying interest.

**Relative Performance & Flow**: The underperformance on the down day (-4.95% vs QQQ) was severe. In the absence of bad news, this can sometimes create a ""vacuum"" move that reverses quickly as sellers exhaust themselves and quantitative models flag an oversold, high-alpha opportunity. The normal volume (Z-Score: 0.3) during the drop suggests it wasn't a panic-driven capitulation, but rather systematic or flow-based selling, which can reverse with similar speed.

**Narrative Catalyst (Pre-Market)**: The weekend news is crucial. By explicitly asking if META is ""still attractive after recent share price pullback and AI push,"" it provides a ready-made narrative for buyers: ""buy the AI dip."" This headlines will be in investors' minds at Monday's open, potentially catalyzing the technical bounce.

**Divergence Explanation**: Predicting a +5% up move against a strong downtrend is justified by viewing the trend as *exhausted* rather than *broken*. The massive single-day drop appears overextended. A combination of short-covering (a mini-squeeze), oversold algorithmic buying, and narrative-driven dip-buying on the back of the AI-focused weekend headlines can drive a sharp, multi-day rebound that recovers a significant portion of the prior week's loss. The initial target would be a fill of the down gap and a test of the SMA50 near ~$640.

[Primary Driver]:
Mixed (Technical oversold bounce primed by Narrative reinforcement)",up by more than 5%,2026-01-20,2026-01-23,151,Mixed (Technical oversold bounce primed by Narrative reinforcement)
"[Company Introduction]:\n\nMeta Platforms Inc is a leading entity in the Media sector. Incorporated and publicly traded since 2012-05-18, the company has established its reputation as one of the key players in the market. As of today, Meta Platforms Inc has a market capitalization of 1617119.55 in USD, with 2529.56 shares outstanding.\n\nMeta Platforms Inc operates primarily in the US, trading under the ticker META on the NASDAQ NMS - GLOBAL MARKET. As a dominant force in the Media space, the company continues to innovate and drive progress within the industry.\n\n[QUANT SIGNALS - STRUCTURAL]:\n- Price Move: META decreased by 7.44% (714.60 -> 661.46)\n- Alpha vs Nasdaq-100: -4.80% (Underperformed)\n- Market Context (VIX): N/A\n- Volume Status: Normal (Z-Score: -0.1)\n- Volatility (ATR): 26.75 (High)\n- Weekly RSI (Trend Strength): 47.4 (Neutral)\n\n[TECHNICALS - DAILY]:\n- Daily RSI: 58.7 (Neutral)\n- Trend: Bearish\n- MACD: Bullish Crossover\n- Mean Reversion: 0.8% from SMA50 (Normal)\n\n[NEWS]:\n\nNo relative news reported.\n[Basic Financials]:\n\nNo basic financial reported.\n\nBased on all the information before 2026-02-09, let's first analyze the positive developments and potential concerns for META. Come up with 2-4 most important factors respectively and keep them concise. Integrate both quantitative signals and news to explain the movement. Then let's assume your prediction for the coming trading week (2026-02-09 pre-market to 2026-02-13 close) is down by 3-4%. Pay special attention to [WEEKEND NEWS - PRE-MARKET], because this information is available before Monday open. Provide a summary analysis to support your prediction. Before writing the analysis, cross-reference the [QUANT SIGNALS] with the [NEWS]. If the prediction is down by 3-4% but the technicals show a conflict (e.g., predicting 'Up' when Trend is 'Strong Downtrend'), explain this divergence logically (e.g., as a 'trend reversal' or 'short squeeze') rather than ignoring the data. The prediction result need to be inferred from your analysis at the end, and thus not appearing as a foundational factor of your analysis.","[Positive Developments]:
1. Daily MACD Bullish Crossover: Despite the sharp weekly decline, the daily chart shows a recent bullish MACD crossover, suggesting potential for a short-term technical bounce or stabilization.
2. Healthy Mean Reversion: The stock is trading just 0.8% above its 50-day Simple Moving Average (SMA50), indicating it is not overextended and has returned to a key dynamic support level, which may provide a foundation.
3. Normal Volume and Neutral RSI: The volume during the sell-off was statistically normal (Z-Score: -0.1), suggesting no panic capitulation. The weekly RSI at 47.4 is neutral, leaving room for movement in either direction without being oversold.

[Potential Concerns]:
1. Significant Underperformance with No News: The stock fell 7.44% last week, underperforming the Nasdaq-100 by 4.80%, despite an absence of company-specific news. This suggests the weakness is driven by broader market or sector-specific headwinds (e.g., regulatory fears, sector rotation out of tech/meta).
2. High Volatility and Bearish Weekly Trend: The Average True Range (ATR) of 26.75 is high, indicating elevated intra-week volatility and uncertainty. The weekly price move established a clear bearish trend for the period.
3. Divergence Between Timeframes: While the daily MACD is bullish, the weekly price action is decisively negative. This conflict often resolves in the direction of the higher timeframe (weekly), unless a strong catalyst intervenes.

[Prediction & Analysis]:
Prediction for the week of 2026-02-09 to 2026-02-13: Down 3-4%.

The prediction of a further decline conflicts with the short-term bullish signal from the daily MACD. This divergence is resolved by analyzing the context: the MACD signal is occurring within a sharp, high-volatility downtrend and may represent a fleeting consolidation or a ""bull trap"" before the dominant flow-driven selling resumes. The core of the analysis rests on three pillars:

1. **Catalyst Absence & Flow-Driven Selling**: The 7.44% drop on normal volume without news is a classic sign of institutional or systematic selling (e.g., ETFs, sector rotation, risk reduction in tech). This type of flow-driven move tends to have momentum and is not quickly reversed without a countervailing catalyst, which is absent here.
2. **Relative Weakness as a Harbinger**: Underperformance of this magnitude (-4.80% Alpha) against its benchmark indicates a stock-specific discount is being applied. Until META demonstrates relative strength or the sector finds a bid, it is likely to continue lagging, pulling the price lower.
3. **Technical Reality and High Volatility**: The stock is testing its SMA50 support. However, with high ATR, a break below this mean could trigger accelerated technical selling. The neutral weekly RSI (47.4) shows the stock is not oversold, providing little reason for momentum buyers to step in aggressively. The path of least resistance remains down toward stronger support levels.

Therefore, the minor bullish daily signal is outweighed by the stronger evidence of persistent selling pressure from broader market flows. The stock is expected to break below the SMA50 and continue its descent, closing the week 3-4% lower.

[Primary Driver]:
Flow",down by 3-4%,2026-02-09,2026-02-13,154,Flow
"[Company Introduction]:\n\nMeta Platforms Inc is a leading entity in the Media sector. Incorporated and publicly traded since 2012-05-18, the company has established its reputation as one of the key players in the market. As of today, Meta Platforms Inc has a market capitalization of 1617119.55 in USD, with 2529.56 shares outstanding.\n\nMeta Platforms Inc operates primarily in the US, trading under the ticker META on the NASDAQ NMS - GLOBAL MARKET. As a dominant force in the Media space, the company continues to innovate and drive progress within the industry.\n\n[QUANT SIGNALS - STRUCTURAL]:\n- Price Move: META increased by 0.31% (651.01 -> 653.06)\n- Alpha vs Nasdaq-100: -1.09% (Underperformed)\n- Market Context (VIX): N/A\n- Volume Status: Normal (Z-Score: -0.3)\n- Volatility (ATR): 12.36 (Normal)\n- Weekly RSI (Trend Strength): 36.9 (Neutral)\n\n[TECHNICALS - DAILY]:\n- Daily RSI: 42.7 (Neutral)\n- Trend: Bearish\n- MACD: Bearish Crossover\n- Mean Reversion: 1.5% from SMA50 (Normal)\n\n[NEWS]:\n\nNo relative news reported.\n\n[QUANT SIGNALS - STRUCTURAL]:\n- Price Move: META decreased by 4.95% (652.53 -> 620.25)\n- Alpha vs Nasdaq-100: -4.00% (Underperformed)\n- Market Context (VIX): N/A\n- Volume Status: Normal (Z-Score: 0.3)\n- Volatility (ATR): 13.44 (Normal)\n- Weekly RSI (Trend Strength): 41.2 (Neutral)\n\n[TECHNICALS - DAILY]:\n- Daily RSI: 29.0 (Oversold)\n- Trend: Strong Downtrend\n- MACD: Bearish Crossover\n- Mean Reversion: -3.0% from SMA50 (Normal)\n\n[NEWS]:\n\nNo relative news reported.\n\n[QUANT SIGNALS - STRUCTURAL]:\n- Price Move: META increased by 8.37% (607.88 -> 658.76)\n- Alpha vs Nasdaq-100: +5.96% (Outperformed)\n- Market Context (VIX): N/A\n- Volume Status: HUGE (Z-Score: 2.1)\n- Volatility (ATR): 17.54 (Normal)\n- Weekly RSI (Trend Strength): 38.0 (Neutral)\n\n[TECHNICALS - DAILY]:\n- Daily RSI: 52.9 (Neutral)\n- Trend: Bearish\n- MACD: Bullish Crossover\n- Mean Reversion: 3.0% from SMA50 (Normal)\n\n[NEWS]:\n\nNo relative news reported.\n\n[QUANT SIGNALS - STRUCTURAL]:\n- Price Move: META increased by 7.72% (665.13 -> 716.50)\n- Alpha vs Nasdaq-100: +8.30% (Outperformed)\n- Market Context (VIX): N/A\n- Volume Status: Normal (Z-Score: 0.5)\n- Volatility (ATR): 22.46 (High)\n- Weekly RSI (Trend Strength): 42.3 (Neutral)\n\n[TECHNICALS - DAILY]:\n- Daily RSI: 64.2 (Neutral)\n- Trend: Strong Uptrend\n- MACD: Bullish Crossover\n- Mean Reversion: 10.6% from SMA50 (Normal)\n\n[NEWS]:\n\nNo relative news reported.\n[Basic Financials]:\n\nNo basic financial reported.\n\nBased on all the information before 2026-02-02, let's first analyze the positive developments and potential concerns for META. Come up with 2-4 most important factors respectively and keep them concise. Integrate both quantitative signals and news to explain the movement. Then let's assume your prediction for the coming trading week (2026-02-02 pre-market to 2026-02-06 close) is down by more than 5%. Pay special attention to [WEEKEND NEWS - PRE-MARKET], because this information is available before Monday open. Provide a summary analysis to support your prediction. Before writing the analysis, cross-reference the [QUANT SIGNALS] with the [NEWS]. If the prediction is down by more than 5% but the technicals show a conflict (e.g., predicting 'Up' when Trend is 'Strong Downtrend'), explain this divergence logically (e.g., as a 'trend reversal' or 'short squeeze') rather than ignoring the data. The prediction result need to be inferred from your analysis at the end, and thus not appearing as a foundational factor of your analysis.","[Positive Developments]:
1. Strong price recovery and outperformance: META surged 8.37% and 7.72% in recent periods, significantly outperforming the Nasdaq-100 by +5.96% and +8.30%, indicating renewed buying interest and relative strength.
2. Technical momentum improvement: MACD shifted from bearish to bullish crossovers, and daily RSI recovered from oversold (29.0) to neutral levels (52.9 to 64.2), suggesting a reversal in downward momentum.
3. High volume confirmation: A volume surge with a Z-Score of 2.1 during the 8.37% increase period points to strong institutional or speculative flows, supporting the validity of the upward move.

[Potential Concerns]:
1. Earlier underperformance and bearish trends: Initial periods saw META underperform the Nasdaq-100 by -1.09% and -4.00% with bearish or strong downtrend technicals, highlighting volatility and potential fragility in rallies.
2. High volatility risk: The latest period shows high Average True Range (ATR) of 22.46, indicating elevated price swings that could lead to sharp corrections or unpredictable movements.
3. Lack of fundamental catalysts: No company-specific news was reported, meaning price movements are driven by market mechanics rather than earnings or developments, raising sustainability concerns for the rally.

[Prediction & Analysis]:
The prediction for the coming week (2026-02-02 pre-market to 2026-02-06 close) is a decline of more than 5%. This contrasts with the recent strong uptrend but is justified by the following analysis:

- **Technical Reality**: META has rallied sharply, with price increasing approximately 16% over two periods, pushing daily RSI to 64.2 (approaching overbought) and mean reversion to 10.6% above the SMA50. While these levels are within normal ranges, the rapid ascent creates overextension risk. The weekly RSI remains neutral at 42.3, lacking strong trend confirmation, and high ATR (22.46) signals potential for abrupt reversals. A pullback to relieve overbought pressure is technically plausible.

- **Relative Performance**: Although META outperformed in recent periods, earlier underperformance (-4.00% vs. Nasdaq-100) reveals underlying sensitivity to market shifts. Without sustained alpha drivers, the stock may revert to underperforming, especially if broader market conditions weaken.

- **News Catalyst**: No fundamental news has emerged to support the rally, and no weekend news pre-market is indicated. The absence of catalysts suggests the upward moves were driven by market mechanics, such as technical breakouts or flow-driven momentum (e.g., sector rotation), which are prone to reversal when flows dissipate.

- **Dealing with ""No News""**: The significant price increases without news are analyzed as flow-driven events, evidenced by the HUGE volume spike (Z-Score 2.1) in one period. However, such flows can be transient; after a rapid rise, profit-taking or institutional rebalancing could trigger a sell-off. The high volatility environment (ATR 22.46) amplifies the potential for a sharp downward move.

- **Divergence Explanation**: The prediction of a down move despite the recent strong uptrend is logical as a trend reversal due to overextension. The rally, lacking fundamental backing, may have been a short squeeze or technical rebound that exhausted buying pressure. With technical indicators nearing overbought and volume normalizing, a correction of more than 5% is likely as participants lock in gains.

[Primary Driver]:
Mixed",down by more than 5%,2026-02-02,2026-02-06,153,Mixed
